序號,原燃物料代碼,原燃物料名稱,
1,000099,其他,1. 000099 其他
2,010001,水稻,2. 010001 水稻
3,010002,陸稻,3. 010002 陸稻
4,010003,大麥,4. 010003 大麥
5,010004,小麥,5. 010004 小麥
6,010005,花豆,6. 010005 花豆
7,010006,紅豆,7. 010006 紅豆
8,010007,粟（小米）,8. 010007 粟（小米）
9,010008,黑麥,9. 010008 黑麥
10,010009,落花生,10. 010009 落花生
11,010010,蜀黍（高粱）,11. 010010 蜀黍（高粱）
12,010011,綠豆,12. 010011 綠豆
13,010012,大豆(黃豆),13. 010012 大豆(黃豆)
14,010013,毛豆,14. 010013 毛豆
15,010014,蕎麥,15. 010014 蕎麥
16,010015,薏仁,16. 010015 薏仁
17,010016,燕麥,17. 010016 燕麥
18,010017,甘藍,18. 010017 甘藍
19,010018,大甲藺,19. 010018 大甲藺
20,010019,芏苡（三角藺）,20. 010019 芏苡（三角藺）
21,010020,洋麻（鐘麻）,21. 010020 洋麻（鐘麻）
22,010021,苧麻,22. 010021 苧麻
23,010022,蛇麻,23. 010022 蛇麻
24,010023,魚藤,24. 010023 魚藤
25,010024,黃麻,25. 010024 黃麻
26,010025,棉花,26. 010025 棉花
27,010026,瓊麻,27. 010026 瓊麻
28,010027,除蟲菊,28. 010027 除蟲菊
29,010028,芝麻,29. 010028 芝麻
30,010029,亞麻,30. 010029 亞麻
31,010030,油菜籽,31. 010030 油菜籽
32,010031,棕櫚,32. 010031 棕櫚
33,010032,蓖麻籽,33. 010032 蓖麻籽
34,010033,胡桃,34. 010033 胡桃
35,010034,咖啡,35. 010034 咖啡
36,010035,可可豆,36. 010035 可可豆
37,010036,仙草,37. 010036 仙草
38,010037,甜菊,38. 010037 甜菊
39,010038,洛神葵,39. 010038 洛神葵
40,010039,茶葉,40. 010039 茶葉
41,010040,菸草,41. 010040 菸草
42,010041,愛玉子,42. 010041 愛玉子
43,010042,製糖用甘蔗,43. 010042 製糖用甘蔗
44,010043,食用甘蔗,44. 010043 食用甘蔗
45,010044,牧草,45. 010044 牧草
46,010045,桑樹,46. 010045 桑樹
47,010046,胡椒,47. 010046 胡椒
48,010047,花椒,48. 010047 花椒
49,010048,芥末籽,49. 010048 芥末籽
50,010049,香茅草,50. 010049 香茅草
51,010050,茴香,51. 010050 茴香
52,010051,薄荷,52. 010051 薄荷
53,010052,大蒜,53. 010052 大蒜
54,010053,山葵,54. 010053 山葵
55,010054,枸杞,55. 010054 枸杞
56,010055,柴胡,56. 010055 柴胡
57,010056,麥門冬,57. 010056 麥門冬
58,010057,黃蓍,58. 010057 黃蓍
59,010058,靈芝,59. 010058 靈芝
60,010059,當歸,60. 010059 當歸
61,010060,綠肥作物,61. 010060 綠肥作物
62,010061,土壤處理及施肥,62. 010061 土壤處理及施肥
63,010062,番椒（包括甜椒及辣椒）,63. 010062 番椒（包括甜椒及辣椒）
64,010063,蔥類,64. 010063 蔥類
65,010064,薑類,65. 010064 薑類
66,010065,洋蔥,66. 010065 洋蔥
67,010066,玉米,67. 010066 玉米
68,010067,甘藷(地瓜),68. 010067 甘藷(地瓜)
69,010068,山藥,69. 010068 山藥
70,010069,葛鬱金（粉薯）,70. 010069 葛鬱金（粉薯）
71,010070,樹薯,71. 010070 樹薯
72,010071,豆薯,72. 010071 豆薯
73,010072,芋類(芋頭),73. 010072 芋類(芋頭)
74,010073,馬鈴薯,74. 010073 馬鈴薯
75,010074,冬瓜,75. 010074 冬瓜
76,010075,瓜子瓜,76. 010075 瓜子瓜
77,010076,西瓜,77. 010076 西瓜
78,010077,南瓜,78. 010077 南瓜
79,010078,胡瓜,79. 010078 胡瓜
80,010079,苦瓜,80. 010079 苦瓜
81,010080,甜瓜,81. 010080 甜瓜
82,010081,越瓜,82. 010081 越瓜
83,010082,木瓜,83. 010082 木瓜
84,010083,向日葵,84. 010083 向日葵
85,010084,杭菊,85. 010084 杭菊
86,010085,甜菜,86. 010085 甜菜
87,010086,牛蒡,87. 010086 牛蒡
88,010087,玉米筍,88. 010087 玉米筍
89,010088,白菜,89. 010088 白菜
90,010089,竹筍,90. 010089 竹筍
91,010090,豆芽,91. 010090 豆芽
92,010091,芹菜,92. 010091 芹菜
93,010092,花椰菜,93. 010092 花椰菜
94,010093,芥菜,94. 010093 芥菜
95,010094,金針菜,95. 010094 金針菜
96,010095,青花菜,96. 010095 青花菜
97,010096,茄子,97. 010096 茄子
98,010097,韭類,98. 010097 韭類
99,010098,茭白筍,99. 010098 茭白筍
100,010099,其他雜糧,100. 010099 其他雜糧
101,010100,球莖甘藍,101. 010100 球莖甘藍
102,010101,荸薺,102. 010101 荸薺
103,010102,莢豌豆,103. 010102 莢豌豆
104,010103,菱角,104. 010103 菱角
105,010104,菜豆,105. 010104 菜豆
106,010105,蓮子、藕,106. 010105 蓮子、藕
107,010106,甕菜,107. 010106 甕菜
108,010107,蘆筍,108. 010107 蘆筍
109,010108,蘿蔔,109. 010108 蘿蔔
110,010109,蘆薈,110. 010109 蘆薈
111,010110,蕃茄,111. 010110 蕃茄
112,010112,百香果,112. 010112 百香果
113,010113,草莓,113. 010113 草莓
114,010114,李,114. 010114 李
115,010115,杏,115. 010115 杏
116,010116,芒果,116. 010116 芒果
117,010117,果桑,117. 010117 果桑
118,010118,枇杷,118. 010118 枇杷
119,010119,柿,119. 010119 柿
120,010120,柑桔類,120. 010120 柑桔類
121,010121,香蕉,121. 010121 香蕉
122,010122,栗,122. 010122 栗
123,010123,桃,123. 010123 桃
124,010124,荔枝,124. 010124 荔枝
125,010125,梅,125. 010125 梅
126,010126,梨,126. 010126 梨
127,010127,棗,127. 010127 棗
128,010128,番荔枝,128. 010128 番荔枝
129,010129,番石榴,129. 010129 番石榴
130,010130,椰子,130. 010130 椰子
131,010131,楊梅,131. 010131 楊梅
132,010132,楊桃,132. 010132 楊桃
133,010133,葡萄,133. 010133 葡萄
134,010134,鳳梨,134. 010134 鳳梨
135,010135,蓮霧,135. 010135 蓮霧
136,010136,橄欖,136. 010136 橄欖
137,010137,龍眼,137. 010137 龍眼
138,010138,檳榔,138. 010138 檳榔
139,010139,蘋果,139. 010139 蘋果
140,010141,木耳,140. 010141 木耳
141,010142,金針菇,141. 010142 金針菇
142,010143,洋菇,142. 010143 洋菇
143,010144,香菇,143. 010144 香菇
144,010145,草菇,144. 010145 草菇
145,010146,食用菌菇類菌種,145. 010146 食用菌菇類菌種
146,010147,切花植物,146. 010147 切花植物
147,010148,盆景,147. 010148 盆景
148,010149,盆花植物,148. 010149 盆花植物
149,010150,觀葉植物,149. 010150 觀葉植物
150,010151,觀賞水生植物,150. 010151 觀賞水生植物
151,010153,行道樹,151. 010153 行道樹
152,010154,庭園樹木,152. 010154 庭園樹木
153,010155,草皮,153. 010155 草皮
154,010156,觀賞樹木,154. 010156 觀賞樹木
155,010157,種苗,155. 010157 種苗
156,010160,肉牛,156. 010160 肉牛
157,010161,乳牛,157. 010161 乳牛
158,010162,肉豬,158. 010162 肉豬
159,010163,種豬,159. 010163 種豬
160,010164,肉雞,160. 010164 肉雞
161,010165,蛋雞,161. 010165 蛋雞
162,010166,種雞,162. 010166 種雞
163,010167,肉鴨,163. 010167 肉鴨
164,010168,蛋鴨,164. 010168 蛋鴨
165,010169,種鴨,165. 010169 種鴨
166,010170,蛋,166. 010170 蛋
167,010171,羊,167. 010171 羊
168,010172,綿羊,168. 010172 綿羊
169,010173,兔,169. 010173 兔
170,010174,狗,170. 010174 狗
171,010175,馬,171. 010175 馬
172,010176,騾,172. 010176 騾
173,010177,驢,173. 010177 驢
174,010178,鹿,174. 010178 鹿
175,010179,猴,175. 010179 猴
176,010180,狐,176. 010180 狐
177,010181,貂,177. 010181 貂
178,010182,貓,178. 010182 貓
179,010183,栗鼠,179. 010183 栗鼠
180,010184,火雞,180. 010184 火雞
181,010185,珠雞,181. 010185 珠雞
182,010186,鵝,182. 010186 鵝
183,010187,鵪鶉,183. 010187 鵪鶉
184,010188,鴿,184. 010188 鴿
185,010189,蛇,185. 010189 蛇
186,010190,蜂,186. 010190 蜂
187,010191,蠶,187. 010191 蠶
188,010192,蝸牛,188. 010192 蝸牛
189,010193,蚯蚓,189. 010193 蚯蚓
190,010194,觀賞動物,190. 010194 觀賞動物
191,010195,實驗動物,191. 010195 實驗動物
192,010196,野生動物,192. 010196 野生動物
193,010197,表演海獸,193. 010197 表演海獸
194,010199,其他特用作物,194. 010199 其他特用作物
195,010200,苗圃整理,195. 010200 苗圃整理
196,010201,病蟲害防治,196. 010201 病蟲害防治
197,010202,犁土整地,197. 010202 犁土整地
198,010203,農作物種植,198. 010203 農作物種植
199,010204,農作物噴藥,199. 010204 農作物噴藥
200,010205,農作物採收,200. 010205 農作物採收
201,010206,農作物施肥,201. 010206 農作物施肥
202,010207,農作物中耕除草,202. 010207 農作物中耕除草
203,010208,鼠害防除,203. 010208 鼠害防除
204,010209,農產品清洗,204. 010209 農產品清洗
205,010210,農產品分級包裝,205. 010210 農產品分級包裝
206,010211,農產品乾燥調製,206. 010211 農產品乾燥調製
207,010212,家畜剪毛,207. 010212 家畜剪毛
208,010213,家禽孵育,208. 010213 家禽孵育
209,010214,家畜禽配種,209. 010214 家畜禽配種
210,010215,蛋類選洗包裝,210. 010215 蛋類選洗包裝
211,010216,農藥調配,211. 010216 農藥調配
212,010217,農業推廣,212. 010217 農業推廣
213,010218,農工徵集與管理,213. 010218 農工徵集與管理
214,010219,農田給水灌溉與排水,214. 010219 農田給水灌溉與排水
215,010220,殼（穀類）,215. 010220 殼（穀類）
216,010231,再生油品製品,216. 010231 再生油品製品
217,010232,有機質栽培介質,217. 010232 有機質栽培介質
218,010233,油子粕,218. 010233 油子粕
219,010299,其他蔬菜,219. 010299 其他蔬菜
220,010399,其他果樹,220. 010399 其他果樹
221,010499,其他花卉,221. 010499 其他花卉
222,010599,其他農作物,222. 010599 其他農作物
223,010699,其他動物,223. 010699 其他動物
224,010799,其他非食用穀類,224. 010799 其他非食用穀類
225,010899,其他食用穀類,225. 010899 其他食用穀類
226,020001,竹種植,226. 020001 竹種植
227,020002,林木育苗,227. 020002 林木育苗
228,020003,林木採種,228. 020003 林木採種
229,020004,林木撫育,229. 020004 林木撫育
230,020005,林木栽植,230. 020005 林木栽植
231,020006,林木病蟲害防治,231. 020006 林木病蟲害防治
232,020007,山地木材集運,232. 020007 山地木材集運
233,020008,木材溜集,233. 020008 木材溜集
234,020009,包工伐木,234. 020009 包工伐木
235,020010,伐木及粗解,235. 020010 伐木及粗解
236,020011,竹林砍伐,236. 020011 竹林砍伐
237,020012,燒製木炭,237. 020012 燒製木炭
238,020013,薪材採取,238. 020013 薪材採取
239,020014,薪材砍伐,239. 020014 薪材砍伐
240,020015,中藥,240. 020015 中藥
241,020016,昆蟲,241. 020016 昆蟲
242,020017,果實,242. 020017 果實
243,020018,松脂,243. 020018 松脂
244,020019,苔蘚,244. 020019 苔蘚
245,020020,堅果,245. 020020 堅果
246,020021,野菌菇,246. 020021 野菌菇
247,020022,野蠶繭,247. 020022 野蠶繭
248,020023,野蜂蜜,248. 020023 野蜂蜜
249,020024,染料植物,249. 020024 染料植物
250,020025,樹液,250. 020025 樹液
251,020026,樹膠,251. 020026 樹膠
252,020027,樹脂,252. 020027 樹脂
253,020028,蕨類,253. 020028 蕨類
254,020029,檞寄生,254. 020029 檞寄生
255,020030,蟲蠟,255. 020030 蟲蠟
256,020031,藤,256. 020031 藤
257,020032,蘭,257. 020032 蘭
258,020033,觀賞用枝葉,258. 020033 觀賞用枝葉
259,030001,旗魚,259. 030001 旗魚
260,030002,鮪魚,260. 030002 鮪魚
261,030003,鯛魚,261. 030003 鯛魚
262,030004,鰹魚,262. 030004 鰹魚
263,030005,鯖魚,263. 030005 鯖魚
264,030006,魚參魚,264. 030006 魚參魚
265,030007,秋刀魚,265. 030007 秋刀魚
266,030008,魷魚,266. 030008 魷魚
267,030009,雜魚,267. 030009 雜魚
268,030010,魚苗,268. 030010 魚苗
269,030011,貝苗,269. 030011 貝苗
270,030012,蝦,270. 030012 蝦
271,030014,一支釣,271. 030014 一支釣
272,030015,延繩釣,272. 030015 延繩釣
273,030016,曳繩釣,273. 030016 曳繩釣
274,030017,巾著網,274. 030017 巾著網
275,030018,火誘網,275. 030018 火誘網
276,030019,托曳網,276. 030019 托曳網
277,030020,刺網,277. 030020 刺網
278,030021,追逐網,278. 030021 追逐網
279,030022,圍網,279. 030022 圍網
280,030023,定置網,280. 030023 定置網
281,030024,雙船拖網,281. 030024 雙船拖網
282,030025,單船拖網,282. 030025 單船拖網
283,030026,棒受網,283. 030026 棒受網
284,030027,魚鏢,284. 030027 魚鏢
285,030028,籠具,285. 030028 籠具
286,030029,水庫漁撈,286. 030029 水庫漁撈
287,030030,河川漁撈,287. 030030 河川漁撈
288,030031,海洋箱網,288. 030031 海洋箱網
289,030032,水庫湖沼箱網,289. 030032 水庫湖沼箱網
290,030033,淡水魚塭,290. 030033 淡水魚塭
291,030034,鹹水魚塭,291. 030034 鹹水魚塭
292,030035,觀賞魚類,292. 030035 觀賞魚類
293,030099,其他水產,293. 030099 其他水產
294,050001,原油,294. 050001 原油
295,050002,天然氣,295. 050002 天然氣
296,050003,原料油,296. 050003 原料油
297,050004,液化天然氣,297. 050004 液化天然氣
298,060001,瓷土,298. 060001 瓷土
299,060002,火黏土,299. 060002 火黏土
300,060003,黏土,300. 060003 黏土
301,060004,陶土,301. 060004 陶土
302,060006,原料用大理石,302. 060006 原料用大理石
303,060007,石材用大理石,303. 060007 石材用大理石
304,060008,原料用石灰石,304. 060008 原料用石灰石
305,060009,石材用石灰石,305. 060009 石材用石灰石
306,060010,蛇紋石,306. 060010 蛇紋石
307,060011,石膏(含水),307. 060011 石膏(含水)
308,060012,硬石膏(不含水),308. 060012 硬石膏(不含水)
309,060013,白雲石,309. 060013 白雲石
310,060014,土石,310. 060014 土石
311,060015,片麻石,311. 060015 片麻石
312,060016,正長石,312. 060016 正長石
313,060017,玄武石,313. 060017 玄武石
314,060018,石英石,314. 060018 石英石
315,060019,安山石,315. 060019 安山石
316,060020,角閃岩,316. 060020 角閃岩
317,060021,板岩,317. 060021 板岩
318,060022,矽砂礦,318. 060022 矽砂礦
319,060023,花崗石,319. 060023 花崗石
320,060024,砂石,320. 060024 砂石
321,060025,頁岩,321. 060025 頁岩
322,060026,閃長石,322. 060026 閃長石
323,060027,白土,323. 060027 白土
324,060028,輝綠石,324. 060028 輝綠石
325,060030,白雲土,325. 060030 白雲土
326,060031,岩石,326. 060031 岩石
327,060032,爐石,327. 060032 爐石
328,060033,砂石混合物,328. 060033 砂石混合物
329,060036,馬來砂,329. 060036 馬來砂
330,060099,其他土類,330. 060099 其他土類
331,060199,其他石礦,331. 060199 其他石礦
332,060299,其他石粉,332. 060299 其他石粉
333,070001,泥煤,333. 070001 泥煤
334,070002,褐煤,334. 070002 褐煤
335,070003,煙煤,335. 070003 煙煤
336,070004,半煙煤,336. 070004 半煙煤
337,070005,無煙煤,337. 070005 無煙煤
338,070006,生煤,338. 070006 生煤
339,070007,鐵礦(砂),339. 070007 鐵礦(砂)
340,070008,金礦(砂),340. 070008 金礦(砂)
341,070009,銀礦(砂),341. 070009 銀礦(砂)
342,070010,銅礦(砂),342. 070010 銅礦(砂)
343,070011,鋅礦(砂),343. 070011 鋅礦(砂)
344,070012,鍺礦(砂),344. 070012 鍺礦(砂)
345,070013,鋇礦(砂),345. 070013 鋇礦(砂)
346,070014,鉛礦(砂),346. 070014 鉛礦(砂)
347,070015,鎂礦(砂),347. 070015 鎂礦(砂)
348,070016,鋁礦(砂),348. 070016 鋁礦(砂)
349,070017,鈦鐵礦(砂),349. 070017 鈦鐵礦(砂)
350,070018,汞礦(砂),350. 070018 汞礦(砂)
351,070019,晒鹽,351. 070019 晒鹽
352,070020,雲母,352. 070020 雲母
353,070021,硫磺(礦),353. 070021 硫磺(礦)
354,070022,磷礦,354. 070022 磷礦
355,070023,寶石,355. 070023 寶石
356,070024,水晶,356. 070024 水晶
357,070025,玉髓,357. 070025 玉髓
358,070026,石棉,358. 070026 石棉
359,070027,滑石,359. 070027 滑石
360,070028,長石,360. 070028 長石
361,070029,沸石,361. 070029 沸石
362,070030,一般建築用砂,362. 070030 一般建築用砂
363,070031,砂心用樹脂砂,363. 070031 砂心用樹脂砂
364,070032,金紅石,364. 070032 金紅石
365,070033,燒結礦,365. 070033 燒結礦
366,070034,煤焦粉,366. 070034 煤焦粉
367,070099,其他非鐵金屬礦(砂),367. 070099 其他非鐵金屬礦(砂)
368,070199,其他非金屬礦,368. 070199 其他非金屬礦
369,080001,豬肉,369. 080001 豬肉
370,080002,牛肉,370. 080002 牛肉
371,080003,羊肉,371. 080003 羊肉
372,080004,馬肉,372. 080004 馬肉
373,080006,雞肉,373. 080006 雞肉
374,080007,鴨肉,374. 080007 鴨肉
375,080008,鵝肉,375. 080008 鵝肉
376,080010,禽畜雜碎,376. 080010 禽畜雜碎
377,080011,冷凍畜肉,377. 080011 冷凍畜肉
378,080012,冷凍禽肉,378. 080012 冷凍禽肉
379,080013,冷凍禽畜雜碎,379. 080013 冷凍禽畜雜碎
380,080015,脫水肉類,380. 080015 脫水肉類
381,080016,香腸,381. 080016 香腸
382,080017,火腿,382. 080017 火腿
383,080019,冷凍魚類(含肝、卵),383. 080019 冷凍魚類(含肝、卵)
384,080020,冷凍蝦類,384. 080020 冷凍蝦類
385,080021,冷凍魚漿,385. 080021 冷凍魚漿
386,080022,冷凍白燒鰻,386. 080022 冷凍白燒鰻
387,080024,柴魚,387. 080024 柴魚
388,080025,魚粉,388. 080025 魚粉
389,080026,脫水水產食品,389. 080026 脫水水產食品
390,080027,魚子,390. 080027 魚子
391,080028,魚漿,391. 080028 魚漿
392,080029,魚子醬,392. 080029 魚子醬
393,080030,醃漬水產食品,393. 080030 醃漬水產食品
394,080031,冷凍豆類,394. 080031 冷凍豆類
395,080032,冷凍混合蔬菜,395. 080032 冷凍混合蔬菜
396,080034,冷凍果實,396. 080034 冷凍果實
397,080035,脫水蔬菜,397. 080035 脫水蔬菜
398,080036,脫水果實,398. 080036 脫水果實
399,080037,脫水種子,399. 080037 脫水種子
400,080039,醃漬蔬菜,400. 080039 醃漬蔬菜
401,080040,醃漬果實,401. 080040 醃漬果實
402,080042,豆皮,402. 080042 豆皮
403,080043,豆腐,403. 080043 豆腐
404,080044,豆乾,404. 080044 豆乾
405,080045,豆沙(餡),405. 080045 豆沙(餡)
406,080046,素肉(人造肉)產品,406. 080046 素肉(人造肉)產品
407,080047,豆腐乳,407. 080047 豆腐乳
408,080048,豆漿,408. 080048 豆漿
409,080049,豆花,409. 080049 豆花
410,080050,豆豉,410. 080050 豆豉
411,080052,果醬,411. 080052 果醬
412,080053,果膠,412. 080053 果膠
413,080054,果凍,413. 080054 果凍
414,080055,果汁粉,414. 080055 果汁粉
415,080056,花生醬,415. 080056 花生醬
416,080057,乾果,416. 080057 乾果
417,080058,堅果醬,417. 080058 堅果醬
418,080059,蜜餞,418. 080059 蜜餞
419,080060,蔬果濃縮物,419. 080060 蔬果濃縮物
420,080061,去皮蔬果,420. 080061 去皮蔬果
421,080062,生菜沙拉,421. 080062 生菜沙拉
422,080063,豬油脂,422. 080063 豬油脂
423,080065,粗製黃豆油,423. 080065 粗製黃豆油
424,080066,精製黃豆油,424. 080066 精製黃豆油
425,080067,大豆(黃豆)沙拉油,425. 080067 大豆(黃豆)沙拉油
426,080068,花生油,426. 080068 花生油
427,080069,麻油,427. 080069 麻油
428,080070,精製葵花籽油,428. 080070 精製葵花籽油
429,080071,精製油菜籽油,429. 080071 精製油菜籽油
430,080072,橄欖油,430. 080072 橄欖油
431,080073,蓖麻油,431. 080073 蓖麻油
432,080074,亞麻仁油,432. 080074 亞麻仁油
433,080076,人造奶油,433. 080076 人造奶油
434,080077,烤酥油,434. 080077 烤酥油
435,080078,食用油脂混合品或調製品(動植物混合油),435. 080078 食用油脂混合品或調製品(動植物混合油)
436,080079,鮮乳(不加糖),436. 080079 鮮乳(不加糖)
437,080080,保久乳,437. 080080 保久乳
438,080081,高脂乳,438. 080081 高脂乳
439,080082,低脂乳,439. 080082 低脂乳
440,080083,脫脂乳,440. 080083 脫脂乳
441,080084,合成乳（還原乳）,441. 080084 合成乳（還原乳）
442,080085,全脂乳粉,442. 080085 全脂乳粉
443,080086,加糖乳粉,443. 080086 加糖乳粉
444,080087,脫脂乳粉,444. 080087 脫脂乳粉
445,080088,調味乳粉,445. 080088 調味乳粉
446,080090,煉乳,446. 080090 煉乳
447,080091,乳水,447. 080091 乳水
448,080092,乳油,448. 080092 乳油
449,080093,乳酪,449. 080093 乳酪
450,080094,乾酪及凝乳,450. 080094 乾酪及凝乳
451,080095,乾酪素,451. 080095 乾酪素
452,080096,調味乳,452. 080096 調味乳
453,080097,發酵乳,453. 080097 發酵乳
454,080098,優格,454. 080098 優格
455,080099,其他發酵乳品,455. 080099 其他發酵乳品
456,080100,冰淇淋,456. 080100 冰淇淋
457,080101,冰淇淋粉,457. 080101 冰淇淋粉
458,080103,糙米,458. 080103 糙米
459,080104,米,459. 080104 米
460,080106,麵粉,460. 080106 麵粉
461,080107,食用黃豆粉及餅,461. 080107 食用黃豆粉及餅
462,080108,脫脂黃豆粉及餅,462. 080108 脫脂黃豆粉及餅
463,080109,大麥粉,463. 080109 大麥粉
464,080110,可可粉,464. 080110 可可粉
465,080111,巧克力粉,465. 080111 巧克力粉
466,080112,杏仁粉,466. 080112 杏仁粉
467,080113,豆類磨粉,467. 080113 豆類磨粉
468,080114,秈米粉,468. 080114 秈米粉
469,080115,芡粉,469. 080115 芡粉
470,080116,食用預拌粉,470. 080116 食用預拌粉
471,080117,速食穀片,471. 080117 速食穀片
472,080118,速食穀粉,472. 080118 速食穀粉
473,080119,麥麩,473. 080119 麥麩
474,080120,菱粉,474. 080120 菱粉
475,080121,稞麥粉,475. 080121 稞麥粉
476,080122,粳米粉,476. 080122 粳米粉
477,080123,葛粉,477. 080123 葛粉
478,080124,穀類軋片,478. 080124 穀類軋片
479,080125,燕麥粉,479. 080125 燕麥粉
480,080126,蕎麥粉,480. 080126 蕎麥粉
481,080127,薯粉,481. 080127 薯粉
482,080128,薯籤,482. 080128 薯籤
483,080129,薯片,483. 080129 薯片
484,080130,藕粉,484. 080130 藕粉
485,080131,糯米粉,485. 080131 糯米粉
486,080132,麵糰,486. 080132 麵糰
487,080133,玉米粉,487. 080133 玉米粉
488,080135,食用澱粉,488. 080135 食用澱粉
489,080136,澱粉糖,489. 080136 澱粉糖
490,080137,果糖,490. 080137 果糖
491,080138,葡萄糖,491. 080138 葡萄糖
492,080139,麥芽糖,492. 080139 麥芽糖
493,080140,高果糖漿,493. 080140 高果糖漿
494,080141,葡萄糖糖漿,494. 080141 葡萄糖糖漿
495,080142,樹薯粉,495. 080142 樹薯粉
496,080144,配合飼料,496. 080144 配合飼料
497,080145,單一飼料,497. 080145 單一飼料
498,080146,動物性單一飼料,498. 080146 動物性單一飼料
499,080147,植物性單一飼料,499. 080147 植物性單一飼料
500,080148,補助飼料,500. 080148 補助飼料
501,080149,飼料添加物,501. 080149 飼料添加物
502,080150,麵包,502. 080150 麵包
503,080151,餅乾,503. 080151 餅乾
504,080152,蛋糕,504. 080152 蛋糕
505,080153,西點,505. 080153 西點
506,080154,中式茶食,506. 080154 中式茶食
507,080155,米果,507. 080155 米果
508,080156,米香,508. 080156 米香
509,080157,年糕,509. 080157 年糕
510,080158,發糕,510. 080158 發糕
511,080159,麻糬,511. 080159 麻糬
512,080160,蘿蔔糕,512. 080160 蘿蔔糕
513,080161,芋頭糕,513. 080161 芋頭糕
514,080162,糕粿糬類製品,514. 080162 糕粿糬類製品
515,080164,麵條,515. 080164 麵條
516,080165,米粉,516. 080165 米粉
517,080166,冬粉,517. 080166 冬粉
518,080167,粉條,518. 080167 粉條
519,080168,通心粉,519. 080168 通心粉
520,080170,速食麵條,520. 080170 速食麵條
521,080171,速食米粉,521. 080171 速食米粉
522,080172,速食粉條,522. 080172 速食粉條
523,080174,紅糖,523. 080174 紅糖
524,080175,砂糖,524. 080175 砂糖
525,080176,方糖,525. 080176 方糖
526,080177,冰糖,526. 080177 冰糖
527,080178,粉糖,527. 080178 粉糖
528,080179,液糖,528. 080179 液糖
529,080180,糖蜜,529. 080180 糖蜜
530,080181,糖漿,530. 080181 糖漿
531,080182,轉化糖,531. 080182 轉化糖
532,080183,口香糖,532. 080183 口香糖
533,080184,巧克力糖,533. 080184 巧克力糖
534,080185,水果糖,534. 080185 水果糖
535,080186,牛軋糖,535. 080186 牛軋糖
536,080187,牛奶糖,536. 080187 牛奶糖
537,080188,奶油糖,537. 080188 奶油糖
538,080189,花生糖,538. 080189 花生糖
539,080190,軟糖,539. 080190 軟糖
540,080191,硬糖,540. 080191 硬糖
541,080192,糖衣乾果,541. 080192 糖衣乾果
542,080194,完全發酵茶,542. 080194 完全發酵茶
543,080195,不發酵茶,543. 080195 不發酵茶
544,080196,烏龍茶,544. 080196 烏龍茶
545,080197,包種茶,545. 080197 包種茶
546,080198,加味茶,546. 080198 加味茶
547,080199,其他茶製品,547. 080199 其他茶製品
548,080200,紅茶,548. 080200 紅茶
549,080201,香片茶,549. 080201 香片茶
550,080203,綠茶,550. 080203 綠茶
551,080204,味精(麩胺酸鈉),551. 080204 味精(麩胺酸鈉)
552,080205,高鮮味精,552. 080205 高鮮味精
553,080207,高級精鹽,553. 080207 高級精鹽
554,080208,普通精鹽,554. 080208 普通精鹽
555,080209,洗滌鹽,555. 080209 洗滌鹽
556,080210,餐桌鹽,556. 080210 餐桌鹽
557,080211,低鈉鹽,557. 080211 低鈉鹽
558,080212,粗鹽,558. 080212 粗鹽
559,080214,醬油,559. 080214 醬油
560,080215,醬油膏,560. 080215 醬油膏
561,080216,沙拉醬(蛋黃醬),561. 080216 沙拉醬(蛋黃醬)
562,080217,沙茶醬,562. 080217 沙茶醬
563,080218,番茄醬,563. 080218 番茄醬
564,080219,豆瓣醬,564. 080219 豆瓣醬
565,080220,味噌,565. 080220 味噌
566,080221,咖哩醬,566. 080221 咖哩醬
567,080222,咖哩粉,567. 080222 咖哩粉
568,080223,芝麻醬,568. 080223 芝麻醬
569,080224,甜辣醬,569. 080224 甜辣醬
570,080225,黑胡椒醬,570. 080225 黑胡椒醬
571,080226,辣椒醬,571. 080226 辣椒醬
572,080227,蝦醬,572. 080227 蝦醬
573,080228,蝦油,573. 080228 蝦油
574,080229,蘑菇醬,574. 080229 蘑菇醬
575,080230,蘇梅醬,575. 080230 蘇梅醬
576,080231,蠔油,576. 080231 蠔油
577,080233,食用醋,577. 080233 食用醋
578,080234,釀造醋,578. 080234 釀造醋
579,080235,水果醋,579. 080235 水果醋
580,080236,烏醋,580. 080236 烏醋
581,080237,穀類醋,581. 080237 穀類醋
582,080238,薑粉,582. 080238 薑粉
583,080239,蔥粉,583. 080239 蔥粉
584,080240,蒜粉,584. 080240 蒜粉
585,080241,蒜汁,585. 080241 蒜汁
586,080242,辣椒粉,586. 080242 辣椒粉
587,080243,香辛料,587. 080243 香辛料
588,080244,胡椒粉,588. 080244 胡椒粉
589,080245,芥末,589. 080245 芥末
590,080246,山葵膏,590. 080246 山葵膏
591,080248,蘆筍罐頭,591. 080248 蘆筍罐頭
592,080249,洋菇罐頭,592. 080249 洋菇罐頭
593,080250,竹筍罐頭,593. 080250 竹筍罐頭
594,080251,番茄罐頭,594. 080251 番茄罐頭
595,080252,玉米罐頭,595. 080252 玉米罐頭
596,080253,蔬菜罐頭,596. 080253 蔬菜罐頭
597,080255,鳳梨罐頭,597. 080255 鳳梨罐頭
598,080256,水果罐頭,598. 080256 水果罐頭
599,080258,肉類罐頭,599. 080258 肉類罐頭
600,080259,水產品罐頭,600. 080259 水產品罐頭
601,080260,醬菜罐頭,601. 080260 醬菜罐頭
602,080261,素味罐頭,602. 080261 素味罐頭
603,080262,粥類罐頭,603. 080262 粥類罐頭
604,080263,湯類罐頭,604. 080263 湯類罐頭
605,080264,菜餚罐頭,605. 080264 菜餚罐頭
606,080265,點心罐頭,606. 080265 點心罐頭
607,080267,冷凍調理鰻,607. 080267 冷凍調理鰻
608,080268,冷凍水餃,608. 080268 冷凍水餃
609,080269,冷凍粽子,609. 080269 冷凍粽子
610,080270,冷凍披薩,610. 080270 冷凍披薩
611,080271,冷凍盒餐,611. 080271 冷凍盒餐
612,080273,冷凍麵糰,612. 080273 冷凍麵糰
613,080274,冷凍蛋品,613. 080274 冷凍蛋品
614,080276,即食餐食,614. 080276 即食餐食
615,080277,現成菜餚,615. 080277 現成菜餚
616,080278,三明治,616. 080278 三明治
617,080279,蛋製品,617. 080279 蛋製品
618,080280,冰棒,618. 080280 冰棒
619,080281,冰塊,619. 080281 冰塊
620,080283,病患用食品,620. 080283 病患用食品
621,080284,嬰兒配方食品,621. 080284 嬰兒配方食品
622,080285,食用酵素,622. 080285 食用酵素
623,080286,健康食品,623. 080286 健康食品
624,080287,綠藻食品,624. 080287 綠藻食品
625,080288,較大嬰兒配方輔助食品,625. 080288 較大嬰兒配方輔助食品
626,080290,食品添加物,626. 080290 食品添加物
627,080291,白發粉,627. 080291 白發粉
628,080292,奶精,628. 080292 奶精
629,080293,紅麴,629. 080293 紅麴
630,080294,速食粥,630. 080294 速食粥
631,080295,米漿,631. 080295 米漿
632,080296,速食湯,632. 080296 速食湯
633,080297,糊精,633. 080297 糊精
634,080298,酵母粉(含健素類),634. 080298 酵母粉(含健素類)
635,080300,麵筋,635. 080300 麵筋
636,080301,食用膠,636. 080301 食用膠
637,080302,布丁（粉）,637. 080302 布丁（粉）
638,080303,焦糖,638. 080303 焦糖
639,080304,筋膠,639. 080304 筋膠
640,080305,即溶咖啡,640. 080305 即溶咖啡
641,080306,咖啡粉,641. 080306 咖啡粉
642,080307,人造蜂蜜,642. 080307 人造蜂蜜
643,080309,魚鬆,643. 080309 魚鬆
644,080311,炸豬皮,644. 080311 炸豬皮
645,080312,肉汁,645. 080312 肉汁
646,080313,肉凍,646. 080313 肉凍
647,080314,肉鬆,647. 080314 肉鬆
648,080315,肉汁粉,648. 080315 肉汁粉
649,080316,調味牛肉乾,649. 080316 調味牛肉乾
650,080317,調味豬肉乾,650. 080317 調味豬肉乾
651,080321,烹調油,651. 080321 烹調油
652,080322,粗糠,652. 080322 粗糠
653,080323,米糠,653. 080323 米糠
654,080324,蔗糖,654. 080324 蔗糖
655,080326,糖類－碳水化合物,655. 080326 糖類－碳水化合物
656,080399,其他糖類,656. 080399 其他糖類
657,080499,其他肉類,657. 080499 其他肉類
658,080599,其他冷凍肉類,658. 080599 其他冷凍肉類
659,080699,其他醃漬肉類,659. 080699 其他醃漬肉類
660,080799,其他冷凍水產食品,660. 080799 其他冷凍水產食品
661,080899,其他冷凍蔬菜,661. 080899 其他冷凍蔬菜
662,080999,其他脫水食品,662. 080999 其他脫水食品
663,081099,其他醃漬燻食品,663. 081099 其他醃漬燻食品
664,081199,其他豆類加工食品,664. 081199 其他豆類加工食品
665,081299,其他食用動物油脂,665. 081299 其他食用動物油脂
666,081399,其他食用植物油,666. 081399 其他食用植物油
667,081499,其他乳粉,667. 081499 其他乳粉
668,081599,其他乳製品,668. 081599 其他乳製品
669,081699,其他穀物碾製品,669. 081699 其他穀物碾製品
670,081799,其他製粉,670. 081799 其他製粉
671,081899,其他糖製品,671. 081899 其他糖製品
672,081999,其他穀類烘焙製品,672. 081999 其他穀類烘焙製品
673,082099,其他粉條類食品,673. 082099 其他粉條類食品
674,082199,其他速食粉條類製品,674. 082199 其他速食粉條類製品
675,082299,其他糖果,675. 082299 其他糖果
676,082399,其他部分發酵茶,676. 082399 其他部分發酵茶
677,082499,其他胺基酸,677. 082499 其他胺基酸
678,082599,其他鹽(經加工),678. 082599 其他鹽(經加工)
679,082699,其他調味醬,679. 082699 其他調味醬
680,082799,其他調味品(含香辛料),680. 082799 其他調味品(含香辛料)
681,082899,其他蔬菜罐頭,681. 082899 其他蔬菜罐頭
682,082999,其他水果罐頭,682. 082999 其他水果罐頭
683,083099,其他雜項食品罐頭,683. 083099 其他雜項食品罐頭
684,083199,其他冷凍調理食品,684. 083199 其他冷凍調理食品
685,083299,其他雜項冷凍食品,685. 083299 其他雜項冷凍食品
686,083399,其他食用冰製品,686. 083399 其他食用冰製品
687,083499,其他營養保健食品,687. 083499 其他營養保健食品
688,083599,其他雜項米加工食品,688. 083599 其他雜項米加工食品
689,083699,其他雜項農產加工食品,689. 083699 其他雜項農產加工食品
690,083799,其他雜項水產加工食品,690. 083799 其他雜項水產加工食品
691,083899,其他雜項畜產加工食品,691. 083899 其他雜項畜產加工食品
692,083999,未分類其他食品,692. 083999 未分類其他食品
693,090001,啤酒,693. 090001 啤酒
694,090002,黑啤酒,694. 090002 黑啤酒
695,090003,米糧釀製酒,695. 090003 米糧釀製酒
696,090004,水果釀製酒,696. 090004 水果釀製酒
697,090005,米酒,697. 090005 米酒
698,090006,高梁酒,698. 090006 高梁酒
699,090008,水果蒸餾酒,699. 090008 水果蒸餾酒
700,090009,再製酒,700. 090009 再製酒
701,090010,料理酒,701. 090010 料理酒
702,090012,濃縮果蔬汁(果汁、蔬菜汁),702. 090012 濃縮果蔬汁(果汁、蔬菜汁)
703,090013,天然果蔬汁(果汁、蔬菜汁),703. 090013 天然果蔬汁(果汁、蔬菜汁)
704,090014,稀釋果蔬汁(果汁、蔬菜汁),704. 090014 稀釋果蔬汁(果汁、蔬菜汁)
705,090015,清淡果蔬汁(果汁、蔬菜汁),705. 090015 清淡果蔬汁(果汁、蔬菜汁)
706,090017,碳酸飲料,706. 090017 碳酸飲料
707,090018,礦泉水,707. 090018 礦泉水
708,090019,蒸餾水,708. 090019 蒸餾水
709,090020,加味水,709. 090020 加味水
710,090021,包裝飲用水,710. 090021 包裝飲用水
711,090022,運動飲料,711. 090022 運動飲料
712,090023,咖啡飲料,712. 090023 咖啡飲料
713,090024,茶類飲料,713. 090024 茶類飲料
714,090025,麥芽飲料,714. 090025 麥芽飲料
715,090026,醋飲料,715. 090026 醋飲料
716,090027,機能性飲料,716. 090027 機能性飲料
717,090028,鋁箔包飲料,717. 090028 鋁箔包飲料
718,090029,寶特瓶飲料,718. 090029 寶特瓶飲料
719,090031,乳品飲料,719. 090031 乳品飲料
720,090099,其他米糧蒸餾酒,720. 090099 其他米糧蒸餾酒
721,090199,其他酒類,721. 090199 其他酒類
722,090299,其他果蔬類飲料,722. 090299 其他果蔬類飲料
723,090399,其他不含酒精飲料,723. 090399 其他不含酒精飲料
724,100001,濾嘴菸(紙菸),724. 100001 濾嘴菸(紙菸)
725,100002,非濾嘴菸(紙菸),725. 100002 非濾嘴菸(紙菸)
726,100003,雪茄,726. 100003 雪茄
727,100004,菸絲,727. 100004 菸絲
728,100005,鼻菸,728. 100005 鼻菸
729,100006,嚼菸,729. 100006 嚼菸
730,100099,其他菸草製品,730. 100099 其他菸草製品
731,110001,棉紗(原棉85%以上且不含彈性纖維),731. 110001 棉紗(原棉85%以上且不含彈性纖維)
732,110002,棉質彈性紗(原棉85%以上且含彈性纖維),732. 110002 棉質彈性紗(原棉85%以上且含彈性纖維)
733,110003,棉混紡紗(原棉未滿85%且不含彈性纖維),733. 110003 棉混紡紗(原棉未滿85%且不含彈性纖維)
734,110004,棉混紡彈性紗(原棉未滿85%且含彈性纖維),734. 110004 棉混紡彈性紗(原棉未滿85%且含彈性纖維)
735,110005,棉縫線,735. 110005 棉縫線
736,110006,下腳棉,736. 110006 下腳棉
737,110007,碳化羊毛,737. 110007 碳化羊毛
738,110008,羊毛毛條(羊毛85%以上),738. 110008 羊毛毛條(羊毛85%以上)
739,110009,脫脂羊毛,739. 110009 脫脂羊毛
740,110010,羊毛梳毛紗(羊毛85%以上且不含彈性纖維),740. 110010 羊毛梳毛紗(羊毛85%以上且不含彈性纖維)
741,110011,羊毛梳毛彈性紗(羊毛85%以上且含彈性纖維),741. 110011 羊毛梳毛彈性紗(羊毛85%以上且含彈性纖維)
742,110012,羊毛紡毛紗(羊毛85%以上),742. 110012 羊毛紡毛紗(羊毛85%以上)
743,110013,羊毛毛線(羊毛85%以上),743. 110013 羊毛毛線(羊毛85%以上)
744,110014,羊毛混紡梳毛紗(羊毛未滿85%且不含彈性纖維),744. 110014 羊毛混紡梳毛紗(羊毛未滿85%且不含彈性纖維)
745,110015,羊毛混紡梳毛彈性紗(羊毛未滿85%且含彈性纖維),745. 110015 羊毛混紡梳毛彈性紗(羊毛未滿85%且含彈性纖維)
746,110016,羊毛混紡紡毛紗(羊毛未滿85%),746. 110016 羊毛混紡紡毛紗(羊毛未滿85%)
747,110017,羊毛混紡毛線(羊毛未滿85%),747. 110017 羊毛混紡毛線(羊毛未滿85%)
748,110018,下腳毛,748. 110018 下腳毛
749,110020,人纖毛條(人纖85%以上),749. 110020 人纖毛條(人纖85%以上)
750,110021,人纖絲縫線,750. 110021 人纖絲縫線
751,110022,人纖棉縫線,751. 110022 人纖棉縫線
752,110023,梳毛合纖紗(合纖85%以上且不含彈性纖維)－毛紡系,752. 110023 梳毛合纖紗(合纖85%以上且不含彈性纖維)－毛紡系
753,110024,合成纖維彈性加工紗(合纖85%以上且含彈性纖維),753. 110024 合成纖維彈性加工紗(合纖85%以上且含彈性纖維)
754,110025,紡毛合纖紗(合纖85%以上)－毛紡系,754. 110025 紡毛合纖紗(合纖85%以上)－毛紡系
755,110026,聚酯棉紗(聚酯短纖維85%以上且不含彈性纖維),755. 110026 聚酯棉紗(聚酯短纖維85%以上且不含彈性纖維)
756,110027,嫘縈棉紗(嫘縈短纖維85%以上且不含彈性纖維),756. 110027 嫘縈棉紗(嫘縈短纖維85%以上且不含彈性纖維)
757,110028,聚丙烯棉紗(聚丙烯短纖85%以上且不含彈性纖維),757. 110028 聚丙烯棉紗(聚丙烯短纖85%以上且不含彈性纖維)
758,110030,梳毛合纖混紡紗－毛紡系(不含彈性纖維),758. 110030 梳毛合纖混紡紗－毛紡系(不含彈性纖維)
759,110031,紡毛合纖混紡紗－毛紡系,759. 110031 紡毛合纖混紡紗－毛紡系
760,110032,聚酯棉混紡紗(不含彈性纖維),760. 110032 聚酯棉混紡紗(不含彈性纖維)
761,110033,嫘縈棉混紡紗(不含彈性纖維),761. 110033 嫘縈棉混紡紗(不含彈性纖維)
762,110034,聚丙烯棉混紡紗(不含彈性纖維),762. 110034 聚丙烯棉混紡紗(不含彈性纖維)
763,110035,人造棉彈性紗(人造棉50%以上且含彈性纖維),763. 110035 人造棉彈性紗(人造棉50%以上且含彈性纖維)
764,110037,尼龍加工絲(聚醯胺加工絲，不含彈性纖維),764. 110037 尼龍加工絲(聚醯胺加工絲，不含彈性纖維)
765,110038,尼龍彈性複合紗(尼龍絲85%以上且含彈性纖維),765. 110038 尼龍彈性複合紗(尼龍絲85%以上且含彈性纖維)
766,110039,聚酯加工絲(不含彈性纖維),766. 110039 聚酯加工絲(不含彈性纖維)
767,110040,聚酯彈性複合紗(聚酯絲或聚酯加工絲85%以上且含彈性纖維),767. 110040 聚酯彈性複合紗(聚酯絲或聚酯加工絲85%以上且含彈性纖維)
768,110041,聚丙烯加工絲,768. 110041 聚丙烯加工絲
769,110042,聚胺棉紗（線）,769. 110042 聚胺棉紗（線）
770,110043,聚胺棉混紡紗（線）,770. 110043 聚胺棉混紡紗（線）
771,110044,聚丙烯睛棉紗（線）,771. 110044 聚丙烯睛棉紗（線）
772,110045,聚丙烯睛棉混紡紗（線）,772. 110045 聚丙烯睛棉混紡紗（線）
773,110046,聚丙烯睛加工絲,773. 110046 聚丙烯睛加工絲
774,110048,生絲,774. 110048 生絲
775,110049,蠶絲紗(蠶絲85%以上),775. 110049 蠶絲紗(蠶絲85%以上)
776,110050,蠶絲混紡紗(蠶絲未滿85%),776. 110050 蠶絲混紡紗(蠶絲未滿85%)
777,110051,蠶絲線,777. 110051 蠶絲線
778,110052,麻紗(麻85%以上),778. 110052 麻紗(麻85%以上)
779,110053,麻混紡紗(麻未滿85%),779. 110053 麻混紡紗(麻未滿85%)
780,110054,韌性植物纖維,780. 110054 韌性植物纖維
781,110055,棉梭織布(原棉85%以上),781. 110055 棉梭織布(原棉85%以上)
782,110056,棉混紡梭織布(原棉未滿85%),782. 110056 棉混紡梭織布(原棉未滿85%)
783,110057,棉交織梭織布,783. 110057 棉交織梭織布
784,110058,梳毛梭織布(羊毛85%以上),784. 110058 梳毛梭織布(羊毛85%以上)
785,110059,紡毛梭織布(羊毛85%以上),785. 110059 紡毛梭織布(羊毛85%以上)
786,110060,梳毛混紡梭織布(羊毛未滿85%),786. 110060 梳毛混紡梭織布(羊毛未滿85%)
787,110061,紡毛混紡梭織布(羊毛未滿85%),787. 110061 紡毛混紡梭織布(羊毛未滿85%)
788,110063,聚酯絲梭織布(聚酯絲85%以上),788. 110063 聚酯絲梭織布(聚酯絲85%以上)
789,110064,尼龍絲梭織布(尼龍絲85%以上),789. 110064 尼龍絲梭織布(尼龍絲85%以上)
790,110065,嫘縈絲梭織布(縲縈絲85%以上),790. 110065 嫘縈絲梭織布(縲縈絲85%以上)
791,110066,輪胎簾布,791. 110066 輪胎簾布
792,110068,聚酯絲交織布(聚酯絲未滿85%),792. 110068 聚酯絲交織布(聚酯絲未滿85%)
793,110069,尼龍絲交織布(尼龍絲未滿85%),793. 110069 尼龍絲交織布(尼龍絲未滿85%)
794,110071,聚酯棉梭織布(聚酯棉85%以上),794. 110071 聚酯棉梭織布(聚酯棉85%以上)
795,110072,嫘縈棉梭織布(嫘縈棉85%以上),795. 110072 嫘縈棉梭織布(嫘縈棉85%以上)
796,110073,聚丙烯纖維梭織布,796. 110073 聚丙烯纖維梭織布
797,110074,亞克力纖維梭織布,797. 110074 亞克力纖維梭織布
798,110075,芳香族聚醯胺纖維梭織布,798. 110075 芳香族聚醯胺纖維梭織布
799,110076,溶劑型纖維素纖維梭織布,799. 110076 溶劑型纖維素纖維梭織布
800,110078,聚酯棉混紡梭織布(聚酯棉未滿85%),800. 110078 聚酯棉混紡梭織布(聚酯棉未滿85%)
801,110080,玻璃纖維布,801. 110080 玻璃纖維布
802,110081,玻璃纖維帶,802. 110081 玻璃纖維帶
803,110083,經編針織布,803. 110083 經編針織布
804,110084,圓編圈絨(毛巾)布,804. 110084 圓編圈絨(毛巾)布
805,110085,圓編針織布,805. 110085 圓編針織布
806,110087,橫編針織布,806. 110087 橫編針織布
807,110089,蠶絲梭織布(蠶絲85%以上),807. 110089 蠶絲梭織布(蠶絲85%以上)
808,110090,蠶絲交織布(蠶絲未滿85%),808. 110090 蠶絲交織布(蠶絲未滿85%)
809,110091,麻布(麻85%以上),809. 110091 麻布(麻85%以上)
810,110092,麻混紡布(麻未滿85%),810. 110092 麻混紡布(麻未滿85%)
811,110093,化學粘合不織布,811. 110093 化學粘合不織布
812,110094,針軋不織布,812. 110094 針軋不織布
813,110095,針縫(縫錠)不織布,813. 110095 針縫(縫錠)不織布
814,110096,熔噴不織布,814. 110096 熔噴不織布
815,110097,紡粘不織布,815. 110097 紡粘不織布
816,110098,濕式不織布,816. 110098 濕式不織布
817,110099,其他不織布,817. 110099 其他不織布
818,110100,熱風不織布,818. 110100 熱風不織布
819,110101,熱壓不織布,819. 110101 熱壓不織布
820,110102,氣流成網不織布,820. 110102 氣流成網不織布
821,110103,複合不織布,821. 110103 複合不織布
822,110104,水針不織布,822. 110104 水針不織布
823,110105,梭織布(染色整理),823. 110105 梭織布(染色整理)
824,110106,針織布(染色整理),824. 110106 針織布(染色整理)
825,110107,紗絲線(染色整理),825. 110107 紗絲線(染色整理)
826,110108,梭織布(印花整理),826. 110108 梭織布(印花整理)
827,110109,針織布(印花整理),827. 110109 針織布(印花整理)
828,110110,塗布／貼合加工布整理,828. 110110 塗布／貼合加工布整理
829,110112,機織地毯,829. 110112 機織地毯
830,110113,針地毯,830. 110113 針地毯
831,110114,毛毯,831. 110114 毛毯
832,110115,刺繡毛毯,832. 110115 刺繡毛毯
833,110117,毛巾,833. 110117 毛巾
834,110118,浴巾,834. 110118 浴巾
835,110119,毛巾被,835. 110119 毛巾被
836,110121,床單、床罩,836. 110121 床單、床罩
837,110123,帆布袋,837. 110123 帆布袋
838,110124,帆布床,838. 110124 帆布床
839,110125,帆布衣櫃,839. 110125 帆布衣櫃
840,110127,帳蓬,840. 110127 帳蓬
841,110128,傘面,841. 110128 傘面
842,110129,睡袋,842. 110129 睡袋
843,110130,棉被、枕頭、枕套,843. 110130 棉被、枕頭、枕套
844,110131,被套,844. 110131 被套
845,110132,被褥,845. 110132 被褥
846,110133,沙發套,846. 110133 沙發套
847,110134,車套,847. 110134 車套
848,110135,汽車椅套,848. 110135 汽車椅套
849,110136,窗簾,849. 110136 窗簾
850,110137,桌布,850. 110137 桌布
851,110138,耳罩,851. 110138 耳罩
852,110139,口罩,852. 110139 口罩
853,110140,眼罩,853. 110140 眼罩
854,110141,旗幟,854. 110141 旗幟
855,110142,遮陽篷,855. 110142 遮陽篷
856,110143,船帆,856. 110143 船帆
857,110144,救生衣,857. 110144 救生衣
858,110145,濾袋,858. 110145 濾袋
859,110146,尼龍繩索、尼龍纜,859. 110146 尼龍繩索、尼龍纜
860,110147,麻繩索、麻纜,860. 110147 麻繩索、麻纜
861,110148,草繩,861. 110148 草繩
862,110149,棕繩索、棕纜,862. 110149 棕繩索、棕纜
863,110151,吊床網,863. 110151 吊床網
864,110153,漁網,864. 110153 漁網
865,110154,線網,865. 110154 線網
866,110155,繩梯,866. 110155 繩梯
867,110156,蚊帳,867. 110156 蚊帳
868,110157,氈類、掛毯,868. 110157 氈類、掛毯
869,110158,鬆緊帶,869. 110158 鬆緊帶
870,110160,帆布,870. 110160 帆布
871,110161,刺繡布,871. 110161 刺繡布
872,110199,其他未列名毛紗,872. 110199 其他未列名毛紗
873,110299,其他人纖紗,873. 110299 其他人纖紗
874,110399,其他人纖混紡紗(不含彈性纖維),874. 110399 其他人纖混紡紗(不含彈性纖維)
875,110499,其他人纖加工絲,875. 110499 其他人纖加工絲
876,110599,其他未列名毛梭織布,876. 110599 其他未列名毛梭織布
877,110699,其他人纖絲梭織布,877. 110699 其他人纖絲梭織布
878,110799,其他人纖絲交織布(人纖未滿85%),878. 110799 其他人纖絲交織布(人纖未滿85%)
879,110899,其他人纖棉梭織布(人纖棉85%以上),879. 110899 其他人纖棉梭織布(人纖棉85%以上)
880,110999,其他人纖棉混紡梭織布,880. 110999 其他人纖棉混紡梭織布
881,111099,其他玻璃纖維編織物,881. 111099 其他玻璃纖維編織物
882,111199,其他圓編針織布,882. 111199 其他圓編針織布
883,111299,其他針織布,883. 111299 其他針織布
884,111399,其他整理,884. 111399 其他整理
885,111499,其他毯,885. 111499 其他毯
886,111599,其他毛巾物,886. 111599 其他毛巾物
887,111699,其他床單物,887. 111699 其他床單物
888,111799,其他帆布製品,888. 111799 其他帆布製品
889,111899,其他繩索,889. 111899 其他繩索
890,111999,其他纜網,890. 111999 其他纜網
891,112099,其他織帶,891. 112099 其他織帶
892,112199,其他蠶絲織品(不含蠶絲織布),892. 112199 其他蠶絲織品(不含蠶絲織布)
893,112299,其他紡織品,893. 112299 其他紡織品
894,120001,梭織男外衣,894. 120001 梭織男外衣
895,120002,梭織女外衣,895. 120002 梭織女外衣
896,120004,梭織運動服(含泳衣),896. 120004 梭織運動服(含泳衣)
897,120005,梭織男襯衫,897. 120005 梭織男襯衫
898,120006,梭織女襯衫,898. 120006 梭織女襯衫
899,120007,梭織嬰兒衣著及服飾品,899. 120007 梭織嬰兒衣著及服飾品
900,120008,梭織男內衣褲,900. 120008 梭織男內衣褲
901,120009,梭織女內衣褲,901. 120009 梭織女內衣褲
902,120010,梭織睡衣褲,902. 120010 梭織睡衣褲
903,120011,梭織胸罩,903. 120011 梭織胸罩
904,120012,梭織束腹（褲）,904. 120012 梭織束腹（褲）
905,120013,梭織成衣局部加工,905. 120013 梭織成衣局部加工
906,120014,針織男外衣,906. 120014 針織男外衣
907,120015,針織女外衣,907. 120015 針織女外衣
908,120016,針織運動服(含泳衣),908. 120016 針織運動服(含泳衣)
909,120017,針織男襯衫,909. 120017 針織男襯衫
910,120018,針織女襯衫,910. 120018 針織女襯衫
911,120019,針織嬰兒服裝及服飾附屬品,911. 120019 針織嬰兒服裝及服飾附屬品
912,120020,針織毛衣(褲),912. 120020 針織毛衣(褲)
913,120021,針織男內衣褲,913. 120021 針織男內衣褲
914,120022,針織女內衣褲,914. 120022 針織女內衣褲
915,120023,針織睡衣褲,915. 120023 針織睡衣褲
916,120024,針織胸罩,916. 120024 針織胸罩
917,120025,針織束腹（褲）,917. 120025 針織束腹（褲）
918,120026,針織成衣局部加工,918. 120026 針織成衣局部加工
919,120027,短襪,919. 120027 短襪
920,120028,長襪,920. 120028 長襪
921,120029,褲襪,921. 120029 褲襪
922,120031,車縫手套,922. 120031 車縫手套
923,120032,針織手套,923. 120032 針織手套
924,120033,梭織帽,924. 120033 梭織帽
925,120034,針織帽,925. 120034 針織帽
926,120035,草帽,926. 120035 草帽
927,120036,絲絨帽,927. 120036 絲絨帽
928,120037,氈帽,928. 120037 氈帽
929,120038,塑膠編織帽,929. 120038 塑膠編織帽
930,120040,圍巾、頭巾,930. 120040 圍巾、頭巾
931,120041,領帶(結、巾),931. 120041 領帶(結、巾)
932,120042,絲巾、手帕,932. 120042 絲巾、手帕
933,120043,護膝、護脛,933. 120043 護膝、護脛
934,120044,乾洗衣料,934. 120044 乾洗衣料
935,120099,其他梭織外衣,935. 120099 其他梭織外衣
936,120199,其他襪類,936. 120199 其他襪類
937,120299,其他紡織帽,937. 120299 其他紡織帽
938,120399,其他服飾品,938. 120399 其他服飾品
939,130001,牛面皮革,939. 130001 牛面皮革
940,130002,豬面皮革,940. 130002 豬面皮革
941,130004,牛榔皮革,941. 130004 牛榔皮革
942,130005,豬榔皮革,942. 130005 豬榔皮革
943,130007,牛底皮革,943. 130007 牛底皮革
944,130008,豬底皮革,944. 130008 豬底皮革
945,130010,皮革局部加工,945. 130010 皮革局部加工
946,130011,皮製紳士鞋(平鞋),946. 130011 皮製紳士鞋(平鞋)
947,130012,皮製高跟鞋,947. 130012 皮製高跟鞋
948,130013,皮製兒童鞋,948. 130013 皮製兒童鞋
949,130014,皮製運動鞋,949. 130014 皮製運動鞋
950,130015,皮製便鞋,950. 130015 皮製便鞋
951,130016,皮製涼鞋,951. 130016 皮製涼鞋
952,130017,皮製拖鞋,952. 130017 皮製拖鞋
953,130019,塑膠皮製運動鞋,953. 130019 塑膠皮製運動鞋
954,130020,塑膠便鞋,954. 130020 塑膠便鞋
955,130021,塑膠涼鞋,955. 130021 塑膠涼鞋
956,130022,塑膠拖鞋,956. 130022 塑膠拖鞋
957,130024,橡膠鞋,957. 130024 橡膠鞋
958,130025,紡織鞋,958. 130025 紡織鞋
959,130026,皮鞋面,959. 130026 皮鞋面
960,130027,皮鞋零配件,960. 130027 皮鞋零配件
961,130028,塑膠鞋材,961. 130028 塑膠鞋材
962,130029,橡膠鞋材,962. 130029 橡膠鞋材
963,130030,紡織鞋材,963. 130030 紡織鞋材
964,130033,皮製行李箱,964. 130033 皮製行李箱
965,130034,塑膠製行李箱,965. 130034 塑膠製行李箱
966,130035,皮製手提袋(包),966. 130035 皮製手提袋(包)
967,130036,塑膠製手提袋(包),967. 130036 塑膠製手提袋(包)
968,130037,真皮皮夾,968. 130037 真皮皮夾
969,130038,塑膠皮夾,969. 130038 塑膠皮夾
970,130039,紡織及其他材質製行李箱及手提袋,970. 130039 紡織及其他材質製行李箱及手提袋
971,130040,書包,971. 130040 書包
972,130041,背包,972. 130041 背包
973,130042,行李箱及手提袋零配件,973. 130042 行李箱及手提袋零配件
974,130043,皮手套(不含運動皮手套),974. 130043 皮手套(不含運動皮手套)
975,130044,皮衣褲,975. 130044 皮衣褲
976,130045,皮帶,976. 130045 皮帶
977,130046,皮帽,977. 130046 皮帽
978,130099,其他面皮,978. 130099 其他面皮
979,130199,其他榔皮革,979. 130199 其他榔皮革
980,130299,其他底皮革,980. 130299 其他底皮革
981,130399,其他皮製皮鞋,981. 130399 其他皮製皮鞋
982,130499,其他塑膠鞋,982. 130499 其他塑膠鞋
983,130599,其他材料製鞋類,983. 130599 其他材料製鞋類
984,130699,其他材料製鞋材,984. 130699 其他材料製鞋材
985,130799,其他皮革毛皮製品,985. 130799 其他皮革毛皮製品
986,140001,檜木製材,986. 140001 檜木製材
987,140002,橡木製材,987. 140002 橡木製材
988,140004,柳安製材,988. 140004 柳安製材
989,140005,拉敏製材(白木製材),989. 140005 拉敏製材(白木製材)
990,140006,柚木製材,990. 140006 柚木製材
991,140008,柳安素面合板,991. 140008 柳安素面合板
992,140009,拉敏(白木)素面合板,992. 140009 拉敏(白木)素面合板
993,140011,合板貼面,993. 140011 合板貼面
994,140012,木心板,994. 140012 木心板
995,140014,集成材(層積材),995. 140014 集成材(層積材)
996,140015,纖維板,996. 140015 纖維板
997,140016,粒片板(塑合板),997. 140016 粒片板(塑合板)
998,140017,木屑,998. 140017 木屑
999,140019,木門,999. 140019 木門
1000,140020,建築用木製品(木門除外),1000. 140020 建築用木製品(木門除外)
1001,140021,木質容器,1001. 140021 木質容器
1002,140022,竹製品(家具除外),1002. 140022 竹製品(家具除外)
1003,140023,藤製品(家具除外),1003. 140023 藤製品(家具除外)
1004,140024,化粧單板,1004. 140024 化粧單板
1005,140025,竹片,1005. 140025 竹片
1006,140099,其他針葉樹製材,1006. 140099 其他針葉樹製材
1007,140199,其他闊葉樹製材,1007. 140199 其他闊葉樹製材
1008,140299,其他素面合板,1008. 140299 其他素面合板
1009,140399,其他加工合板,1009. 140399 其他加工合板
1010,140499,其他組合木材,1010. 140499 其他組合木材
1011,140599,其他木製品(家具除外),1011. 140599 其他木製品(家具除外)
1012,140699,其他竹藤類,1012. 140699 其他竹藤類
1013,150001,木漿,1013. 150001 木漿
1014,150002,廢紙漿(自用漿除外),1014. 150002 廢紙漿(自用漿除外)
1015,150004,銅版紙,1015. 150004 銅版紙
1016,150005,塗佈紙,1016. 150005 塗佈紙
1017,150006,印刷書寫用紙,1017. 150006 印刷書寫用紙
1018,150007,新聞紙,1018. 150007 新聞紙
1019,150008,單光紙(招貼紙),1019. 150008 單光紙(招貼紙)
1020,150010,包裝用紙,1020. 150010 包裝用紙
1021,150011,宣紙,1021. 150011 宣紙
1022,150012,棉紙,1022. 150012 棉紙
1023,150014,捲煙紙,1023. 150014 捲煙紙
1024,150015,牛皮紙,1024. 150015 牛皮紙
1025,150017,裱面紙板(牛皮紙板),1025. 150017 裱面紙板(牛皮紙板)
1026,150018,白紙板,1026. 150018 白紙板
1027,150019,瓦楞芯紙,1027. 150019 瓦楞芯紙
1028,150021,水泥紙袋,1028. 150021 水泥紙袋
1029,150023,瓦楞紙箱(板),1029. 150023 瓦楞紙箱(板)
1030,150025,衛生紙,1030. 150025 衛生紙
1031,150026,面紙,1031. 150026 面紙
1032,150027,紙巾、紙餐巾,1032. 150027 紙巾、紙餐巾
1033,150029,紙尿布(含片、褲),1033. 150029 紙尿布(含片、褲)
1034,150030,衛生棉(護墊),1034. 150030 衛生棉(護墊)
1035,150031,化妝棉,1035. 150031 化妝棉
1036,150032,影印紙,1036. 150032 影印紙
1037,150033,電腦報表紙,1037. 150033 電腦報表紙
1038,150034,膠質紙(不含紙黏膠帶),1038. 150034 膠質紙(不含紙黏膠帶)
1039,150035,玻璃紙,1039. 150035 玻璃紙
1040,150036,神紙（冥紙）,1040. 150036 神紙（冥紙）
1041,150037,基紙,1041. 150037 基紙
1042,150038,感光紙(相紙),1042. 150038 感光紙(相紙)
1043,150041,化學紙漿,1043. 150041 化學紙漿
1044,150042,半化學紙漿,1044. 150042 半化學紙漿
1045,150043,機械紙漿,1045. 150043 機械紙漿
1046,150044,擦手紙,1046. 150044 擦手紙
1047,150045,銅西卡紙,1047. 150045 銅西卡紙
1048,150046,西卡紙,1048. 150046 西卡紙
1049,150047,紙管紙板,1049. 150047 紙管紙板
1050,150099,其他紙漿,1050. 150099 其他紙漿
1051,150199,其他文化用紙,1051. 150199 其他文化用紙
1052,150299,其他中式紙張,1052. 150299 其他中式紙張
1053,150399,其他紙張,1053. 150399 其他紙張
1054,150499,其他紙板,1054. 150499 其他紙板
1055,150599,其他紙袋,1055. 150599 其他紙袋
1056,150699,其他紙容器,1056. 150699 其他紙容器
1057,150799,其他家庭用紙,1057. 150799 其他家庭用紙
1058,150899,其他加工紙,1058. 150899 其他加工紙
1059,150999,其他紙製品,1059. 150999 其他紙製品
1060,160001,書籍印刷品,1060. 160001 書籍印刷品
1061,160002,報紙印刷品,1061. 160002 報紙印刷品
1062,160003,名片印製品,1062. 160003 名片印製品
1063,160004,貼紙印製品,1063. 160004 貼紙印製品
1064,160005,喜帖印製品,1064. 160005 喜帖印製品
1065,160006,皮革材印刷品,1065. 160006 皮革材印刷品
1066,160007,金屬材印刷品,1066. 160007 金屬材印刷品
1067,160008,塑膠材印刷品,1067. 160008 塑膠材印刷品
1068,160009,樹脂材印刷品,1068. 160009 樹脂材印刷品
1069,160010,橡膠材印刷品,1069. 160010 橡膠材印刷品
1070,160013,製版品,1070. 160013 製版品
1071,160014,印刷品裝訂及代工,1071. 160014 印刷品裝訂及代工
1072,160015,印刷版,1072. 160015 印刷版
1073,160016,母版,1073. 160016 母版
1074,160017,光碟複製,1074. 160017 光碟複製
1075,160018,唱片複製,1075. 160018 唱片複製
1076,160019,錄音帶複製,1076. 160019 錄音帶複製
1077,160020,錄影帶複製,1077. 160020 錄影帶複製
1078,160021,銘版印刷品,1078. 160021 銘版印刷品
1079,160022,建材印刷品,1079. 160022 建材印刷品
1080,160023,玻璃、陶瓷印刷品,1080. 160023 玻璃、陶瓷印刷品
1081,160024,木板印刷品,1081. 160024 木板印刷品
1082,160026,標籤、商標印刷品,1082. 160026 標籤、商標印刷品
1083,160027,證券、帳冊、商業表格印刷品,1083. 160027 證券、帳冊、商業表格印刷品
1084,160099,其他材質印刷品,1084. 160099 其他材質印刷品
1085,160199,其他印刷品,1085. 160199 其他印刷品
1086,170001,車用汽油,1086. 170001 車用汽油
1087,170002,航空汽油,1087. 170002 航空汽油
1088,170004,航空燃油,1088. 170004 航空燃油
1089,170005,煤油,1089. 170005 煤油
1090,170006,柴油,1090. 170006 柴油
1091,170007,生質柴油,1091. 170007 生質柴油
1092,170008,燃料油,1092. 170008 燃料油
1093,170009,潤滑油基礎油,1093. 170009 潤滑油基礎油
1094,170010,潤滑油,1094. 170010 潤滑油
1095,170011,石油腦(輕油),1095. 170011 石油腦(輕油)
1096,170012,溶劑油,1096. 170012 溶劑油
1097,170013,片狀柏油(瀝青),1097. 170013 片狀柏油(瀝青)
1098,170014,乳狀瀝青，柏油,1098. 170014 乳狀瀝青，柏油
1099,170015,塊狀瀝青，柏油,1099. 170015 塊狀瀝青，柏油
1100,170016,瀝青膠泥,1100. 170016 瀝青膠泥
1101,170017,柏油(瀝青),1101. 170017 柏油(瀝青)
1102,170018,１～３號重油,1102. 170018 １～３號重油
1103,170019,４～６號重油,1103. 170019 ４～６號重油
1104,170020,淬火油,1104. 170020 淬火油
1105,170021,礦物油,1105. 170021 礦物油
1106,170022,防銹油,1106. 170022 防銹油
1107,170023,去漬油,1107. 170023 去漬油
1108,170024,油壓油,1108. 170024 油壓油
1109,170025,伸線油,1109. 170025 伸線油
1110,170026,切削油,1110. 170026 切削油
1111,170027,石蠟,1111. 170027 石蠟
1112,170028,焦炭,1112. 170028 焦炭
1113,170029,石油焦,1113. 170029 石油焦
1114,170030,高級汽油,1114. 170030 高級汽油
1115,170031,92無鉛汽油,1115. 170031 92無鉛汽油
1116,170032,95無鉛汽油,1116. 170032 95無鉛汽油
1117,170033,98無鉛汽油,1117. 170033 98無鉛汽油
1118,170034,甲種漁船用油,1118. 170034 甲種漁船用油
1119,170035,機油,1119. 170035 機油
1120,170036,石油腦(重油),1120. 170036 石油腦(重油)
1121,170037,輕製氣油,1121. 170037 輕製氣油
1122,170038,下腳油燃料,1122. 170038 下腳油燃料
1123,170039,矽油,1123. 170039 矽油
1124,170040,二行程無鉛汽油,1124. 170040 二行程無鉛汽油
1125,170041,油渣,1125. 170041 油渣
1126,170042,煤塔,1126. 170042 煤塔
1127,170043,燃料油摻配用之脂肪酸甲酯,1127. 170043 燃料油摻配用之脂肪酸甲酯
1128,170044,固體再生燃料(SRF),1128. 170044 固體再生燃料(SRF)
1129,170099,其他汽油,1129. 170099 其他汽油
1130,170199,其他石油煉製品,1130. 170199 其他石油煉製品
1131,170299,其他石油及煤製品,1131. 170299 其他石油及煤製品
1132,170399,其他燃料,1132. 170399 其他燃料
1133,170499,其他瀝青,1133. 170499 其他瀝青
1134,180001,氧氣,1134. 180001 氧氣
1135,180002,液氧,1135. 180002 液氧
1136,180003,氫氣,1136. 180003 氫氣
1137,180004,氮氣,1137. 180004 氮氣
1138,180005,液氮,1138. 180005 液氮
1139,180006,氯氣,1139. 180006 氯氣
1140,180007,液氯,1140. 180007 液氯
1141,180008,氬氣,1141. 180008 氬氣
1142,180009,液氫,1142. 180009 液氫
1143,180010,液氬,1143. 180010 液氬
1144,180011,氖氣,1144. 180011 氖氣
1145,180012,氦氣,1145. 180012 氦氣
1146,180013,液氦,1146. 180013 液氦
1147,180014,二氧化碳,1147. 180014 二氧化碳
1148,180015,二氧化硫,1148. 180015 二氧化硫
1149,180016,一氧化氮,1149. 180016 一氧化氮
1150,180017,笑氣,1150. 180017 笑氣
1151,180018,乾冰,1151. 180018 乾冰
1152,180019,混合氣,1152. 180019 混合氣
1153,180020,冷凍用氣體,1153. 180020 冷凍用氣體
1154,180021,硫,1154. 180021 硫
1155,180022,汞,1155. 180022 汞
1156,180023,鋰,1156. 180023 鋰
1157,180024,鈉,1157. 180024 鈉
1158,180025,碘,1158. 180025 碘
1159,180026,磷,1159. 180026 磷
1160,180027,放射性同位元素,1160. 180027 放射性同位元素
1161,180029,發煙硫酸,1161. 180029 發煙硫酸
1162,180030,濃硫酸,1162. 180030 濃硫酸
1163,180031,氫氯酸(鹽酸HCl),1163. 180031 氫氯酸(鹽酸HCl)
1164,180032,硝酸,1164. 180032 硝酸
1165,180033,磷酸,1165. 180033 磷酸
1166,180034,氫氟酸,1166. 180034 氫氟酸
1167,180035,亞磷酸,1167. 180035 亞磷酸
1168,180036,鉻酸,1168. 180036 鉻酸
1169,180037,硼酸,1169. 180037 硼酸
1170,180038,碳酸,1170. 180038 碳酸
1171,180039,亞硫酸,1171. 180039 亞硫酸
1172,180041,氫氧化鈉(燒鹼/片鹼/苛性鈉),1172. 180041 氫氧化鈉(燒鹼/片鹼/苛性鈉)
1173,180042,液鹼,1173. 180042 液鹼
1174,180043,氫氧化鉀,1174. 180043 氫氧化鉀
1175,180044,氫氧化鋁,1175. 180044 氫氧化鋁
1176,180045,氫氧化鈷,1176. 180045 氫氧化鈷
1177,180046,氫氧化銅,1177. 180046 氫氧化銅
1178,180047,氫氧化鎂(Mg(OH)2),1178. 180047 氫氧化鎂(Mg(OH)2)
1179,180049,氧化鋁,1179. 180049 氧化鋁
1180,180050,氧化鋅,1180. 180050 氧化鋅
1181,180051,氧化鈷,1181. 180051 氧化鈷
1182,180052,氧化銅,1182. 180052 氧化銅
1183,180053,氧化亞銅,1183. 180053 氧化亞銅
1184,180054,氧化鉛,1184. 180054 氧化鉛
1185,180055,氧化錫,1185. 180055 氧化錫
1186,180056,氧化鐵,1186. 180056 氧化鐵
1187,180057,氧化鎂(MgO),1187. 180057 氧化鎂(MgO)
1188,180058,氧化鎳,1188. 180058 氧化鎳
1189,180059,一氧化鉛(密陀僧/鉛黃),1189. 180059 一氧化鉛(密陀僧/鉛黃)
1190,180060,過氧化氫,1190. 180060 過氧化氫
1191,180061,二氧化鈦,1191. 180061 二氧化鈦
1192,180062,二氧化矽,1192. 180062 二氧化矽
1193,180063,三氧化鉻,1193. 180063 三氧化鉻
1194,180064,三氧化二鋁,1194. 180064 三氧化二鋁
1195,180065,白煙(白炭煙/水合二氧化矽),1195. 180065 白煙(白炭煙/水合二氧化矽)
1196,180067,硫酸鋁,1196. 180067 硫酸鋁
1197,180068,硫酸鈉(芒硝),1197. 180068 硫酸鈉(芒硝)
1198,180069,硫酸鉀,1198. 180069 硫酸鉀
1199,180070,硫酸鎳,1199. 180070 硫酸鎳
1200,180071,硫酸銅,1200. 180071 硫酸銅
1201,180072,硫酸鋇,1201. 180072 硫酸鋇
1202,180073,硫酸鋅,1202. 180073 硫酸鋅
1203,180074,硫酸鎂,1203. 180074 硫酸鎂
1204,180075,硫酸汞,1204. 180075 硫酸汞
1205,180076,硫酸鐵(Fe2(SO4)3),1205. 180076 硫酸鐵(Fe2(SO4)3)
1206,180077,硫酸鈣(CaSO4）,1206. 180077 硫酸鈣(CaSO4）
1207,180078,硫酸銨((NH4)2SO4),1207. 180078 硫酸銨((NH4)2SO4)
1208,180079,硫酸亞鐵(FeSO4/綠礬/鐵礬),1208. 180079 硫酸亞鐵(FeSO4/綠礬/鐵礬)
1209,180080,硫酸亞錫,1209. 180080 硫酸亞錫
1210,180081,過硫酸鈉,1210. 180081 過硫酸鈉
1211,180082,過硫酸銨,1211. 180082 過硫酸銨
1212,180083,重亞硫酸鈉,1212. 180083 重亞硫酸鈉
1213,180084,硫代硫酸鈉(NaS2O3),1213. 180084 硫代硫酸鈉(NaS2O3)
1214,180087,氰化鈉,1214. 180087 氰化鈉
1215,180088,氰化鉀,1215. 180088 氰化鉀
1216,180089,氰化鋅,1216. 180089 氰化鋅
1217,180090,氰化銀,1217. 180090 氰化銀
1218,180091,氰化銅,1218. 180091 氰化銅
1219,180092,氰化亞銅,1219. 180092 氰化亞銅
1220,180093,硫化鐵,1220. 180093 硫化鐵
1221,180094,硫化氫,1221. 180094 硫化氫
1222,180095,硫化鈉,1222. 180095 硫化鈉
1223,180096,二硫化碳,1223. 180096 二硫化碳
1224,180097,硫酐,1224. 180097 硫酐
1225,180098,亞硫酸鈉(Na2SO3),1225. 180098 亞硫酸鈉(Na2SO3)
1226,180100,偏亞硫酸氫鈉,1226. 180100 偏亞硫酸氫鈉
1227,180101,硝酸鉀,1227. 180101 硝酸鉀
1228,180102,硝酸銀,1228. 180102 硝酸銀
1229,180103,硝酸鈉（硝石，NaNO3）,1229. 180103 硝酸鈉（硝石，NaNO3）
1230,180104,氯化鋅,1230. 180104 氯化鋅
1231,180105,氯化鐵(FeCl3),1231. 180105 氯化鐵(FeCl3)
1232,180106,氯化亞鐵,1232. 180106 氯化亞鐵
1233,180107,氯化鋁(AlCl3),1233. 180107 氯化鋁(AlCl3)
1234,180108,氯化鎳,1234. 180108 氯化鎳
1235,180109,氯化銨,1235. 180109 氯化銨
1236,180110,氯化鈉,1236. 180110 氯化鈉
1237,180111,氯化鉀,1237. 180111 氯化鉀
1238,180112,氯化鎂,1238. 180112 氯化鎂
1239,180113,氯化鈣,1239. 180113 氯化鈣
1240,180114,三氯化硼,1240. 180114 三氯化硼
1241,180115,三氯化磷,1241. 180115 三氯化磷
1242,180116,四氯化碳,1242. 180116 四氯化碳
1243,180117,氟化矽,1243. 180117 氟化矽
1244,180118,氟化鈣,1244. 180118 氟化鈣
1245,180119,氟化氫(HF),1245. 180119 氟化氫(HF)
1246,180120,氟化銨,1246. 180120 氟化銨
1247,180121,氟化硼,1247. 180121 氟化硼
1248,180122,六氟化硫,1248. 180122 六氟化硫
1249,180123,三氟化氮,1249. 180123 三氟化氮
1250,180124,碘化鉀,1250. 180124 碘化鉀
1251,180125,氯酸鉀(洋硝),1251. 180125 氯酸鉀(洋硝)
1252,180126,氯酸鋇,1252. 180126 氯酸鋇
1253,180127,次氯酸鈉,1253. 180127 次氯酸鈉
1254,180128,磷銅,1254. 180128 磷銅
1255,180129,磷化氫,1255. 180129 磷化氫
1256,180130,磷酸鋅,1256. 180130 磷酸鋅
1257,180131,磷酸鈉,1257. 180131 磷酸鈉
1258,180132,磷酸銨,1258. 180132 磷酸銨
1259,180133,磷酸二鈣,1259. 180133 磷酸二鈣
1260,180134,磷酸脂,1260. 180134 磷酸脂
1261,180135,三聚磷酸鈉,1261. 180135 三聚磷酸鈉
1262,180136,焦磷酸鉀,1262. 180136 焦磷酸鉀
1263,180137,矽酸鈉(水玻璃),1263. 180137 矽酸鈉(水玻璃)
1264,180138,矽酸鉛,1264. 180138 矽酸鉛
1265,180139,碳酸鈉(純鹼),1265. 180139 碳酸鈉(純鹼)
1266,180140,碳酸鉀,1266. 180140 碳酸鉀
1267,180141,碳酸鈣,1267. 180141 碳酸鈣
1268,180142,碳酸銅,1268. 180142 碳酸銅
1269,180143,碳酸鋇,1269. 180143 碳酸鋇
1270,180144,碳酸鎂,1270. 180144 碳酸鎂
1271,180145,碳酸亞鎳,1271. 180145 碳酸亞鎳
1272,180146,碳酸氫鈉(小蘇打),1272. 180146 碳酸氫鈉(小蘇打)
1273,180147,重碳酸鈉,1273. 180147 重碳酸鈉
1274,180148,乙酸鈉,1274. 180148 乙酸鈉
1275,180149,醋酸錳,1275. 180149 醋酸錳
1276,180150,硼酸鈉(硼砂Borax ),1276. 180150 硼酸鈉(硼砂Borax )
1277,180151,鈾酸鈉,1277. 180151 鈾酸鈉
1278,180152,鉬酸鈉,1278. 180152 鉬酸鈉
1279,180153,銻酸鈉,1279. 180153 銻酸鈉
1280,180154,鋁酸鈉,1280. 180154 鋁酸鈉
1281,180155,錫酸鈉,1281. 180155 錫酸鈉
1282,180156,矽氟酸鈉,1282. 180156 矽氟酸鈉
1283,180157,高錳酸鉀,1283. 180157 高錳酸鉀
1284,180158,重鉻酸鈉,1284. 180158 重鉻酸鈉
1285,180159,重鉻酸鉀,1285. 180159 重鉻酸鉀
1286,180160,鉛丹,1286. 180160 鉛丹
1287,180161,鈰鹽,1287. 180161 鈰鹽
1288,180162,亞硫酸氫鈉(NaHSO3),1288. 180162 亞硫酸氫鈉(NaHSO3)
1289,180163,碳化鈣(電石),1289. 180163 碳化鈣(電石)
1290,180164,碳黑,1290. 180164 碳黑
1291,180165,木焦油,1291. 180165 木焦油
1292,180166,抗凍醇,1292. 180166 抗凍醇
1293,180167,糖精,1293. 180167 糖精
1294,180168,油酸,1294. 180168 油酸
1295,180169,枸椽酸,1295. 180169 枸椽酸
1296,180170,香茅酮,1296. 180170 香茅酮
1297,180171,氯礦酸,1297. 180171 氯礦酸
1298,180172,赤血鹽,1298. 180172 赤血鹽
1299,180173,黃血鹽,1299. 180173 黃血鹽
1300,180174,高分子聚合物(Polymer),1300. 180174 高分子聚合物(Polymer)
1301,180175,聚氯化鋁(多元氯化鋁/PAC),1301. 180175 聚氯化鋁(多元氯化鋁/PAC)
1302,180176,石化甲烷,1302. 180176 石化甲烷
1303,180177,甲烷,1303. 180177 甲烷
1304,180178,乙烷,1304. 180178 乙烷
1305,180179,丙烷,1305. 180179 丙烷
1306,180180,丁烷,1306. 180180 丁烷
1307,180181,戊烷,1307. 180181 戊烷
1308,180182,正己烷,1308. 180182 正己烷
1309,180183,庚烷,1309. 180183 庚烷
1310,180184,乙烯,1310. 180184 乙烯
1311,180185,丙烯,1311. 180185 丙烯
1312,180186,丁烯,1312. 180186 丁烯
1313,180188,異戊二烯,1313. 180188 異戊二烯
1314,180189,異丁烯,1314. 180189 異丁烯
1315,180190,苯乙烯,1315. 180190 苯乙烯
1316,180191,乙炔,1316. 180191 乙炔
1317,180192,α-烯烴,1317. 180192 α-烯烴
1318,180193,正烷烴,1318. 180193 正烷烴
1319,180195,苯,1319. 180195 苯
1320,180196,甲苯,1320. 180196 甲苯
1321,180197,乙苯,1321. 180197 乙苯
1322,180198,混合二甲苯,1322. 180198 混合二甲苯
1323,180199,其他烷苯,1323. 180199 其他烷苯
1324,180200,鄰二甲苯(OX),1324. 180200 鄰二甲苯(OX)
1325,180201,對二乙苯,1325. 180201 對二乙苯
1326,180202,十二烷苯,1326. 180202 十二烷苯
1327,180203,對二甲苯(PX),1327. 180203 對二甲苯(PX)
1328,180204,異丙苯,1328. 180204 異丙苯
1329,180205,環己烷,1329. 180205 環己烷
1330,180207,奈,1330. 180207 奈
1331,180208,毗啶,1331. 180208 毗啶
1332,180210,氯乙烯,1332. 180210 氯乙烯
1333,180211,氯乙烯單體(VCM),1333. 180211 氯乙烯單體(VCM)
1334,180212,氯丙烯,1334. 180212 氯丙烯
1335,180213,氟氯碳化物(CFC),1335. 180213 氟氯碳化物(CFC)
1336,180214,六氟丁二烯,1336. 180214 六氟丁二烯
1337,180215,氯化甲烷,1337. 180215 氯化甲烷
1338,180216,二氯甲烷,1338. 180216 二氯甲烷
1339,180217,三氯甲烷（氯仿）,1339. 180217 三氯甲烷（氯仿）
1340,180218,二氯乙烷(EDC),1340. 180218 二氯乙烷(EDC)
1341,180219,三氯乙烷,1341. 180219 三氯乙烷
1342,180220,二氯乙烯,1342. 180220 二氯乙烯
1343,180221,偏二氯乙烯,1343. 180221 偏二氯乙烯
1344,180222,三氯乙烯,1344. 180222 三氯乙烯
1345,180223,四氯乙烯,1345. 180223 四氯乙烯
1346,180224,二氯矽烷,1346. 180224 二氯矽烷
1347,180225,矽甲烷(SiH4),1347. 180225 矽甲烷(SiH4)
1348,180226,苯乙烯單體(SM),1348. 180226 苯乙烯單體(SM)
1349,180227,亞硝基烴,1349. 180227 亞硝基烴
1350,180228,脂肪酸,1350. 180228 脂肪酸
1351,180229,硬脂酸,1351. 180229 硬脂酸
1352,180230,酒石酸鹽,1352. 180230 酒石酸鹽
1353,180231,α-甲基苯乙烯,1353. 180231 α-甲基苯乙烯
1354,180232,硝基烴,1354. 180232 硝基烴
1355,180233,二異氰酸二苯甲烷,1355. 180233 二異氰酸二苯甲烷
1356,180234,線性烷基磺酸化物(LAS),1356. 180234 線性烷基磺酸化物(LAS)
1357,180235,烷基苯磺酸類,1357. 180235 烷基苯磺酸類
1358,180236,磺酸類,1358. 180236 磺酸類
1359,180237,對苯二甲酸(PTA),1359. 180237 對苯二甲酸(PTA)
1360,180238,苯甲酸(安息香酸),1360. 180238 苯甲酸(安息香酸)
1361,180239,安息香酸鈉(苯甲酸鈉),1361. 180239 安息香酸鈉(苯甲酸鈉)
1362,180240,硬脂酸鎂,1362. 180240 硬脂酸鎂
1363,180241,硬脂酸鋅,1363. 180241 硬脂酸鋅
1364,180242,檸檬酸鈉,1364. 180242 檸檬酸鈉
1365,180244,環氧乙烷(EO),1365. 180244 環氧乙烷(EO)
1366,180245,環氧丙烷,1366. 180245 環氧丙烷
1367,180246,環氧氯丙烷(ECH),1367. 180246 環氧氯丙烷(ECH)
1368,180247,甲基第三丁基醚(MTBE),1368. 180247 甲基第三丁基醚(MTBE)
1369,180248,二甲醚(DME),1369. 180248 二甲醚(DME)
1370,180249,二丁醚(DBE),1370. 180249 二丁醚(DBE)
1371,180250,四氫夫喃(THF),1371. 180250 四氫夫喃(THF)
1372,180251,乙醚,1372. 180251 乙醚
1373,180252,乳酸鹽,1373. 180252 乳酸鹽
1374,180253,亞硝基乙醚,1374. 180253 亞硝基乙醚
1375,180254,乙二醇甲醚,1375. 180254 乙二醇甲醚
1376,180256,甲醛,1376. 180256 甲醛
1377,180257,乙醛,1377. 180257 乙醛
1378,180258,丙酮(DMK),1378. 180258 丙酮(DMK)
1379,180259,丁酮,1379. 180259 丁酮
1380,180260,甲基異丁基酮(MIBK),1380. 180260 甲基異丁基酮(MIBK)
1381,180261,環己酮,1381. 180261 環己酮
1382,180262,甲基四氫毗咯酮,1382. 180262 甲基四氫毗咯酮
1383,180263,聚縮醛(polyacetal),1383. 180263 聚縮醛(polyacetal)
1384,180264,三聚甲醛,1384. 180264 三聚甲醛
1385,180266,甲醇,1385. 180266 甲醇
1386,180267,乙醇,1386. 180267 乙醇
1387,180268,乙二醇(EG),1387. 180268 乙二醇(EG)
1388,180269,二乙二醇(DEG),1388. 180269 二乙二醇(DEG)
1389,180270,三乙二醇(TEG),1389. 180270 三乙二醇(TEG)
1390,180271,聚乙二醇(PEG),1390. 180271 聚乙二醇(PEG)
1391,180272,丙二醇(PG),1391. 180272 丙二醇(PG)
1392,180273,異丙醇(IPA),1392. 180273 異丙醇(IPA)
1393,180274,丙三醇(甘油),1393. 180274 丙三醇(甘油)
1394,180275,二丙酮醇,1394. 180275 二丙酮醇
1395,180276,聚丙二醇(PPG),1395. 180276 聚丙二醇(PPG)
1396,180277,丙烯醇,1396. 180277 丙烯醇
1397,180278,丁二醇,1397. 180278 丁二醇
1398,180279,正丁醇,1398. 180279 正丁醇
1399,180280,異丁醇(IBA),1399. 180280 異丁醇(IBA)
1400,180281,異戊四醇,1400. 180281 異戊四醇
1401,180282,辛醇,1401. 180282 辛醇
1402,180283,異辛醇(2-EH),1402. 180283 異辛醇(2-EH)
1403,180284,聚四甲基醚二醇(PTMG),1403. 180284 聚四甲基醚二醇(PTMG)
1404,180285,多元醇,1404. 180285 多元醇
1405,180287,甲酚,1405. 180287 甲酚
1406,180288,苯酚(石碳酸),1406. 180288 苯酚(石碳酸)
1407,180289,丙二酚(BPA),1407. 180289 丙二酚(BPA)
1408,180290,壬酚(NP),1408. 180290 壬酚(NP)
1409,180291,單寧酸(鞣酸),1409. 180291 單寧酸(鞣酸)
1410,180293,冰醋酸(醋酸),1410. 180293 冰醋酸(醋酸)
1411,180294,醋酸乙烯單體(VAM),1411. 180294 醋酸乙烯單體(VAM)
1412,180295,醋酸乙酯(EAC/乙酸乙酯),1412. 180295 醋酸乙酯(EAC/乙酸乙酯)
1413,180296,醋酸丁酯(乙酸丁酯),1413. 180296 醋酸丁酯(乙酸丁酯)
1414,180297,醋酸鈷(乙酸鈷),1414. 180297 醋酸鈷(乙酸鈷)
1415,180298,醋酸酐,1415. 180298 醋酸酐
1416,180299,其他合成醋酸,1416. 180299 其他合成醋酸
1417,180300,醋酸乙烯酯,1417. 180300 醋酸乙烯酯
1418,180301,胺基醋酸,1418. 180301 胺基醋酸
1419,180302,聚醋酸乙烯酯,1419. 180302 聚醋酸乙烯酯
1420,180303,甲基丙烯酸甲酯(MMA),1420. 180303 甲基丙烯酸甲酯(MMA)
1421,180304,丙烯酸甲酯,1421. 180304 丙烯酸甲酯
1422,180305,丙烯酸乙酯,1422. 180305 丙烯酸乙酯
1423,180306,丙烯酸丁酯,1423. 180306 丙烯酸丁酯
1424,180307,丙烯酸異辛酯(EHA、2EHA),1424. 180307 丙烯酸異辛酯(EHA、2EHA)
1425,180308,聚丙烯酸酯,1425. 180308 聚丙烯酸酯
1426,180310,夫酸酐(PA),1426. 180310 夫酸酐(PA)
1427,180311,夫酸二辛酯(DOP),1427. 180311 夫酸二辛酯(DOP)
1428,180312,夫酸二丁酯(DBP),1428. 180312 夫酸二丁酯(DBP)
1429,180313,夫酸二癸酯,1429. 180313 夫酸二癸酯
1430,180314,夫酸二壬酯,1430. 180314 夫酸二壬酯
1431,180315,對苯二甲酸二甲酯(DMT),1431. 180315 對苯二甲酸二甲酯(DMT)
1432,180316,鄰苯二甲酸酐,1432. 180316 鄰苯二甲酸酐
1433,180317,鄰苯二甲酸二辛酯,1433. 180317 鄰苯二甲酸二辛酯
1434,180318,甲酸,1434. 180318 甲酸
1435,180319,乳酸,1435. 180319 乳酸
1436,180320,草酸(乙二酸),1436. 180320 草酸(乙二酸)
1437,180321,酒石酸,1437. 180321 酒石酸
1438,180322,三羥基丙三羧酸（檸檬酸),1438. 180322 三羥基丙三羧酸（檸檬酸)
1439,180323,馬來酐(MA)(順-丁烯二酐),1439. 180323 馬來酐(MA)(順-丁烯二酐)
1440,180324,己二酸(AA),1440. 180324 己二酸(AA)
1441,180325,丙烯酸,1441. 180325 丙烯酸
1442,180326,甲基丙烯酸,1442. 180326 甲基丙烯酸
1443,180327,胺基磺酸,1443. 180327 胺基磺酸
1444,180328,水楊酸(鄰羥基苯甲酸),1444. 180328 水楊酸(鄰羥基苯甲酸)
1445,180329,甲酸乙酯,1445. 180329 甲酸乙酯
1446,180330,丁酸乙酯,1446. 180330 丁酸乙酯
1447,180331,聚胺基甲酸乙酯,1447. 180331 聚胺基甲酸乙酯
1448,180332,矽酸酯,1448. 180332 矽酸酯
1449,180333,亞硝酸乙酯,1449. 180333 亞硝酸乙酯
1450,180334,硝化甘油,1450. 180334 硝化甘油
1451,180335,苯二甲酸二異辛酯(DIOP),1451. 180335 苯二甲酸二異辛酯(DIOP)
1452,180336,偏苯三酸酐(TMA),1452. 180336 偏苯三酸酐(TMA)
1453,180338,環己胺,1453. 180338 環己胺
1454,180339,三乙胺,1454. 180339 三乙胺
1455,180340,苯胺,1455. 180340 苯胺
1456,180341,硝基苯胺,1456. 180341 硝基苯胺
1457,180342,乙二胺四乙酸(EDTA),1457. 180342 乙二胺四乙酸(EDTA)
1458,180343,己二胺(HMDA),1458. 180343 己二胺(HMDA)
1459,180344,乙醇胺(EA),1459. 180344 乙醇胺(EA)
1460,180345,二乙醇胺,1460. 180345 二乙醇胺
1461,180346,三乙醇胺(TEA),1461. 180346 三乙醇胺(TEA)
1462,180347,三聚氰胺,1462. 180347 三聚氰胺
1463,180348,己內醯胺(CPL),1463. 180348 己內醯胺(CPL)
1464,180349,二甲基甲（乙）醯胺,1464. 180349 二甲基甲（乙）醯胺
1465,180350,異氰酸甲酯,1465. 180350 異氰酸甲酯
1466,180351,甲苯二異氰酸酯(TDI),1466. 180351 甲苯二異氰酸酯(TDI)
1467,180352,二苯基甲基二異氰酸酯(MDI),1467. 180352 二苯基甲基二異氰酸酯(MDI)
1468,180353,丙烯醯胺,1468. 180353 丙烯醯胺
1469,180354,丙烯睛(AN),1469. 180354 丙烯睛(AN)
1470,180355,乙睛(氰甲烷),1470. 180355 乙睛(氰甲烷)
1471,180357,無水氨(液氨),1471. 180357 無水氨(液氨)
1472,180358,炭煙,1472. 180358 炭煙
1473,180359,一氧化碳,1473. 180359 一氧化碳
1474,180360,合成氣,1474. 180360 合成氣
1475,180361,合成氨,1475. 180361 合成氨
1476,180363,硝酸銨鈣(肥料用),1476. 180363 硝酸銨鈣(肥料用)
1477,180364,硫酸鉀(肥料用),1477. 180364 硫酸鉀(肥料用)
1478,180365,尿素(肥料用),1478. 180365 尿素(肥料用)
1479,180366,硫酸銨(肥料用),1479. 180366 硫酸銨(肥料用)
1480,180367,過磷酸鈣(肥料用),1480. 180367 過磷酸鈣(肥料用)
1481,180369,天然磷酸鹽,1481. 180369 天然磷酸鹽
1482,180371,天然鉀鹽,1482. 180371 天然鉀鹽
1483,180372,硝酸鹽鉀肥,1483. 180372 硝酸鹽鉀肥
1484,180373,有機質肥料之原料,1484. 180373 有機質肥料之原料
1485,180375,有機質肥料,1485. 180375 有機質肥料
1486,180376,土壤改良劑,1486. 180376 土壤改良劑
1487,180377,植物生長輔助劑,1487. 180377 植物生長輔助劑
1488,180378,家庭園藝用肥料,1488. 180378 家庭園藝用肥料
1489,180379,骨粉肥料,1489. 180379 骨粉肥料
1490,180380,魚肥,1490. 180380 魚肥
1491,180381,聚氯乙烯(PVC),1491. 180381 聚氯乙烯(PVC)
1492,180382,低密度聚乙烯(LDPE),1492. 180382 低密度聚乙烯(LDPE)
1493,180383,高密度聚乙烯(HDPE),1493. 180383 高密度聚乙烯(HDPE)
1494,180384,線型低密度聚乙烯(LLDPE),1494. 180384 線型低密度聚乙烯(LLDPE)
1495,180385,乙烯－醋酸乙烯共聚物(固態EVA),1495. 180385 乙烯－醋酸乙烯共聚物(固態EVA)
1496,180386,通用級聚苯乙烯(GPS),1496. 180386 通用級聚苯乙烯(GPS)
1497,180387,發泡級聚苯乙烯(EPS),1497. 180387 發泡級聚苯乙烯(EPS)
1498,180388,耐衝級聚苯乙烯(HIPS),1498. 180388 耐衝級聚苯乙烯(HIPS)
1499,180390,聚丙烯(PP),1499. 180390 聚丙烯(PP)
1500,180391,聚丁烯,1500. 180391 聚丁烯
1501,180392,聚乙烯醇(PVA),1501. 180392 聚乙烯醇(PVA)
1502,180393,ABS(丙烯睛─丁二烯─苯乙烯)樹脂,1502. 180393 ABS(丙烯睛─丁二烯─苯乙烯)樹脂
1503,180394,聚酯粒(纖維級，瓶粒級),1503. 180394 聚酯粒(纖維級，瓶粒級)
1504,180395,尼龍粒(聚醯胺，纖維級),1504. 180395 尼龍粒(聚醯胺，纖維級)
1505,180396,壓克力粒(聚甲基丙烯酸甲酯),1505. 180396 壓克力粒(聚甲基丙烯酸甲酯)
1506,180397,AS(丙烯睛─苯乙烯)樹脂,1506. 180397 AS(丙烯睛─苯乙烯)樹脂
1507,180399,其他熱可塑性塑膠,1507. 180399 其他熱可塑性塑膠
1508,180400,石油樹脂,1508. 180400 石油樹脂
1509,180401,尿素甲醛樹脂(UF),1509. 180401 尿素甲醛樹脂(UF)
1510,180402,尿素甲醛膠合劑(UF),1510. 180402 尿素甲醛膠合劑(UF)
1511,180403,尿素甲醛成型粉(UF),1511. 180403 尿素甲醛成型粉(UF)
1512,180404,不飽和聚酯(UP),1512. 180404 不飽和聚酯(UP)
1513,180405,酚甲醛樹脂(PF),1513. 180405 酚甲醛樹脂(PF)
1514,180406,酚甲醛膠合劑(PF),1514. 180406 酚甲醛膠合劑(PF)
1515,180407,酚甲醛成型粉(PF),1515. 180407 酚甲醛成型粉(PF)
1516,180408,三聚氰胺樹脂,1516. 180408 三聚氰胺樹脂
1517,180409,三聚氰胺甲醛樹脂(MF),1517. 180409 三聚氰胺甲醛樹脂(MF)
1518,180410,三聚氰胺甲醛膠合劑(MF),1518. 180410 三聚氰胺甲醛膠合劑(MF)
1519,180411,三聚氰胺甲醛成型粉(MF),1519. 180411 三聚氰胺甲醛成型粉(MF)
1520,180412,醇酸樹脂,1520. 180412 醇酸樹脂
1521,180413,環氧樹脂(EPOXY),1521. 180413 環氧樹脂(EPOXY)
1522,180414,胺基樹脂,1522. 180414 胺基樹脂
1523,180416,聚醋酸乙烯(PVAC),1523. 180416 聚醋酸乙烯(PVAC)
1524,180417,EVA乳膠,1524. 180417 EVA乳膠
1525,180418,丙烯酸共聚合樹脂(壓克力樹脂),1525. 180418 丙烯酸共聚合樹脂(壓克力樹脂)
1526,180419,水性溶劑樹脂,1526. 180419 水性溶劑樹脂
1527,180421,尼龍６工程塑膠,1527. 180421 尼龍６工程塑膠
1528,180422,尼龍６６工程塑膠,1528. 180422 尼龍６６工程塑膠
1529,180423,對苯二甲酸二丁酯工程塑膠(PBT),1529. 180423 對苯二甲酸二丁酯工程塑膠(PBT)
1530,180424,聚縮醛工程塑膠(POM),1530. 180424 聚縮醛工程塑膠(POM)
1531,180425,聚醯亞胺工程塑膠(PI),1531. 180425 聚醯亞胺工程塑膠(PI)
1532,180426,聚碳酸酯工程塑膠(PC),1532. 180426 聚碳酸酯工程塑膠(PC)
1533,180427,聚對苯二甲酸二乙酯工程塑膠(PET),1533. 180427 聚對苯二甲酸二乙酯工程塑膠(PET)
1534,180428,液晶聚合物(LCP),1534. 180428 液晶聚合物(LCP)
1535,180429,聚四氟乙烯,1535. 180429 聚四氟乙烯
1536,180430,矽氧樹脂,1536. 180430 矽氧樹脂
1537,180431,矽酮樹脂,1537. 180431 矽酮樹脂
1538,180432,聚胺基甲酸酯樹脂(PU),1538. 180432 聚胺基甲酸酯樹脂(PU)
1539,180433,夫喃樹脂,1539. 180433 夫喃樹脂
1540,180434,離子交換樹脂,1540. 180434 離子交換樹脂
1541,180435,氟碳樹脂,1541. 180435 氟碳樹脂
1542,180436,馬林酐樹脂,1542. 180436 馬林酐樹脂
1543,180437,酪素塑膠,1543. 180437 酪素塑膠
1544,180438,各種纖維素塑膠,1544. 180438 各種纖維素塑膠
1545,180439,色母,1545. 180439 色母
1546,180441,苯乙烯丁二烯橡膠(固體SBR),1546. 180441 苯乙烯丁二烯橡膠(固體SBR)
1547,180442,苯乙烯丁二烯橡膠(乳膠SBR),1547. 180442 苯乙烯丁二烯橡膠(乳膠SBR)
1548,180443,聚丁二烯橡膠(BR),1548. 180443 聚丁二烯橡膠(BR)
1549,180444,丙烯睛丁二烯橡膠(NBR),1549. 180444 丙烯睛丁二烯橡膠(NBR)
1550,180445,熱可塑性橡膠(彈性體TPE),1550. 180445 熱可塑性橡膠(彈性體TPE)
1551,180446,丁基橡膠,1551. 180446 丁基橡膠
1552,180447,矽橡膠,1552. 180447 矽橡膠
1553,180448,氟橡膠,1553. 180448 氟橡膠
1554,180449,異戊二烯橡膠,1554. 180449 異戊二烯橡膠
1555,180450,異丁烯─異戊二烯橡膠,1555. 180450 異丁烯─異戊二烯橡膠
1556,180451,聚硫橡膠,1556. 180451 聚硫橡膠
1557,180452,聚氨基甲酸酯橡膠,1557. 180452 聚氨基甲酸酯橡膠
1558,180453,聚甲基丙烯酸丙酯橡膠,1558. 180453 聚甲基丙烯酸丙酯橡膠
1559,180454,橡膠乳液,1559. 180454 橡膠乳液
1560,180456,尼龍(聚醯胺)原絲,1560. 180456 尼龍(聚醯胺)原絲
1561,180457,尼龍半延伸絲(POY),1561. 180457 尼龍半延伸絲(POY)
1562,180458,尼龍超細纖維,1562. 180458 尼龍超細纖維
1563,180459,聚胺棉,1563. 180459 聚胺棉
1564,180460,聚酯原絲,1564. 180460 聚酯原絲
1565,180461,聚酯半延伸絲(POY),1565. 180461 聚酯半延伸絲(POY)
1566,180462,聚酯超細纖維,1566. 180462 聚酯超細纖維
1567,180463,聚酯棉,1567. 180463 聚酯棉
1568,180464,聚丙烯.棉(壓克力棉),1568. 180464 聚丙烯.棉(壓克力棉)
1569,180465,聚乙烯醇纖維,1569. 180465 聚乙烯醇纖維
1570,180466,聚丙烯纖維,1570. 180466 聚丙烯纖維
1571,180467,聚氯乙烯纖維,1571. 180467 聚氯乙烯纖維
1572,180468,醋酸纖維,1572. 180468 醋酸纖維
1573,180469,聚丙烯睛纖維,1573. 180469 聚丙烯睛纖維
1574,180470,聚氨基甲酸酯（PU）纖維,1574. 180470 聚氨基甲酸酯（PU）纖維
1575,180471,酪素纖維製造,1575. 180471 酪素纖維製造
1576,180472,維尼隆,1576. 180472 維尼隆
1577,180474,嫘縈絲,1577. 180474 嫘縈絲
1578,180475,嫘縈棉,1578. 180475 嫘縈棉
1579,180476,銅氨纖維,1579. 180476 銅氨纖維
1580,180477,溶劑再生纖維,1580. 180477 溶劑再生纖維
1581,180479,碳纖維,1581. 180479 碳纖維
1582,180480,彈性纖維,1582. 180480 彈性纖維
1583,180481,硝化纖維,1583. 180481 硝化纖維
1584,180482,硬化纖維,1584. 180482 硬化纖維
1585,180483,光氣,1585. 180483 光氣
1586,180484,二氧化氮,1586. 180484 二氧化氮
1587,180485,空氣,1587. 180485 空氣
1588,180486,沼氣,1588. 180486 沼氣
1589,180487,α-奈磺酸,1589. 180487 α-奈磺酸
1590,180488,β-奈磺酸,1590. 180488 β-奈磺酸
1591,180489,王水,1591. 180489 王水
1592,180490,氯磺酸,1592. 180490 氯磺酸
1593,180491,三聚氰酸,1593. 180491 三聚氰酸
1594,180492,矽酸,1594. 180492 矽酸
1595,180493,氟硼酸,1595. 180493 氟硼酸
1596,180494,氰酸,1596. 180494 氰酸
1597,180495,氯酸,1597. 180495 氯酸
1598,180496,次氯酸,1598. 180496 次氯酸
1599,180497,亞氯酸,1599. 180497 亞氯酸
1600,180498,過氯酸,1600. 180498 過氯酸
1601,180499,其他鉛化合物,1601. 180499 其他鉛化合物
1602,180500,亞硝酸,1602. 180500 亞硝酸
1603,180501,異氰酸鹽,1603. 180501 異氰酸鹽
1604,180502,磷酸類,1604. 180502 磷酸類
1605,180503,硫酸鹽,1605. 180503 硫酸鹽
1606,180504,氰酸鹽／氰化物,1606. 180504 氰酸鹽／氰化物
1607,180505,矽酸鹽,1607. 180505 矽酸鹽
1608,180507,四溴化碳,1608. 180507 四溴化碳
1609,180508,二甲基硫,1609. 180508 二甲基硫
1610,180509,三氧化硫,1610. 180509 三氧化硫
1611,180510,均二苯硫,1611. 180510 均二苯硫
1612,180511,甲酸鈉,1612. 180511 甲酸鈉
1613,180512,氯乙酸鈉,1613. 180512 氯乙酸鈉
1614,180513,羥甲基纖維鈉,1614. 180513 羥甲基纖維鈉
1615,180514,氯氧化銅,1615. 180514 氯氧化銅
1616,180519,四甲基鉛,1616. 180519 四甲基鉛
1617,180520,四乙基鉛／混合物,1617. 180520 四乙基鉛／混合物
1618,180521,四羰基鎳,1618. 180521 四羰基鎳
1619,180522,四氯化鈦,1619. 180522 四氯化鈦
1620,180526,三聚磷酸鈣,1620. 180526 三聚磷酸鈣
1621,180527,氰氮化鈣,1621. 180527 氰氮化鈣
1622,180529,五氧化二釩,1622. 180529 五氧化二釩
1623,180531,氯化氰,1623. 180531 氯化氰
1624,180532,苯甲醯氯,1624. 180532 苯甲醯氯
1625,180535,次氯酸鈣(強力漂白粉Ca(OCl)2),1625. 180535 次氯酸鈣(強力漂白粉Ca(OCl)2)
1626,180538,多硫橡膠,1626. 180538 多硫橡膠
1627,180540,丙炔,1627. 180540 丙炔
1628,180541,二乙烯苯,1628. 180541 二乙烯苯
1629,180542,二溴乙烯,1629. 180542 二溴乙烯
1630,180543,二氯丙烯,1630. 180543 二氯丙烯
1631,180544,α-甲基丙烯,1631. 180544 α-甲基丙烯
1632,180545,3-氯基-2-甲基-[1]丙烯,1632. 180545 3-氯基-2-甲基-[1]丙烯
1633,180546,氯氫氧丙烯,1633. 180546 氯氫氧丙烯
1634,180547,"3,4-二氯丁烯","1634. 180547 3,4-二氯丁烯"
1635,180548,甲基丁烯,1635. 180548 甲基丁烯
1636,180549,"1,4-二氯-2-丁烯","1636. 180549 1,4-二氯-2-丁烯"
1637,180550,二異丁烯,1637. 180550 二異丁烯
1638,180551,三異丁烯,1638. 180551 三異丁烯
1639,180552,1-戊烯,1639. 180552 1-戊烯
1640,180553,2-戊烯,1640. 180553 2-戊烯
1641,180554,"1,3-環戊二烯","1641. 180554 1,3-環戊二烯"
1642,180555,庚烯,1642. 180555 庚烯
1643,180556,辛烯,1643. 180556 辛烯
1644,180557,壬烯,1644. 180557 壬烯
1645,180558,十二烯,1645. 180558 十二烯
1646,180560,烯烴氧化物,1646. 180560 烯烴氧化物
1647,180562,2-甲基戊烷,1647. 180562 2-甲基戊烷
1648,180563,異戊烷,1648. 180563 異戊烷
1649,180564,辛烷,1649. 180564 辛烷
1650,180565,乙烯丙烯共聚體,1650. 180565 乙烯丙烯共聚體
1651,180566,聚烯烴,1651. 180566 聚烯烴
1652,180567,烯丁二烯,1652. 180567 烯丁二烯
1653,180569,烷基樹脂,1653. 180569 烷基樹脂
1654,180570,順異戊二烯橡膠,1654. 180570 順異戊二烯橡膠
1655,180575,乙烯基甲苯,1655. 180575 乙烯基甲苯
1656,180576,二乙基苯,1656. 180576 二乙基苯
1657,180577,丙苯,1657. 180577 丙苯
1658,180578,聯苯,1658. 180578 聯苯
1659,180579,線性烷基苯化物,1659. 180579 線性烷基苯化物
1660,180580,環己烯,1660. 180580 環己烯
1661,180581,環辛二烯,1661. 180581 環辛二烯
1662,180582,環丙烷,1662. 180582 環丙烷
1663,180583,苯基丙烷,1663. 180583 苯基丙烷
1664,180584,環戊烷,1664. 180584 環戊烷
1665,180586,硝基苯,1665. 180586 硝基苯
1666,180587,苯磺酸,1666. 180587 苯磺酸
1667,180588,間苯二甲酸,1667. 180588 間苯二甲酸
1668,180589,氨基苯甲酸,1668. 180589 氨基苯甲酸
1669,180590,氯苯甲酸,1669. 180590 氯苯甲酸
1670,180591,對－三級丁基苯甲酸,1670. 180591 對－三級丁基苯甲酸
1671,180592,(鄰、間、對)硝基苯甲酸,1671. 180592 (鄰、間、對)硝基苯甲酸
1672,180593,二硝基苯甲酸,1672. 180593 二硝基苯甲酸
1673,180594,二羥基苯甲酸,1673. 180594 二羥基苯甲酸
1674,180595,鄰苯二甲酸,1674. 180595 鄰苯二甲酸
1675,180596,二硝基甲苯,1675. 180596 二硝基甲苯
1676,180597,苯二磺酸,1676. 180597 苯二磺酸
1677,180598,甲苯磺酸,1677. 180598 甲苯磺酸
1678,180599,其他奈,1678. 180599 其他奈
1679,180600,氯化奈,1679. 180600 氯化奈
1680,180601,1-溴奈,1680. 180601 1-溴奈
1681,180602,氯苯,1681. 180602 氯苯
1682,180603,鄰-二氯苯,1682. 180603 鄰-二氯苯
1683,180604,間-二氯苯,1683. 180604 間-二氯苯
1684,180605,對-二氯苯,1684. 180605 對-二氯苯
1685,180606,三氯苯,1685. 180606 三氯苯
1686,180607,六氯苯,1686. 180607 六氯苯
1687,180608,鄰－氯硝基苯,1687. 180608 鄰－氯硝基苯
1688,180609,對－氯硝基苯,1688. 180609 對－氯硝基苯
1689,180610,溴苯,1689. 180610 溴苯
1690,180611,二氯甲苯,1690. 180611 二氯甲苯
1691,180612,三氯甲苯,1691. 180612 三氯甲苯
1692,180613,鄰－氯甲苯,1692. 180613 鄰－氯甲苯
1693,180614,間－氯甲苯,1693. 180614 間－氯甲苯
1694,180615,對－氯甲苯,1694. 180615 對－氯甲苯
1695,180616,氯三氯甲苯,1695. 180616 氯三氯甲苯
1696,180617,間－二甲苯,1696. 180617 間－二甲苯
1697,180619,硝基甲苯,1697. 180619 硝基甲苯
1698,180620,十二基苯(非線性),1698. 180620 十二基苯(非線性)
1699,180621,三硝基甲苯,1699. 180621 三硝基甲苯
1700,180622,甲基類,1700. 180622 甲基類
1701,180623,乙基類,1701. 180623 乙基類
1702,180624,異丙苯化過氧化氫,1702. 180624 異丙苯化過氧化氫
1703,180625,溴化甲烷,1703. 180625 溴化甲烷
1704,180626,一氟二氯甲烷,1704. 180626 一氟二氯甲烷
1705,180627,一氟三氯甲烷,1705. 180627 一氟三氯甲烷
1706,180628,二氟一氯甲烷,1706. 180628 二氟一氯甲烷
1707,180629,二氟二氯甲烷,1707. 180629 二氟二氯甲烷
1708,180630,三氟一氯甲烷,1708. 180630 三氟一氯甲烷
1709,180631,對-二胺基二苯甲烷,1709. 180631 對-二胺基二苯甲烷
1710,180632,硝基甲烷,1710. 180632 硝基甲烷
1711,180633,碘代甲烷,1711. 180633 碘代甲烷
1712,180634,"1,1,1-三氯乙烷","1712. 180634 1,1,1-三氯乙烷"
1713,180635,四氯乙烷,1713. 180635 四氯乙烷
1714,180636,六氯乙烷,1714. 180636 六氯乙烷
1715,180637,二溴乙烷,1715. 180637 二溴乙烷
1716,180638,溴化乙烷,1716. 180638 溴化乙烷
1717,180639,三氯三氟乙烷,1717. 180639 三氯三氟乙烷
1718,180640,"1,1,2-三氯-1,2,2-三氟乙烷","1718. 180640 1,1,2-三氯-1,2,2-三氟乙烷"
1719,180641,一氯二氟乙烷,1719. 180641 一氯二氟乙烷
1720,180642,硝基乙烷,1720. 180642 硝基乙烷
1721,180643,氯化丙烷,1721. 180643 氯化丙烷
1722,180644,"1,2,3-三氯丙烷","1722. 180644 1,2,3-三氯丙烷"
1723,180645,硝基丙烷,1723. 180645 硝基丙烷
1724,180646,"1,2,3-三乙氧基丙烷","1724. 180646 1,2,3-三乙氧基丙烷"
1725,180647,"2,2-雙(4-羥酚基)丙烷","1725. 180647 2,2-雙(4-羥酚基)丙烷"
1726,180648,"1,4-二氰丁烷","1726. 180648 1,4-二氰丁烷"
1727,180649,二氯二甲基甲矽烷,1727. 180649 二氯二甲基甲矽烷
1728,180650,"1,1-氟氯烷","1728. 180650 1,1-氟氯烷"
1729,180651,"1,2-氟氯烷","1729. 180651 1,2-氟氯烷"
1730,180652,"2,2-氟氯烷","1730. 180652 2,2-氟氯烷"
1731,180654,部份氯化烷,1731. 180654 部份氯化烷
1732,180656,十二基苯磺酸鈉,1732. 180656 十二基苯磺酸鈉
1733,180657,異丙基氰,1733. 180657 異丙基氰
1734,180658,"二苯甲烷-4,4-二異氰根","1734. 180658 二苯甲烷-4,4-二異氰根"
1735,180660,乙基氯,1735. 180660 乙基氯
1736,180661,異丙基氯,1736. 180661 異丙基氯
1737,180662,正戊基氯,1737. 180662 正戊基氯
1738,180663,丙烯基氯,1738. 180663 丙烯基氯
1739,180664,乙醯氯,1739. 180664 乙醯氯
1740,180665,苯甲氯,1740. 180665 苯甲氯
1741,180666,氯苯甲醯氯,1741. 180666 氯苯甲醯氯
1742,180667,甲苯磺醯氯,1742. 180667 甲苯磺醯氯
1743,180668,氰尿醯氯,1743. 180668 氰尿醯氯
1744,180669,次丁基風,1744. 180669 次丁基風
1745,180670,"1,4-氧氮陸圜","1745. 180670 1,4-氧氮陸圜"
1746,180671,二氯陸圜（戴奧辛）,1746. 180671 二氯陸圜（戴奧辛）
1747,180672,三溴甲烷 (溴仿),1747. 180672 三溴甲烷 (溴仿)
1748,180674,二甲亞風（DMSO）,1748. 180674 二甲亞風（DMSO）
1749,180675,"1,6 己烷二醇","1749. 180675 1,6 己烷二醇"
1750,180676,氯磺化聚乙烯橡膠（海巴隆）,1750. 180676 氯磺化聚乙烯橡膠（海巴隆）
1751,180678,"N,N-甲醚","1751. 180678 N,N-甲醚"
1752,180679,環氧氯乙烷,1752. 180679 環氧氯乙烷
1753,180680,甲基環己烷,1753. 180680 甲基環己烷
1754,180683,醚,1754. 180683 醚
1755,180684,單甲醚,1755. 180684 單甲醚
1756,180685,三甘醇二甲醚,1756. 180685 三甘醇二甲醚
1757,180686,"乙二醇-〔1,2〕-二甲醚","1757. 180686 乙二醇-〔1,2〕-二甲醚"
1758,180687,鄰－硝基苯甲醚,1758. 180687 鄰－硝基苯甲醚
1759,180688,對－硝基苯甲醚,1759. 180688 對－硝基苯甲醚
1760,180689,單乙醚,1760. 180689 單乙醚
1761,180690,二乙醚,1761. 180690 二乙醚
1762,180691,二乙二醇乙醚,1762. 180691 二乙二醇乙醚
1763,180692,二氯乙醚,1763. 180692 二氯乙醚
1764,180693,對－胺基苯乙醚,1764. 180693 對－胺基苯乙醚
1765,180694,鄰－胺基苯乙醚,1765. 180694 鄰－胺基苯乙醚
1766,180695,雙-β-羥基-n-丙醚,1766. 180695 雙-β-羥基-n-丙醚
1767,180696,乙二醇丙基醚,1767. 180696 乙二醇丙基醚
1768,180697,單丁醚,1768. 180697 單丁醚
1769,180698,苯醚,1769. 180698 苯醚
1770,180699,其他醚類及其化合物,1770. 180699 其他醚類及其化合物
1771,180700,苯甲醚（茴香醚）,1771. 180700 苯甲醚（茴香醚）
1772,180701,環氧樹脂,1772. 180701 環氧樹脂
1773,180702,甲基乙基酮(MEK),1773. 180702 甲基乙基酮(MEK)
1774,180703,丙酮合氰化氫,1774. 180703 丙酮合氰化氫
1775,180704,乙烯酮,1775. 180704 乙烯酮
1776,180705,二苯甲酮,1776. 180705 二苯甲酮
1777,180706,苯乙酮,1777. 180706 苯乙酮
1778,180707,二苯基乙二酮,1778. 180707 二苯基乙二酮
1779,180708,異亞丙基丙酮,1779. 180708 異亞丙基丙酮
1780,180709,過氧丁酮,1780. 180709 過氧丁酮
1781,180710,戊酮,1781. 180710 戊酮
1782,180711,甲基異戊酮,1782. 180711 甲基異戊酮
1783,180712,己酮,1783. 180712 己酮
1784,180713,甲基環己酮,1784. 180713 甲基環己酮
1785,180714,異佛爾酮,1785. 180714 異佛爾酮
1786,180715,環己酮肪,1786. 180715 環己酮肪
1787,180716,恩騉,1787. 180716 恩騉
1788,180717,騉,1788. 180717 騉
1789,180718,苯甲醛,1789. 180718 苯甲醛
1790,180719,氯苯甲醛,1790. 180719 氯苯甲醛
1791,180720,三聚乙醛,1791. 180720 三聚乙醛
1792,180721,乙縮醛（二乙氧基乙烷）,1792. 180721 乙縮醛（二乙氧基乙烷）
1793,180722,乙二醛,1793. 180722 乙二醛
1794,180723,丙醛,1794. 180723 丙醛
1795,180724,丁醛,1795. 180724 丁醛
1796,180725,異丁醛,1796. 180725 異丁醛
1797,180726,β－羥基丁醛,1797. 180726 β－羥基丁醛
1798,180727,巴豆醛,1798. 180727 巴豆醛
1799,180728,丙烯醛,1799. 180728 丙烯醛
1800,180729,香蘭醛,1800. 180729 香蘭醛
1801,180731,夫喃甲醛,1801. 180731 夫喃甲醛
1802,180733,"〔1,2〕-二乙酸酯","1802. 180733 〔1,2〕-二乙酸酯"
1803,180734,異癸醇,1803. 180734 異癸醇
1804,180735,十六醇,1804. 180735 十六醇
1805,180736,甲醇鈉,1805. 180736 甲醇鈉
1806,180737,乙二醇碳酸酯,1806. 180737 乙二醇碳酸酯
1807,180738,苯甲醇,1807. 180738 苯甲醇
1808,180739,（安息香）苯基－苯甲醯基甲醇,1808. 180739 （安息香）苯基－苯甲醯基甲醇
1809,180740,甲氧基乙醇,1809. 180740 甲氧基乙醇
1810,180741,乙氧基乙醇,1810. 180741 乙氧基乙醇
1811,180742,丁氧基乙醇,1811. 180742 丁氧基乙醇
1812,180743,苯氧基乙醇,1812. 180743 苯氧基乙醇
1813,180744,氯乙醇,1813. 180744 氯乙醇
1814,180745,丙醇,1814. 180745 丙醇
1815,180746,正丙醇,1815. 180746 正丙醇
1816,180747,二氯丙醇,1816. 180747 二氯丙醇
1817,180748,α-二氯丙醇,1817. 180748 α-二氯丙醇
1818,180749,２－氰丙醇,1818. 180749 ２－氰丙醇
1819,180750,二甘醇,1819. 180750 二甘醇
1820,180751,三甘醇（TEG）,1820. 180751 三甘醇（TEG）
1821,180752,二級丁醇,1821. 180752 二級丁醇
1822,180753,三級丁醇,1822. 180753 三級丁醇
1823,180754,三級過氧丁醇,1823. 180754 三級過氧丁醇
1824,180755,戊醇,1824. 180755 戊醇
1825,180756,戊四醇,1825. 180756 戊四醇
1826,180757,己醇,1826. 180757 己醇
1827,180758,2-乙基己醇,1827. 180758 2-乙基己醇
1828,180759,環己醇,1828. 180759 環己醇
1829,180760,壬醇,1829. 180760 壬醇
1830,180761,癸醇,1830. 180761 癸醇
1831,180762,甲基異丁基原醇,1831. 180762 甲基異丁基原醇
1832,180763,三氯甲硫醇,1832. 180763 三氯甲硫醇
1833,180764,甲基丁炔醇,1833. 180764 甲基丁炔醇
1834,180765,丁炔二醇,1834. 180765 丁炔二醇
1835,180766,戊硫醇,1835. 180766 戊硫醇
1836,180767,花楸醇,1836. 180767 花楸醇
1837,180768,苯醇,1837. 180768 苯醇
1838,180769,3-甲基戊炔[1]-[3] 醇,1838. 180769 3-甲基戊炔[1]-[3] 醇
1839,180771,α-奈酚,1839. 180771 α-奈酚
1840,180772,β-奈酚,1840. 180772 β-奈酚
1841,180773,間-甲酚,1841. 180773 間-甲酚
1842,180774,對-甲酚,1842. 180774 對-甲酚
1843,180775,鄰-甲酚,1843. 180775 鄰-甲酚
1844,180776,醋酸甲酯,1844. 180776 醋酸甲酯
1845,180777,酚磺酸,1845. 180777 酚磺酸
1846,180778,二甲酚,1846. 180778 二甲酚
1847,180779,混合甲酚,1847. 180779 混合甲酚
1848,180780,異丙酚,1848. 180780 異丙酚
1849,180781,辛基酚,1849. 180781 辛基酚
1850,180782,壬基酚,1850. 180782 壬基酚
1851,180783,十二酚,1851. 180783 十二酚
1852,180784,氯酚,1852. 180784 氯酚
1853,180785,對－胺基酚,1853. 180785 對－胺基酚
1854,180786,2-硝基酚,1854. 180786 2-硝基酚
1855,180787,二硝基酚,1855. 180787 二硝基酚
1856,180788,戊基苯酚,1856. 180788 戊基苯酚
1857,180789,對－苯二酚,1857. 180789 對－苯二酚
1858,180790,間－苯二酚,1858. 180790 間－苯二酚
1859,180791,烷基取代酚類,1859. 180791 烷基取代酚類
1860,180792,酚鈉,1860. 180792 酚鈉
1861,180793,醋酸異丁酯,1861. 180793 醋酸異丁酯
1862,180794,氯醋酸,1862. 180794 氯醋酸
1863,180795,氰基醋酸,1863. 180795 氰基醋酸
1864,180796,三甲基醋酸,1864. 180796 三甲基醋酸
1865,180797,醋酸鎂,1865. 180797 醋酸鎂
1866,180798,醋酸銻,1866. 180798 醋酸銻
1867,180799,其他酚類或酚類化合物,1867. 180799 其他酚類或酚類化合物
1868,180800,乙醯醋酸甲酯,1868. 180800 乙醯醋酸甲酯
1869,180801,醋酸異丙酯,1869. 180801 醋酸異丙酯
1870,180802,醋酸戊酯,1870. 180802 醋酸戊酯
1871,180803,醋酸酯類,1871. 180803 醋酸酯類
1872,180804,醋酸單乙醚,1872. 180804 醋酸單乙醚
1873,180805,醋酸單丁醚,1873. 180805 醋酸單丁醚
1874,180806,2-甲基丙烯酸甲酯,1874. 180806 2-甲基丙烯酸甲酯
1875,180807,甲基丙烯酸乙酯,1875. 180807 甲基丙烯酸乙酯
1876,180808,甲基丙烯酸丙酯,1876. 180808 甲基丙烯酸丙酯
1877,180809,甲基丙烯酸丁酯,1877. 180809 甲基丙烯酸丁酯
1878,180810,甲基丙烯酸異辛酯,1878. 180810 甲基丙烯酸異辛酯
1879,180811,丙烯酸丙酯,1879. 180811 丙烯酸丙酯
1880,180812,丙烯酸酯橡膠,1880. 180812 丙烯酸酯橡膠
1881,180813,(鄰、間、對)胺基苯甲酸,1881. 180813 (鄰、間、對)胺基苯甲酸
1882,180814,雙胺基苯甲酸,1882. 180814 雙胺基苯甲酸
1883,180815,丙酸,1883. 180815 丙酸
1884,180816,丙二酸,1884. 180816 丙二酸
1885,180817,丁酸,1885. 180817 丁酸
1886,180818,異丁酸,1886. 180818 異丁酸
1887,180819,丁二酸（琥珀酸）,1887. 180819 丁二酸（琥珀酸）
1888,180820,羥基丁二酸（蘋果酸）,1888. 180820 羥基丁二酸（蘋果酸）
1889,180821,反丁烯二酸（富馬酸）,1889. 180821 反丁烯二酸（富馬酸）
1890,180822,戊二酸,1890. 180822 戊二酸
1891,180823,花楸酸,1891. 180823 花楸酸
1892,180824,巴豆酸,1892. 180824 巴豆酸
1893,180825,柳酸,1893. 180825 柳酸
1894,180826,二苯基乙醇酸,1894. 180826 二苯基乙醇酸
1895,180827,草乙酸乙酯鈉,1895. 180827 草乙酸乙酯鈉
1896,180828,甲酸甲酯,1896. 180828 甲酸甲酯
1897,180829,苯甲酸苯甲酯,1897. 180829 苯甲酸苯甲酯
1898,180830,對苯二甲酸甲酯,1898. 180830 對苯二甲酸甲酯
1899,180831,硫酸二甲酯,1899. 180831 硫酸二甲酯
1900,180832,原甲酸三乙酯,1900. 180832 原甲酸三乙酯
1901,180833,乙二酸乙酯,1901. 180833 乙二酸乙酯
1902,180834,氯乙酸乙酯,1902. 180834 氯乙酸乙酯
1903,180835,氰乙酸乙酯,1903. 180835 氰乙酸乙酯
1904,180836,乙酸甲氧基乙酯,1904. 180836 乙酸甲氧基乙酯
1905,180837,乙酸乙氧基乙酯,1905. 180837 乙酸乙氧基乙酯
1906,180838,乙醯乙酸乙酯,1906. 180838 乙醯乙酸乙酯
1907,180839,丙烯乙酯,1907. 180839 丙烯乙酯
1908,180840,丁氧基乙酸乙酯,1908. 180840 丁氧基乙酸乙酯
1909,180841,硫酸二乙酯,1909. 180841 硫酸二乙酯
1910,180842,麩酸酐二辛酯,1910. 180842 麩酸酐二辛酯
1911,180843,息香酸酯,1911. 180843 息香酸酯
1912,180844,二烯酯,1912. 180844 二烯酯
1913,180845,"甲苯-2,4-二異氰酸酯","1913. 180845 甲苯-2,4-二異氰酸酯"
1914,180846,甲酸乙脂,1914. 180846 甲酸乙脂
1915,180847,乙酯,1915. 180847 乙酯
1916,180848,正丁酯,1916. 180848 正丁酯
1917,180849,丁酸酐,1917. 180849 丁酸酐
1918,180850,丁二酸酐,1918. 180850 丁二酸酐
1919,180851,苯二甲酸丁酯苯甲酯,1919. 180851 苯二甲酸丁酯苯甲酯
1920,180852,苯二甲酸二異癸酯（DIDP）,1920. 180852 苯二甲酸二異癸酯（DIDP）
1921,180853,汰酐,1921. 180853 汰酐
1922,180854,四氯汰酐,1922. 180854 四氯汰酐
1923,180855,芳香族胺,1923. 180855 芳香族胺
1924,180856,間-硝基苯胺,1924. 180856 間-硝基苯胺
1925,180857,對-硝基苯胺,1925. 180857 對-硝基苯胺
1926,180858,鄰-硝基苯胺,1926. 180858 鄰-硝基苯胺
1927,180859,二甲基甲酸胺,1927. 180859 二甲基甲酸胺
1928,180860,二甲胺,1928. 180860 二甲胺
1929,180861,苯二胺,1929. 180861 苯二胺
1930,180862,二苯胺（DPA）,1930. 180862 二苯胺（DPA）
1931,180863,甲氧基苯胺 （茴香胺）,1931. 180863 甲氧基苯胺 （茴香胺）
1932,180864,鄰－氯苯胺,1932. 180864 鄰－氯苯胺
1933,180865,間－氯苯胺,1933. 180865 間－氯苯胺
1934,180866,對－氯苯胺,1934. 180866 對－氯苯胺
1935,180867,亞汰胺,1935. 180867 亞汰胺
1936,180868,(鄰、間、對)胺基苯磺酸,1936. 180868 (鄰、間、對)胺基苯磺酸
1937,180869,磺胺酸,1937. 180869 磺胺酸
1938,180870,甲胺,1938. 180870 甲胺
1939,180871,環六亞甲基四胺,1939. 180871 環六亞甲基四胺
1940,180872,α-甲基苯甲胺,1940. 180872 α-甲基苯甲胺
1941,180873,三甲胺,1941. 180873 三甲胺
1942,180874,六甲基四胺,1942. 180874 六甲基四胺
1943,180875,苯甲胺,1943. 180875 苯甲胺
1944,180876,乙胺,1944. 180876 乙胺
1945,180877,二乙胺,1945. 180877 二乙胺
1946,180878,乙二胺,1946. 180878 乙二胺
1947,180879,二乙二胺,1947. 180879 二乙二胺
1948,180880,三乙二胺,1948. 180880 三乙二胺
1949,180881,四甲基乙二胺,1949. 180881 四甲基乙二胺
1950,180882,羥乙基乙二胺,1950. 180882 羥乙基乙二胺
1951,180883,丙胺,1951. 180883 丙胺
1952,180884,異丙胺,1952. 180884 異丙胺
1953,180885,正戊胺,1953. 180885 正戊胺
1954,180886,丁胺,1954. 180886 丁胺
1955,180887,二級丁胺,1955. 180887 二級丁胺
1956,180888,三級丁胺,1956. 180888 三級丁胺
1957,180889,"1,4-丁二胺","1957. 180889 1,4-丁二胺"
1958,180890,2-乙基己胺,1958. 180890 2-乙基己胺
1959,180891,二環己胺,1959. 180891 二環己胺
1960,180892,羥基胺,1960. 180892 羥基胺
1961,180893,"甲苯-2,4-二胺","1961. 180893 甲苯-2,4-二胺"
1962,180894,甲苯胺,1962. 180894 甲苯胺
1963,180895,二甲苯胺,1963. 180895 二甲苯胺
1964,180896,二氯苯胺,1964. 180896 二氯苯胺
1965,180897,氫氯酸苯胺,1965. 180897 氫氯酸苯胺
1966,180898,十二基苯胺,1966. 180898 十二基苯胺
1967,180899,其他化學元素及工業氣體,1967. 180899 其他化學元素及工業氣體
1968,180900,醯胺,1968. 180900 醯胺
1969,180901,甲醯胺,1969. 180901 甲醯胺
1970,180902,乙醯胺,1970. 180902 乙醯胺
1971,180903,苯甲醯胺,1971. 180903 苯甲醯胺
1972,180904,甲基丙烯酸醯胺,1972. 180904 甲基丙烯酸醯胺
1973,180905,甲苯磺醯胺,1973. 180905 甲苯磺醯胺
1974,180906,醇胺,1974. 180906 醇胺
1975,180907,二異丙醇胺,1975. 180907 二異丙醇胺
1976,180908,苯甲睛（氰苯）,1976. 180908 苯甲睛（氰苯）
1977,180909,丙睛,1977. 180909 丙睛
1978,180910,丁睛,1978. 180910 丁睛
1979,180911,丁二睛,1979. 180911 丁二睛
1980,180912,丙烯睛－苯乙烯（AS）,1980. 180912 丙烯睛－苯乙烯（AS）
1981,180913,固態複肥,1981. 180913 固態複肥
1982,180914,液態複肥,1982. 180914 液態複肥
1983,180915,聚胺基甲酸酯橡膠,1983. 180915 聚胺基甲酸酯橡膠
1984,180917,人造橡膠,1984. 180917 人造橡膠
1985,180918,未硫化橡膠,1985. 180918 未硫化橡膠
1986,180919,氯平橡膠,1986. 180919 氯平橡膠
1987,180920,硝酸纖維素,1987. 180920 硝酸纖維素
1988,180921,賽綸,1988. 180921 賽綸
1989,180922,賽璐凡,1989. 180922 賽璐凡
1990,180923,賽璐珞,1990. 180923 賽璐珞
1991,180924,乙酸纖維素,1991. 180924 乙酸纖維素
1992,180926,甘油脂,1992. 180926 甘油脂
1993,180927,碳,1993. 180927 碳
1994,180928,聚醯胺樹脂,1994. 180928 聚醯胺樹脂
1995,180929,聚醯胺纖維,1995. 180929 聚醯胺纖維
1996,180930,乙醯替苯胺（乙醯胺基苯）,1996. 180930 乙醯替苯胺（乙醯胺基苯）
1997,180931,丁基纖維素,1997. 180931 丁基纖維素
1998,180932,乙基纖維素,1998. 180932 乙基纖維素
1999,180933,硝酸銨,1999. 180933 硝酸銨
2000,180934,硝酸鹽,2000. 180934 硝酸鹽
2001,180936,對酉太酸,2001. 180936 對酉太酸
2002,180938,二氧化氯,2002. 180938 二氧化氯
2003,180939,二甲胼,2003. 180939 二甲胼
2004,180940,順丁烯二酸（馬來酸）,2004. 180940 順丁烯二酸（馬來酸）
2005,180941,氨 (氣態),2005. 180941 氨 (氣態)
2006,180942,"1,2-二氯乙烷","2006. 180942 1,2-二氯乙烷"
2007,180943,"1,1,2-三氯乙烷","2007. 180943 1,1,2-三氯乙烷"
2008,180944,異丁烷,2008. 180944 異丁烷
2009,180945,丁醇,2009. 180945 丁醇
2010,180946,"1,3-丁二醇","2010. 180946 1,3-丁二醇"
2011,180947,"1,4-丁二醇","2011. 180947 1,4-丁二醇"
2012,180949,尼龍樹脂,2012. 180949 尼龍樹脂
2013,180950,乙烯丙烯系橡膠,2013. 180950 乙烯丙烯系橡膠
2014,180951,順丁二烯橡膠,2014. 180951 順丁二烯橡膠
2015,180952,醋酸銅,2015. 180952 醋酸銅
2016,180953,氯化(亞)銅,2016. 180953 氯化(亞)銅
2017,181099,其他金屬及無機鹽,2017. 181099 其他金屬及無機鹽
2018,181199,其他無機酸類,2018. 181199 其他無機酸類
2019,181299,其他氫氧化物,2019. 181299 其他氫氧化物
2020,181399,其他氧化物,2020. 181399 其他氧化物
2021,181499,其他硫酸鹽,2021. 181499 其他硫酸鹽
2022,181599,其他硫化合物或硫酸鹽,2022. 181599 其他硫化合物或硫酸鹽
2023,181799,其他雜項基本化學材料,2023. 181799 其他雜項基本化學材料
2024,181899,其他無環烴,2024. 181899 其他無環烴
2025,182099,其他環烴,2025. 182099 其他環烴
2026,182199,其他芳香烴,2026. 182199 其他芳香烴
2027,182299,其他烴衍生物,2027. 182299 其他烴衍生物
2028,182399,其他環氧化物及醚類,2028. 182399 其他環氧化物及醚類
2029,182499,其他醛及酮化合物,2029. 182499 其他醛及酮化合物
2030,182599,其他醇化合物,2030. 182599 其他醇化合物
2031,182699,其他酚及化合物,2031. 182699 其他酚及化合物
2032,182899,其他丙烯酸酯,2032. 182899 其他丙烯酸酯
2033,182999,其他有機酸、酸酐及其酯類,2033. 182999 其他有機酸、酸酐及其酯類
2034,183099,其他合成胺及睛合物,2034. 183099 其他合成胺及睛合物
2035,183199,其他雜項石油化工原料,2035. 183199 其他雜項石油化工原料
2036,183299,其他氮肥,2036. 183299 其他氮肥
2037,183399,其他磷肥,2037. 183399 其他磷肥
2038,183499,其他鉀肥,2038. 183499 其他鉀肥
2039,183599,其他複合肥料,2039. 183599 其他複合肥料
2040,183699,其他聚苯乙烯,2040. 183699 其他聚苯乙烯
2041,183799,其他塑膠粒,2041. 183799 其他塑膠粒
2042,183999,其他熱固性樹脂,2042. 183999 其他熱固性樹脂
2043,184099,其他合成樹脂,2043. 184099 其他合成樹脂
2044,184199,其他工程塑膠,2044. 184199 其他工程塑膠
2045,184299,其他合成橡膠,2045. 184299 其他合成橡膠
2046,184399,其他合成纖維,2046. 184399 其他合成纖維
2047,184499,其他再生纖維,2047. 184499 其他再生纖維
2048,184699,其他鈉化合物,2048. 184699 其他鈉化合物
2049,184799,其他鎂化合物,2049. 184799 其他鎂化合物
2050,184899,其他鋁化合物,2050. 184899 其他鋁化合物
2051,184999,其他鈣化合物,2051. 184999 其他鈣化合物
2052,185099,其他鋅化合物,2052. 185099 其他鋅化合物
2053,185199,其他鈦化合物,2053. 185199 其他鈦化合物
2054,185299,其他鍺化合物,2054. 185299 其他鍺化合物
2055,185399,其他磺酸鹽,2055. 185399 其他磺酸鹽
2056,185499,其他鋯化物,2056. 185499 其他鋯化物
2057,185599,其他釩化物,2057. 185599 其他釩化物
2058,185699,其他氟化物,2058. 185699 其他氟化物
2059,185799,其他鋰化合物,2059. 185799 其他鋰化合物
2060,185899,其他氯化物,2060. 185899 其他氯化物
2061,185999,其他碳化物,2061. 185999 其他碳化物
2062,186099,其他磷化物,2062. 186099 其他磷化物
2063,186199,其他烯烴氯化物,2063. 186199 其他烯烴氯化物
2064,186299,其他炔類,2064. 186299 其他炔類
2065,186399,其他烯烴類或其化合物,2065. 186399 其他烯烴類或其化合物
2066,186499,其他取代基,2066. 186499 其他取代基
2067,186599,其他苯類及其化合物,2067. 186599 其他苯類及其化合物
2068,186699,其他烷基苯,2068. 186699 其他烷基苯
2069,186899,其他氟氯烷,2069. 186899 其他氟氯烷
2070,186999,其他氯烷,2070. 186999 其他氯烷
2071,187099,其他氰類,2071. 187099 其他氰類
2072,187199,其他烷類,2072. 187199 其他烷類
2073,187299,其他環烷,2073. 187299 其他環烷
2074,187399,其他雜環脂肪烴,2074. 187399 其他雜環脂肪烴
2075,187699,其他醛類及其化合物,2075. 187699 其他醛類及其化合物
2076,187799,其他醇類及醇類化合物,2076. 187799 其他醇類及醇類化合物
2077,188099,其他纖維素,2077. 188099 其他纖維素
2078,188199,其他鎳化合物,2078. 188199 其他鎳化合物
2079,190001,殺菌劑,2079. 190001 殺菌劑
2080,190002,殺蟲劑(農業用),2080. 190002 殺蟲劑(農業用)
2081,190003,殺鼠劑,2081. 190003 殺鼠劑
2082,190004,除草劑,2082. 190004 除草劑
2083,190005,殺虫滿劑,2083. 190005 殺虫滿劑
2084,190006,殺線蟲劑,2084. 190006 殺線蟲劑
2085,190007,植物生長調節劑,2085. 190007 植物生長調節劑
2086,190008,引誘劑,2086. 190008 引誘劑
2087,190009,除藻劑,2087. 190009 除藻劑
2088,190010,除螺劑,2088. 190010 除螺劑
2089,190011,發芽抑制劑,2089. 190011 發芽抑制劑
2090,190012,驅蟲劑,2090. 190012 驅蟲劑
2091,190014,殺蟲劑,2091. 190014 殺蟲劑
2092,190015,殺菌消毒劑,2092. 190015 殺菌消毒劑
2093,190016,微生物製劑(環境衛生專用),2093. 190016 微生物製劑(環境衛生專用)
2094,190017,生物殺蟲劑,2094. 190017 生物殺蟲劑
2095,190018,微生物除草劑,2095. 190018 微生物除草劑
2096,190019,微生物殺菌劑,2096. 190019 微生物殺菌劑
2097,190020,微生物生長調節劑,2097. 190020 微生物生長調節劑
2098,190021,蚊香(含電蚊香),2098. 190021 蚊香(含電蚊香)
2099,190022,噴霧殺蟲劑,2099. 190022 噴霧殺蟲劑
2100,190024,分散性染料,2100. 190024 分散性染料
2101,190025,反應性染料,2101. 190025 反應性染料
2102,190026,酸性染料,2102. 190026 酸性染料
2103,190027,直接染料,2103. 190027 直接染料
2104,190028,螢光增白劑,2104. 190028 螢光增白劑
2105,190029,動物染料,2105. 190029 動物染料
2106,190030,植物染料,2106. 190030 植物染料
2107,190034,調製顏料,2107. 190034 調製顏料
2108,190035,溶劑型塗料(漆料),2108. 190035 溶劑型塗料(漆料)
2109,190036,水性塗料(漆料),2109. 190036 水性塗料(漆料)
2110,190037,粉體塗料(漆料),2110. 190037 粉體塗料(漆料)
2111,190038,上光色料,2111. 190038 上光色料
2112,190039,塗料(漆料)助劑,2112. 190039 塗料(漆料)助劑
2113,190040,塗料(漆料)用稀釋劑,2113. 190040 塗料(漆料)用稀釋劑
2114,190041,塗料(漆料)用脫膜劑,2114. 190041 塗料(漆料)用脫膜劑
2115,190042,塗料(漆料)用催乾劑,2115. 190042 塗料(漆料)用催乾劑
2116,190043,封緘料,2116. 190043 封緘料
2117,190045,補土(油灰),2117. 190045 補土(油灰)
2118,190046,油墨,2118. 190046 油墨
2119,190047,油墨稀釋劑,2119. 190047 油墨稀釋劑
2120,190048,釉料,2120. 190048 釉料
2121,190049,金油,2121. 190049 金油
2122,190050,洗滌肥皂,2122. 190050 洗滌肥皂
2123,190051,肥皂粉（絲）,2123. 190051 肥皂粉（絲）
2124,190052,皂膏,2124. 190052 皂膏
2125,190053,一般洗衣粉(未濃縮),2125. 190053 一般洗衣粉(未濃縮)
2126,190054,濃縮洗衣粉,2126. 190054 濃縮洗衣粉
2127,190055,洗衣精(膏),2127. 190055 洗衣精(膏)
2128,190056,液體清潔劑,2128. 190056 液體清潔劑
2129,190057,牙膏,2129. 190057 牙膏
2130,190058,牙粉,2130. 190058 牙粉
2131,190059,口腔衛生製劑,2131. 190059 口腔衛生製劑
2132,190061,非離子界面活性劑,2132. 190061 非離子界面活性劑
2133,190062,陰離子界面活性劑,2133. 190062 陰離子界面活性劑
2134,190063,表面活性劑,2134. 190063 表面活性劑
2135,190065,柔軟劑,2135. 190065 柔軟劑
2136,190066,洗碟劑,2136. 190066 洗碟劑
2137,190067,洗滌劑,2137. 190067 洗滌劑
2138,190068,滌垢劑,2138. 190068 滌垢劑
2139,190069,滌油劑,2139. 190069 滌油劑
2140,190070,乾洗劑,2140. 190070 乾洗劑
2141,190072,香水,2141. 190072 香水
2142,190073,花露水,2142. 190073 花露水
2143,190074,卸粧劑,2143. 190074 卸粧劑
2144,190075,面膜,2144. 190075 面膜
2145,190076,面霜,2145. 190076 面霜
2146,190077,面脂,2146. 190077 面脂
2147,190078,面油,2147. 190078 面油
2148,190079,面粉,2148. 190079 面粉
2149,190081,止汗劑,2149. 190081 止汗劑
2150,190082,身體除臭劑,2150. 190082 身體除臭劑
2151,190083,爽身粉,2151. 190083 爽身粉
2152,190084,痱子粉,2152. 190084 痱子粉
2153,190086,剃鬚水,2153. 190086 剃鬚水
2154,190087,剃鬚皂,2154. 190087 剃鬚皂
2155,190088,剃鬚膏,2155. 190088 剃鬚膏
2156,190089,男性化粧品,2156. 190089 男性化粧品
2157,190090,香皂,2157. 190090 香皂
2158,190091,洗髮精(潤髮乳),2158. 190091 洗髮精(潤髮乳)
2159,190092,染髮劑,2159. 190092 染髮劑
2160,190093,洗面乳,2160. 190093 洗面乳
2161,190094,洗面皂,2161. 190094 洗面皂
2162,190095,沐浴乳(精、鹽),2162. 190095 沐浴乳(精、鹽)
2163,190096,髮膏,2163. 190096 髮膏
2164,190097,髮膠,2164. 190097 髮膠
2165,190098,眼線膏,2165. 190098 眼線膏
2166,190100,香粉,2166. 190100 香粉
2167,190101,唇膏,2167. 190101 唇膏
2168,190102,胭脂,2168. 190102 胭脂
2169,190103,指甲油去光水,2169. 190103 指甲油去光水
2170,190104,化粧用甘油,2170. 190104 化粧用甘油
2171,190105,調合香精,2171. 190105 調合香精
2172,190106,眉膏,2172. 190106 眉膏
2173,190107,水處理劑,2173. 190107 水處理劑
2174,190108,安定劑,2174. 190108 安定劑
2175,190109,抗氧化劑,2175. 190109 抗氧化劑
2176,190110,礦油防氧化劑,2176. 190110 礦油防氧化劑
2177,190111,難燃劑,2177. 190111 難燃劑
2178,190112,礦油防沫劑,2178. 190112 礦油防沫劑
2179,190113,礦油防蝕劑,2179. 190113 礦油防蝕劑
2180,190114,抗震劑,2180. 190114 抗震劑
2181,190115,冷凍媒,2181. 190115 冷凍媒
2182,190116,乙基鉛,2182. 190116 乙基鉛
2183,190117,有機合成觸媒,2183. 190117 有機合成觸媒
2184,190118,煉油觸媒,2184. 190118 煉油觸媒
2185,190119,聚合反應觸媒,2185. 190119 聚合反應觸媒
2186,190120,熱交換熱媒,2186. 190120 熱交換熱媒
2187,190122,炸藥,2187. 190122 炸藥
2188,190123,煙火,2188. 190123 煙火
2189,190124,火柴,2189. 190124 火柴
2190,190125,火藥,2190. 190125 火藥
2191,190126,雷汞,2191. 190126 雷汞
2192,190127,導火劑,2192. 190127 導火劑
2193,190128,發火劑,2193. 190128 發火劑
2194,190129,引炸劑,2194. 190129 引炸劑
2195,190130,安全引信,2195. 190130 安全引信
2196,190131,稀釋劑(塗料、油墨除外),2196. 190131 稀釋劑(塗料、油墨除外)
2197,190132,熱融膠接著劑,2197. 190132 熱融膠接著劑
2198,190133,瞬間接著劑,2198. 190133 瞬間接著劑
2199,190134,氯丁二烯橡膠接著劑,2199. 190134 氯丁二烯橡膠接著劑
2200,190135,聚胺基甲酸脂樹脂接著劑,2200. 190135 聚胺基甲酸脂樹脂接著劑
2201,190136,膠水,2201. 190136 膠水
2202,190137,膠黏劑,2202. 190137 膠黏劑
2203,190138,工業用膠,2203. 190138 工業用膠
2204,190140,中和劑,2204. 190140 中和劑
2205,190141,去漆劑,2205. 190141 去漆劑
2206,190142,皮膜劑,2206. 190142 皮膜劑
2207,190143,光澤劑,2207. 190143 光澤劑
2208,190144,防水料,2208. 190144 防水料
2209,190145,防火劑,2209. 190145 防火劑
2210,190146,防銹劑,2210. 190146 防銹劑
2211,190147,防濕劑(乾燥劑),2211. 190147 防濕劑(乾燥劑)
2212,190148,防腐劑,2212. 190148 防腐劑
2213,190149,除渣劑,2213. 190149 除渣劑
2214,190150,乳化劑,2214. 190150 乳化劑
2215,190151,固色劑,2215. 190151 固色劑
2216,190152,定影劑,2216. 190152 定影劑
2217,190153,顯影劑,2217. 190153 顯影劑
2218,190154,油添加劑,2218. 190154 油添加劑
2219,190155,金屬表面浸潤劑,2219. 190155 金屬表面浸潤劑
2220,190156,金屬表面處理劑,2220. 190156 金屬表面處理劑
2221,190157,重金屬捕集劑,2221. 190157 重金屬捕集劑
2222,190158,促進劑,2222. 190158 促進劑
2223,190159,指示劑,2223. 190159 指示劑
2224,190160,展著劑,2224. 190160 展著劑
2225,190161,紡織漿料,2225. 190161 紡織漿料
2226,190163,閃光劑,2226. 190163 閃光劑
2227,190164,除銹劑,2227. 190164 除銹劑
2228,190165,脫脂劑,2228. 190165 脫脂劑
2229,190166,脫臭劑,2229. 190166 脫臭劑
2230,190167,脫模劑,2230. 190167 脫模劑
2231,190168,脫色劑,2231. 190168 脫色劑
2232,190169,媒染劑,2232. 190169 媒染劑
2233,190170,植物鞣劑,2233. 190170 植物鞣劑
2234,190171,無機鞣劑,2234. 190171 無機鞣劑
2235,190172,發泡劑,2235. 190172 發泡劑
2236,190173,硬化劑,2236. 190173 硬化劑
2237,190174,滅火劑,2237. 190174 滅火劑
2238,190175,電鍍劑,2238. 190175 電鍍劑
2239,190176,漂白劑,2239. 190176 漂白劑
2240,190177,銲藥(助銲劑),2240. 190177 銲藥(助銲劑)
2241,190178,錫膏,2241. 190178 錫膏
2242,190179,墨輥、橡皮及清洗溶劑,2242. 190179 墨輥、橡皮及清洗溶劑
2243,190181,光學用清潔劑,2243. 190181 光學用清潔劑
2244,190183,化學機械研液(CMP),2244. 190183 化學機械研液(CMP)
2245,190184,光阻(不含乾膜光阻),2245. 190184 光阻(不含乾膜光阻)
2246,190185,固態模封材料(EMC),2246. 190185 固態模封材料(EMC)
2247,190186,剝錫液,2247. 190186 剝錫液
2248,190187,氧化物蝕刻液(BOE),2248. 190187 氧化物蝕刻液(BOE)
2249,190188,酸性蝕刻劑,2249. 190188 酸性蝕刻劑
2250,190189,電漿蝕刻劑,2250. 190189 電漿蝕刻劑
2251,190190,鹼性蝕刻劑,2251. 190190 鹼性蝕刻劑
2252,190191,非食用動物油脂,2252. 190191 非食用動物油脂
2253,190192,亮光蠟,2253. 190192 亮光蠟
2254,190193,蠟燭,2254. 190193 蠟燭
2255,190194,塑蠟,2255. 190194 塑蠟
2256,190195,封口蠟,2256. 190195 封口蠟
2257,190196,打光蠟,2257. 190196 打光蠟
2258,190197,地板蠟,2258. 190197 地板蠟
2259,190198,汽車蠟,2259. 190198 汽車蠟
2260,190199,其他電子工業用化學處理劑,2260. 190199 其他電子工業用化學處理劑
2261,190200,非食用植物油脂,2261. 190200 非食用植物油脂
2262,190201,鞋油,2262. 190201 鞋油
2263,190202,精油,2263. 190202 精油
2264,190203,天然精油,2264. 190203 天然精油
2265,190204,保革油,2265. 190204 保革油
2266,190205,胡桃油,2266. 190205 胡桃油
2267,190206,香茅油,2267. 190206 香茅油
2268,190207,冬青油,2268. 190207 冬青油
2269,190208,薄荷油,2269. 190208 薄荷油
2270,190209,荏油,2270. 190209 荏油
2271,190210,魚油,2271. 190210 魚油
2272,190211,鯨油,2272. 190211 鯨油
2273,190212,桐油,2273. 190212 桐油
2274,190213,環氧化油,2274. 190213 環氧化油
2275,190214,碳粉,2275. 190214 碳粉
2276,190215,ＦＲＰ纖維強化熱固性強塑膠,2276. 190215 ＦＲＰ纖維強化熱固性強塑膠
2277,190216,ＦＲＴＰ纖維強化熱塑性塑膠,2277. 190216 ＦＲＴＰ纖維強化熱塑性塑膠
2278,190217,活性碳,2278. 190217 活性碳
2279,190218,黑煙膠,2279. 190218 黑煙膠
2280,190219,天然橡膠,2280. 190219 天然橡膠
2281,190220,塑型膠料,2281. 190220 塑型膠料
2282,190221,補胎膠,2282. 190221 補胎膠
2283,190222,印刷版用膠,2283. 190222 印刷版用膠
2284,190223,尿素膠,2284. 190223 尿素膠
2285,190224,動物膠,2285. 190224 動物膠
2286,190225,魚膠,2286. 190225 魚膠
2287,190226,工業用衍生澱粉,2287. 190226 工業用衍生澱粉
2288,190227,感光劑,2288. 190227 感光劑
2289,190228,感光片,2289. 190228 感光片
2290,190229,底片(膠捲),2290. 190229 底片(膠捲)
2291,190230,無機試藥,2291. 190230 無機試藥
2292,190231,有機試藥,2292. 190231 有機試藥
2293,190232,樟腦,2293. 190232 樟腦
2294,190233,墨水,2294. 190233 墨水
2295,190234,墨汁,2295. 190234 墨汁
2296,190235,擦銅膏,2296. 190235 擦銅膏
2297,190236,薄荷腦,2297. 190236 薄荷腦
2298,190237,打光粉,2298. 190237 打光粉
2299,190238,潤滑粉,2299. 190238 潤滑粉
2300,190239,冷媒,2300. 190239 冷媒
2301,190241,偶氮染料,2301. 190241 偶氮染料
2302,190242,靛染料,2302. 190242 靛染料
2303,190243,顏料(藍)－普魯士藍,2303. 190243 顏料(藍)－普魯士藍
2304,190244,顏料(藍)－群青,2304. 190244 顏料(藍)－群青
2305,190245,有機顏料－不溶料,2305. 190245 有機顏料－不溶料
2306,190246,有機顏料－沈澱色素,2306. 190246 有機顏料－沈澱色素
2307,190247,顏料(白)－鉛白,2307. 190247 顏料(白)－鉛白
2308,190248,顏料(白)－鋅白,2308. 190248 顏料(白)－鋅白
2309,190249,顏料(白)－鋅鋇白,2309. 190249 顏料(白)－鋅鋇白
2310,190250,顏料(白)－鈦白粉,2310. 190250 顏料(白)－鈦白粉
2311,190251,顏料(紅)－鈣紅,2311. 190251 顏料(紅)－鈣紅
2312,190252,顏料(紅)－銀硃,2312. 190252 顏料(紅)－銀硃
2313,190253,顏料(紅)－鐵丹,2313. 190253 顏料(紅)－鐵丹
2314,190254,顏料(紅)－鹼性鉻酸鉛,2314. 190254 顏料(紅)－鹼性鉻酸鉛
2315,190255,顏料(黃)－鉻黃,2315. 190255 顏料(黃)－鉻黃
2316,190256,顏料(黃)－鋅黃,2316. 190256 顏料(黃)－鋅黃
2317,190257,顏料(黑)－碳系黑色顏料,2317. 190257 顏料(黑)－碳系黑色顏料
2318,190258,顏料(綠)－氧化鉻,2318. 190258 顏料(綠)－氧化鉻
2319,190264,合成樹脂塗料,2319. 190264 合成樹脂塗料
2320,190265,透明油性清漆,2320. 190265 透明油性清漆
2321,190266,透明酒精性清漆,2321. 190266 透明酒精性清漆
2322,190267,透明纖維素假漆,2322. 190267 透明纖維素假漆
2323,190268,有色油性塗料,2323. 190268 有色油性塗料
2324,190269,有色瓷漆塗料,2324. 190269 有色瓷漆塗料
2325,190270,天然清漆塗料,2325. 190270 天然清漆塗料
2326,190271,有色乳化塗料,2326. 190271 有色乳化塗料
2327,190272,有色膠漿塗料,2327. 190272 有色膠漿塗料
2328,190273,抗光性塗料,2328. 190273 抗光性塗料
2329,190275,衣料用洗劑,2329. 190275 衣料用洗劑
2330,190277,浴廁用洗劑,2330. 190277 浴廁用洗劑
2331,190278,乾粉滅火藥劑,2331. 190278 乾粉滅火藥劑
2332,190280,均相觸媒,2332. 190280 均相觸媒
2333,190281,非均相觸媒,2333. 190281 非均相觸媒
2334,190282,過氧化物聚合觸媒,2334. 190282 過氧化物聚合觸媒
2335,190284,橡膠溶劑,2335. 190284 橡膠溶劑
2336,190285,氯丁二烯,2336. 190285 氯丁二烯
2337,190286,氯丁二烯橡膠,2337. 190286 氯丁二烯橡膠
2338,190287,助焊劑,2338. 190287 助焊劑
2339,190288,松香,2339. 190288 松香
2340,190289,無機液,2340. 190289 無機液
2341,190290,凡立水,2341. 190290 凡立水
2342,190291,松香水,2342. 190291 松香水
2343,190292,香蕉水,2343. 190292 香蕉水
2344,190294,光阻剝離液,2344. 190294 光阻剝離液
2345,190295,溶劑,2345. 190295 溶劑
2346,190296,鎂鋁劑,2346. 190296 鎂鋁劑
2347,190297,研磨劑（耐磨物）,2347. 190297 研磨劑（耐磨物）
2348,190298,顯影液,2348. 190298 顯影液
2349,190299,其他農藥,2349. 190299 其他農藥
2350,190399,其他環境衛生用藥,2350. 190399 其他環境衛生用藥
2351,190499,其他染料,2351. 190499 其他染料
2352,190599,其他色系之有機顏料,2352. 190599 其他色系之有機顏料
2353,190699,其他色系之無機顏料,2353. 190699 其他色系之無機顏料
2354,190799,其他機能塗料(漆料),2354. 190799 其他機能塗料(漆料)
2355,190899,其他皂類,2355. 190899 其他皂類
2356,190999,其他界面活性劑,2356. 190999 其他界面活性劑
2357,191099,其他清潔用品,2357. 191099 其他清潔用品
2358,191199,其他覆敷用保養品,2358. 191199 其他覆敷用保養品
2359,191299,其他保養品,2359. 191299 其他保養品
2360,191399,其他化粧品,2360. 191399 其他化粧品
2361,191401,鈷錳觸媒化學品,2361. 191401 鈷錳觸媒化學品
2362,191402,聚胺基甲酸樹脂加工品,2362. 191402 聚胺基甲酸樹脂加工品
2363,191499,其他工業觸媒及添加劑,2363. 191499 其他工業觸媒及添加劑
2364,191599,其他接著劑,2364. 191599 其他接著劑
2365,191699,其他紡織染整助劑,2365. 191699 其他紡織染整助劑
2366,191799,其他工業助劑,2366. 191799 其他工業助劑
2367,191899,其他電子級清洗劑,2367. 191899 其他電子級清洗劑
2368,191999,其他雜項化學製品,2368. 191999 其他雜項化學製品
2369,192099,其他顏料(白),2369. 192099 其他顏料(白)
2370,192199,其他顏料(紅),2370. 192199 其他顏料(紅)
2371,192299,其他顏料(黃),2371. 192299 其他顏料(黃)
2372,192399,其他顏料(綠),2372. 192399 其他顏料(綠)
2373,192499,其他顏料(藍),2373. 192499 其他顏料(藍)
2374,192599,其他清潔劑,2374. 192599 其他清潔劑
2375,192699,其他乾洗溶劑,2375. 192699 其他乾洗溶劑
2376,192799,其他特殊性觸媒,2376. 192799 其他特殊性觸媒
2377,192899,其他或特殊蝕刻劑,2377. 192899 其他或特殊蝕刻劑
2378,192999,其他有機溶劑,2378. 192999 其他有機溶劑
2379,193099,其他蠟,2379. 193099 其他蠟
2380,200001,抗生素,2380. 200001 抗生素
2381,200002,維生素(維他命),2381. 200002 維生素(維他命)
2382,200003,激素(荷爾蒙),2382. 200003 激素(荷爾蒙)
2383,200004,生技製原料藥,2383. 200004 生技製原料藥
2384,200005,胃腸道作用原料藥,2384. 200005 胃腸道作用原料藥
2385,200006,麻醉用原料藥,2385. 200006 麻醉用原料藥
2386,200007,鎮靜催眠用原料藥,2386. 200007 鎮靜催眠用原料藥
2387,200008,心臟脈管與腎作用原料藥,2387. 200008 心臟脈管與腎作用原料藥
2388,200009,呼吸道作用原料藥,2388. 200009 呼吸道作用原料藥
2389,200010,抗過敏抗組織胺用原料藥,2389. 200010 抗過敏抗組織胺用原料藥
2390,200011,皮膚用原料藥,2390. 200011 皮膚用原料藥
2391,200012,營養與電解質液,2391. 200012 營養與電解質液
2392,200013,血液與造血器官作用原料藥,2392. 200013 血液與造血器官作用原料藥
2393,200014,免疫性用原料藥,2393. 200014 免疫性用原料藥
2394,200015,抗腫瘤用藥原料藥,2394. 200015 抗腫瘤用藥原料藥
2395,200016,抗微生物用藥原料藥,2395. 200016 抗微生物用藥原料藥
2396,200017,動物用原料藥,2396. 200017 動物用原料藥
2397,200018,賦形劑,2397. 200018 賦形劑
2398,200019,空膠囊,2398. 200019 空膠囊
2399,200020,醫藥中間體,2399. 200020 醫藥中間體
2400,200022,醫護材料,2400. 200022 醫護材料
2401,200023,藥皂,2401. 200023 藥皂
2402,200024,西藥丸劑,2402. 200024 西藥丸劑
2403,200025,西藥乳劑,2403. 200025 西藥乳劑
2404,200026,西藥酊劑,2404. 200026 西藥酊劑
2405,200027,西藥栓劑,2405. 200027 西藥栓劑
2406,200028,西藥錠劑,2406. 200028 西藥錠劑
2407,200029,西藥顆（細）粒劑,2407. 200029 西藥顆（細）粒劑
2408,200030,西藥粉（散）劑,2408. 200030 西藥粉（散）劑
2409,200031,西藥酏劑,2409. 200031 西藥酏劑
2410,200032,西藥貼劑,2410. 200032 西藥貼劑
2411,200033,西藥軟膠囊劑,2411. 200033 西藥軟膠囊劑
2412,200034,西藥膠囊劑,2412. 200034 西藥膠囊劑
2413,200035,西藥凝膠劑,2413. 200035 西藥凝膠劑
2414,200036,西藥氣化噴霧劑,2414. 200036 西藥氣化噴霧劑
2415,200037,西藥軟（乳）膏劑,2415. 200037 西藥軟（乳）膏劑
2416,200038,西藥浸膏,2416. 200038 西藥浸膏
2417,200039,西藥流浸膏,2417. 200039 西藥流浸膏
2418,200040,西藥注射劑,2418. 200040 西藥注射劑
2419,200041,西藥粉性注射劑,2419. 200041 西藥粉性注射劑
2420,200042,西藥控釋型劑,2420. 200042 西藥控釋型劑
2421,200043,西藥眼用藥膏（藥水）,2421. 200043 西藥眼用藥膏（藥水）
2422,200044,西藥內服液劑,2422. 200044 西藥內服液劑
2423,200045,西藥外用液劑,2423. 200045 西藥外用液劑
2424,200046,西藥外科腸線,2424. 200046 西藥外科腸線
2425,200047,西藥外用粉（散）,2425. 200047 西藥外用粉（散）
2426,200048,西藥紗布,2426. 200048 西藥紗布
2427,200049,西藥敷料,2427. 200049 西藥敷料
2428,200050,西藥繃帶,2428. 200050 西藥繃帶
2429,200052,血液衍生物,2429. 200052 血液衍生物
2430,200053,疫苗,2430. 200053 疫苗
2431,200054,抗毒素,2431. 200054 抗毒素
2432,200055,醫用石膏,2432. 200055 醫用石膏
2433,200056,懸浮劑,2433. 200056 懸浮劑
2434,200057,血清蛋白,2434. 200057 血清蛋白
2435,200058,血漿萃取物,2435. 200058 血漿萃取物
2436,200059,毒素,2436. 200059 毒素
2437,200060,基因工程藥品,2437. 200060 基因工程藥品
2438,200061,蛇毒血清,2438. 200061 蛇毒血清
2439,200062,結核菌素,2439. 200062 結核菌素
2440,200063,菌苗,2440. 200063 菌苗
2441,200064,凝血因子,2441. 200064 凝血因子
2442,200065,類毒素,2442. 200065 類毒素
2443,200066,生技製劑,2443. 200066 生技製劑
2444,200067,中藥傳統製劑,2444. 200067 中藥傳統製劑
2445,200068,中藥濃縮製劑,2445. 200068 中藥濃縮製劑
2446,200069,中藥之西藥劑型,2446. 200069 中藥之西藥劑型
2447,200070,中藥丸劑,2447. 200070 中藥丸劑
2448,200071,中藥酒劑,2448. 200071 中藥酒劑
2449,200072,中藥丹劑,2449. 200072 中藥丹劑
2450,200073,中藥內服液劑,2450. 200073 中藥內服液劑
2451,200074,中藥外用液劑,2451. 200074 中藥外用液劑
2452,200075,中藥外用粉（散）劑,2452. 200075 中藥外用粉（散）劑
2453,200076,中藥油膏劑,2453. 200076 中藥油膏劑
2454,200077,中藥流浸膏劑,2454. 200077 中藥流浸膏劑
2455,200078,中藥浸膏劑,2455. 200078 中藥浸膏劑
2456,200079,中藥粉（散）劑,2456. 200079 中藥粉（散）劑
2457,200080,中藥軟膏劑,2457. 200080 中藥軟膏劑
2458,200081,中藥硬膏,2458. 200081 中藥硬膏
2459,200082,中藥飲片加工,2459. 200082 中藥飲片加工
2460,200083,中藥碎片劑,2460. 200083 中藥碎片劑
2461,200084,中藥膏滋,2461. 200084 中藥膏滋
2462,200085,中藥膠劑,2462. 200085 中藥膠劑
2463,200086,中藥膠囊劑,2463. 200086 中藥膠囊劑
2464,200087,中藥糖漿劑,2464. 200087 中藥糖漿劑
2465,200088,中藥錠劑,2465. 200088 中藥錠劑
2466,200089,中藥顆（細）粒劑,2466. 200089 中藥顆（細）粒劑
2467,200090,中藥麴劑,2467. 200090 中藥麴劑
2468,200091,中藥露劑,2468. 200091 中藥露劑
2469,200092,檢驗試劑,2469. 200092 檢驗試劑
2470,200099,其他原料藥,2470. 200099 其他原料藥
2471,200199,其他西藥製劑,2471. 200199 其他西藥製劑
2472,210001,徑向層輪胎,2472. 210001 徑向層輪胎
2473,210002,汽車內胎,2473. 210002 汽車內胎
2474,210004,機車外胎,2474. 210004 機車外胎
2475,210005,機車內胎,2475. 210005 機車內胎
2476,210006,自行車外胎,2476. 210006 自行車外胎
2477,210007,自行車內胎,2477. 210007 自行車內胎
2478,210008,重機械車內胎,2478. 210008 重機械車內胎
2479,210009,航空器內胎,2479. 210009 航空器內胎
2480,210010,農工業車內胎,2480. 210010 農工業車內胎
2481,210011,重機械車輪胎,2481. 210011 重機械車輪胎
2482,210012,航空器輪胎,2482. 210012 航空器輪胎
2483,210013,農工業車輪胎,2483. 210013 農工業車輪胎
2484,210014,駝背胎面膠,2484. 210014 駝背胎面膠
2485,210017,橡膠管,2485. 210017 橡膠管
2486,210018,輸送橡膠帶,2486. 210018 輸送橡膠帶
2487,210019,三角傳動橡膠帶,2487. 210019 三角傳動橡膠帶
2488,210020,橡膠輸送帶,2488. 210020 橡膠輸送帶
2489,210021,橡膠傳動帶,2489. 210021 橡膠傳動帶
2490,210023,橡膠滾筒,2490. 210023 橡膠滾筒
2491,210024,橡膠迫緊(油封),2491. 210024 橡膠迫緊(油封)
2492,210025,橡膠滾輪,2492. 210025 橡膠滾輪
2493,210026,橡膠密封材,2493. 210026 橡膠密封材
2494,210027,車輛用橡膠零配件,2494. 210027 車輛用橡膠零配件
2495,210028,建築用橡膠零配件,2495. 210028 建築用橡膠零配件
2496,210029,電機電子用橡膠零配件,2496. 210029 電機電子用橡膠零配件
2497,210030,機械用橡膠零配件,2497. 210030 機械用橡膠零配件
2498,210032,橡膠手套,2498. 210032 橡膠手套
2499,210033,泡沫橡膠,2499. 210033 泡沫橡膠
2500,210034,防震橡膠,2500. 210034 防震橡膠
2501,210035,充氣橡膠床墊,2501. 210035 充氣橡膠床墊
2502,210036,再生橡膠,2502. 210036 再生橡膠
2503,210037,矽膠奶嘴,2503. 210037 矽膠奶嘴
2504,210038,保險套,2504. 210038 保險套
2505,210039,海棉橡膠,2505. 210039 海棉橡膠
2506,210040,橡膠墊,2506. 210040 橡膠墊
2507,210041,橡膠枕,2507. 210041 橡膠枕
2508,210042,橡膠板,2508. 210042 橡膠板
2509,210043,橡膠環,2509. 210043 橡膠環
2510,210044,橡膠條,2510. 210044 橡膠條
2511,210045,橡膠褲,2511. 210045 橡膠褲
2512,210046,橡膠塊,2512. 210046 橡膠塊
2513,210047,橡膠衣,2513. 210047 橡膠衣
2514,210048,橡膠片,2514. 210048 橡膠片
2515,210049,橡膠線,2515. 210049 橡膠線
2516,210050,橡膠糊,2516. 210050 橡膠糊
2517,210051,橡膠乳頭,2517. 210051 橡膠乳頭
2518,210052,橡膠氣墊,2518. 210052 橡膠氣墊
2519,210053,橡膠圓盤,2519. 210053 橡膠圓盤
2520,210054,橡膠地板,2520. 210054 橡膠地板
2521,210055,橡膠套管,2521. 210055 橡膠套管
2522,210056,橡膠粉粒,2522. 210056 橡膠粉粒
2523,210057,橡膠圍裙,2523. 210057 橡膠圍裙
2524,210058,橡膠雨衣,2524. 210058 橡膠雨衣
2525,210059,橡膠冰袋,2525. 210059 橡膠冰袋
2526,210060,橡膠手指套,2526. 210060 橡膠手指套
2527,210061,橡膠絲（索）,2527. 210061 橡膠絲（索）
2528,210062,橡膠滾筒貼面,2528. 210062 橡膠滾筒貼面
2529,210063,橡膠地板貼面,2529. 210063 橡膠地板貼面
2530,210065,橡膠半成品,2530. 210065 橡膠半成品
2531,210099,其他汽車外胎,2531. 210099 其他汽車外胎
2532,210199,其他內胎,2532. 210199 其他內胎
2533,210299,其他外胎,2533. 210299 其他外胎
2534,210399,其他傳動橡膠帶,2534. 210399 其他傳動橡膠帶
2535,210499,其他工業橡膠,2535. 210499 其他工業橡膠
2536,210599,其他橡膠製品(不含運動球),2536. 210599 其他橡膠製品(不含運動球)
2537,220001,聚氯乙烯塑膠皮(PVC塑膠皮),2537. 220001 聚氯乙烯塑膠皮(PVC塑膠皮)
2538,220002,P.E.發泡板,2538. 220002 P.E.發泡板
2539,220003,P.P.塑膠皮,2539. 220003 P.P.塑膠皮
2540,220004,聚胺酯合成皮(PU塑膠皮),2540. 220004 聚胺酯合成皮(PU塑膠皮)
2541,220006,聚氯乙烯塑膠布(PVC塑膠皮),2541. 220006 聚氯乙烯塑膠布(PVC塑膠皮)
2542,220007,P.E.塑膠布,2542. 220007 P.E.塑膠布
2543,220008,P.P.塑膠布,2543. 220008 P.P.塑膠布
2544,220009,塑膠皮布加工,2544. 220009 塑膠皮布加工
2545,220011,聚氯乙烯(PVC)塑膠硬管,2545. 220011 聚氯乙烯(PVC)塑膠硬管
2546,220012,聚乙烯硬管,2546. 220012 聚乙烯硬管
2547,220013,聚氯乙烯(PVC)塑膠軟管,2547. 220013 聚氯乙烯(PVC)塑膠軟管
2548,220014,塑膠地磚,2548. 220014 塑膠地磚
2549,220015,塑膠片,2549. 220015 塑膠片
2550,220016,塑膠桿,2550. 220016 塑膠桿
2551,220017,壓克力板,2551. 220017 壓克力板
2552,220018,塑膠板(不含塑膠浪板),2552. 220018 塑膠板(不含塑膠浪板)
2553,220019,塑膠浪板,2553. 220019 塑膠浪板
2554,220020,塑膠管板加工,2554. 220020 塑膠管板加工
2555,220023,一般塑膠袋,2555. 220023 一般塑膠袋
2556,220024,可分解性塑膠袋,2556. 220024 可分解性塑膠袋
2557,220025,編織袋,2557. 220025 編織袋
2558,220026,塑膠夾鏈袋,2558. 220026 塑膠夾鏈袋
2559,220027,塑膠手提及購物袋,2559. 220027 塑膠手提及購物袋
2560,220028,塑膠膜,2560. 220028 塑膠膜
2561,220029,塑膠膜袋加工,2561. 220029 塑膠膜袋加工
2562,220030,塑膠容器,2562. 220030 塑膠容器
2563,220031,寶特瓶,2563. 220031 寶特瓶
2564,220032,牙刷,2564. 220032 牙刷
2565,220033,塑膠包裝帶,2565. 220033 塑膠包裝帶
2566,220034,塑膠餐具,2566. 220034 塑膠餐具
2567,220035,衣架,2567. 220035 衣架
2568,220036,塑膠桶,2568. 220036 塑膠桶
2569,220037,塑膠盆,2569. 220037 塑膠盆
2570,220038,塑膠盒,2570. 220038 塑膠盒
2571,220039,塑膠壺,2571. 220039 塑膠壺
2572,220040,塑膠碗,2572. 220040 塑膠碗
2573,220041,塑膠杯,2573. 220041 塑膠杯
2574,220042,塑膠匙,2574. 220042 塑膠匙
2575,220043,塑膠筷,2575. 220043 塑膠筷
2576,220044,塑膠梳,2576. 220044 塑膠梳
2577,220045,塑膠衣夾,2577. 220045 塑膠衣夾
2578,220046,塑膠肥皂盒,2578. 220046 塑膠肥皂盒
2579,220047,塑膠毛巾架,2579. 220047 塑膠毛巾架
2580,220048,塑膠煙灰缸,2580. 220048 塑膠煙灰缸
2581,220049,塑膠提籃,2581. 220049 塑膠提籃
2582,220051,塑膠外殼,2582. 220051 塑膠外殼
2583,220052,冰箱內部塑膠配件,2583. 220052 冰箱內部塑膠配件
2584,220053,塑膠電話外殼,2584. 220053 塑膠電話外殼
2585,220054,塑膠電腦外殼,2585. 220054 塑膠電腦外殼
2586,220055,塑膠汽車保險桿,2586. 220055 塑膠汽車保險桿
2587,220056,塑膠小家電外殼,2587. 220056 塑膠小家電外殼
2588,220057,塑膠電視機外殼,2588. 220057 塑膠電視機外殼
2589,220058,影印機塑膠配件,2589. 220058 影印機塑膠配件
2590,220060,塑膠衣著,2590. 220060 塑膠衣著
2591,220061,塑膠帳篷(多用途充氣式帳蓬),2591. 220061 塑膠帳篷(多用途充氣式帳蓬)
2592,220062,塑膠桌布,2592. 220062 塑膠桌布
2593,220063,塑膠地毯,2593. 220063 塑膠地毯
2594,220064,塑膠外衣,2594. 220064 塑膠外衣
2595,220065,塑膠夾克,2595. 220065 塑膠夾克
2596,220066,塑膠褲,2596. 220066 塑膠褲
2597,220067,塑膠帽,2597. 220067 塑膠帽
2598,220068,塑膠雨衣,2598. 220068 塑膠雨衣
2599,220069,塑膠雨帽,2599. 220069 塑膠雨帽
2600,220070,塑膠衣帶,2600. 220070 塑膠衣帶
2601,220071,塑膠圍裙,2601. 220071 塑膠圍裙
2602,220072,塑膠浴帽,2602. 220072 塑膠浴帽
2603,220073,塑膠浴簾,2603. 220073 塑膠浴簾
2604,220074,塑膠壁布,2604. 220074 塑膠壁布
2605,220076,強化塑膠門窗,2605. 220076 強化塑膠門窗
2606,220077,強化塑膠浴缸,2606. 220077 強化塑膠浴缸
2607,220078,強化塑膠浪板,2607. 220078 強化塑膠浪板
2608,220079,強化塑膠化糞槽,2608. 220079 強化塑膠化糞槽
2609,220080,強化塑膠小件家具,2609. 220080 強化塑膠小件家具
2610,220081,強化塑膠汽車配件,2610. 220081 強化塑膠汽車配件
2611,220082,強化塑膠容器與外殼,2611. 220082 強化塑膠容器與外殼
2612,220083,強化塑膠板、棒、管、型材,2612. 220083 強化塑膠板、棒、管、型材
2613,220085,塑膠手套,2613. 220085 塑膠手套
2614,220086,塑膠網,2614. 220086 塑膠網
2615,220087,塑膠線繩,2615. 220087 塑膠線繩
2616,220088,塑膠聖誕樹,2616. 220088 塑膠聖誕樹
2617,220089,塑膠線,2617. 220089 塑膠線
2618,220090,塑膠繩,2618. 220090 塑膠繩
2619,220091,塑膠擺飾,2619. 220091 塑膠擺飾
2620,220092,人造石,2620. 220092 人造石
2621,220093,空白信用卡,2621. 220093 空白信用卡
2622,220094,保麗龍,2622. 220094 保麗龍
2623,220095,塑膠花,2623. 220095 塑膠花
2624,220096,塑膠絲,2624. 220096 塑膠絲
2625,220097,塑膠泡棉,2625. 220097 塑膠泡棉
2626,220098,塑膠海棉,2626. 220098 塑膠海棉
2627,220099,其他未列名塑膠製品,2627. 220099 其他未列名塑膠製品
2628,220100,離型膜,2628. 220100 離型膜
2629,220101,塑膠繫物帶,2629. 220101 塑膠繫物帶
2630,220199,其他塑膠皮,2630. 220199 其他塑膠皮
2631,220299,其他塑膠布,2631. 220299 其他塑膠布
2632,220399,其他塑膠軟管,2632. 220399 其他塑膠軟管
2633,220499,其他塑膠硬管,2633. 220499 其他塑膠硬管
2634,220599,其他塑膠家庭用製品及盥洗用具,2634. 220599 其他塑膠家庭用製品及盥洗用具
2635,220699,其他工業用塑膠製品,2635. 220699 其他工業用塑膠製品
2636,220799,其他塑膠皮製品,2636. 220799 其他塑膠皮製品
2637,220899,其他強化塑膠製品(不含塑膠安全帽),2637. 220899 其他強化塑膠製品(不含塑膠安全帽)
2638,230001,平板玻璃,2638. 230001 平板玻璃
2639,230002,強化玻璃,2639. 230002 強化玻璃
2640,230003,加工玻璃,2640. 230003 加工玻璃
2641,230004,玻璃裁切,2641. 230004 玻璃裁切
2642,230005,有色平板玻璃,2642. 230005 有色平板玻璃
2643,230006,浮式平板玻璃,2643. 230006 浮式平板玻璃
2644,230007,透明平板玻璃,2644. 230007 透明平板玻璃
2645,230008,壓花平板玻璃,2645. 230008 壓花平板玻璃
2646,230009,強化安全玻璃,2646. 230009 強化安全玻璃
2647,230010,反射玻璃,2647. 230010 反射玻璃
2648,230011,烤漆印刷玻璃,2648. 230011 烤漆印刷玻璃
2649,230012,膠合安全玻璃,2649. 230012 膠合安全玻璃
2650,230013,雙層玻璃,2650. 230013 雙層玻璃
2651,230014,鏡板玻璃,2651. 230014 鏡板玻璃
2652,230015,彎曲玻璃,2652. 230015 彎曲玻璃
2653,230016,陶瓷釉玻璃,2653. 230016 陶瓷釉玻璃
2654,230017,琺瑯釉玻璃,2654. 230017 琺瑯釉玻璃
2655,230018,電器玻璃,2655. 230018 電器玻璃
2656,230019,光學玻璃,2656. 230019 光學玻璃
2657,230020,玻璃容器,2657. 230020 玻璃容器
2658,230021,玻璃碟,2658. 230021 玻璃碟
2659,230022,玻璃壺,2659. 230022 玻璃壺
2660,230023,玻璃碗,2660. 230023 玻璃碗
2661,230024,玻璃缸,2661. 230024 玻璃缸
2662,230025,玻璃罐,2662. 230025 玻璃罐
2663,230026,玻璃盆,2663. 230026 玻璃盆
2664,230027,玻璃瓶,2664. 230027 玻璃瓶
2665,230028,玻璃杯,2665. 230028 玻璃杯
2666,230029,玻璃盤,2666. 230029 玻璃盤
2667,230030,玻璃管,2667. 230030 玻璃管
2668,230031,玻璃棒,2668. 230031 玻璃棒
2669,230032,玻璃磚,2669. 230032 玻璃磚
2670,230033,玻璃擺飾,2670. 230033 玻璃擺飾
2671,230034,玻璃屏風,2671. 230034 玻璃屏風
2672,230035,玻璃絕緣體,2672. 230035 玻璃絕緣體
2673,230036,玻璃馬賽克,2673. 230036 玻璃馬賽克
2674,230037,玻璃纖維棉,2674. 230037 玻璃纖維棉
2675,230038,玻璃纖維紗,2675. 230038 玻璃纖維紗
2676,230039,玻璃纖維紗束,2676. 230039 玻璃纖維紗束
2677,230040,玻璃纖維切股,2677. 230040 玻璃纖維切股
2678,230041,玻璃纖維切股氈,2678. 230041 玻璃纖維切股氈
2679,230042,玻璃纖維編紗束,2679. 230042 玻璃纖維編紗束
2680,230043,玻璃纖維表面氈,2680. 230043 玻璃纖維表面氈
2681,230044,玻璃纖維絲,2681. 230044 玻璃纖維絲
2682,230045,玻璃纖維板,2682. 230045 玻璃纖維板
2683,230047,耐火墁料(耐火泥),2683. 230047 耐火墁料(耐火泥)
2684,230048,耐火磚,2684. 230048 耐火磚
2685,230049,不定型耐火材料,2685. 230049 不定型耐火材料
2686,230050,珍珠岩保溫材,2686. 230050 珍珠岩保溫材
2687,230051,保溫磚,2687. 230051 保溫磚
2688,230052,斷熱磚,2688. 230052 斷熱磚
2689,230053,碳化矽磚,2689. 230053 碳化矽磚
2690,230054,耐火石灰,2690. 230054 耐火石灰
2691,230055,耐火纖維,2691. 230055 耐火纖維
2692,230056,坩堝,2692. 230056 坩堝
2693,230058,陶瓷面磚,2693. 230058 陶瓷面磚
2694,230059,地磚,2694. 230059 地磚
2695,230060,拼花瓷磚,2695. 230060 拼花瓷磚
2696,230061,瓷磚,2696. 230061 瓷磚
2697,230062,釉面瓷磚,2697. 230062 釉面瓷磚
2698,230063,白灰磚,2698. 230063 白灰磚
2699,230064,紅鋼磚,2699. 230064 紅鋼磚
2700,230065,彩磚,2700. 230065 彩磚
2701,230066,階磚,2701. 230066 階磚
2702,230068,紅磚,2702. 230068 紅磚
2703,230069,土磚,2703. 230069 土磚
2704,230070,黏土瓦(琉璃磚瓦),2704. 230070 黏土瓦(琉璃磚瓦)
2705,230071,水落瓦,2705. 230071 水落瓦
2706,230072,飛簷瓦,2706. 230072 飛簷瓦
2707,230073,厚瓦,2707. 230073 厚瓦
2708,230074,薄瓦,2708. 230074 薄瓦
2709,230075,彩瓦,2709. 230075 彩瓦
2710,230076,黏土導管,2710. 230076 黏土導管
2711,230078,陶瓷抽水馬桶用及盥洗台,2711. 230078 陶瓷抽水馬桶用及盥洗台
2712,230079,瓷抽水馬桶,2712. 230079 瓷抽水馬桶
2713,230080,瓷盥洗臺,2713. 230080 瓷盥洗臺
2714,230081,瓷浴缸,2714. 230081 瓷浴缸
2715,230082,瓷面盆,2715. 230082 瓷面盆
2716,230083,瓷手巾架,2716. 230083 瓷手巾架
2717,230084,瓷痰盂,2717. 230084 瓷痰盂
2718,230085,瓷水龍頭把柄,2718. 230085 瓷水龍頭把柄
2719,230086,素瓷衛浴設備,2719. 230086 素瓷衛浴設備
2720,230087,透光瓷衛浴設備,2720. 230087 透光瓷衛浴設備
2721,230089,陶瓷餐具,2721. 230089 陶瓷餐具
2722,230090,陶瓷藝術品,2722. 230090 陶瓷藝術品
2723,230091,陶瓷雕像,2723. 230091 陶瓷雕像
2724,230092,陶瓷裝飾品,2724. 230092 陶瓷裝飾品
2725,230093,陶瓷原料,2725. 230093 陶瓷原料
2726,230094,精密陶瓷,2726. 230094 精密陶瓷
2727,230095,瓷酒瓶,2727. 230095 瓷酒瓶
2728,230096,陶水缸,2728. 230096 陶水缸
2729,230097,陶瓷家具,2729. 230097 陶瓷家具
2730,230098,工業用陶瓷製品,2730. 230098 工業用陶瓷製品
2731,230099,其他陶瓷製品,2731. 230099 其他陶瓷製品
2732,230100,科學用陶瓷製品,2732. 230100 科學用陶瓷製品
2733,230101,卜特蘭水泥,2733. 230101 卜特蘭水泥
2734,230102,白水泥,2734. 230102 白水泥
2735,230103,水泥熟料,2735. 230103 水泥熟料
2736,230104,高爐水泥,2736. 230104 高爐水泥
2737,230105,水硬性水泥,2737. 230105 水硬性水泥
2738,230106,火山灰水泥,2738. 230106 火山灰水泥
2739,230107,油井水泥,2739. 230107 油井水泥
2740,230108,矽質水泥,2740. 230108 矽質水泥
2741,230109,飛灰水泥,2741. 230109 飛灰水泥
2742,230110,高鋁水泥,2742. 230110 高鋁水泥
2743,230111,高度抗硫酸鹽水泥,2743. 230111 高度抗硫酸鹽水泥
2744,230113,預拌混凝土,2744. 230113 預拌混凝土
2745,230114,鋼筋混凝土管,2745. 230114 鋼筋混凝土管
2746,230115,混凝土管(水泥管),2746. 230115 混凝土管(水泥管)
2747,230116,預力管,2747. 230116 預力管
2748,230117,預力基樁,2748. 230117 預力基樁
2749,230118,預力電桿,2749. 230118 預力電桿
2750,230120,預鑄箱涵,2750. 230120 預鑄箱涵
2751,230121,預鑄人孔手孔,2751. 230121 預鑄人孔手孔
2752,230122,預鑄混凝土隧道弓型支堡,2752. 230122 預鑄混凝土隧道弓型支堡
2753,230124,水泥磚瓦(混凝土磚),2753. 230124 水泥磚瓦(混凝土磚)
2754,230125,空心磚,2754. 230125 空心磚
2755,230126,水泥板,2755. 230126 水泥板
2756,230127,水泥樑,2756. 230127 水泥樑
2757,230128,水泥橋段,2757. 230128 水泥橋段
2758,230129,水泥浴盆,2758. 230129 水泥浴盆
2759,230130,水泥垃圾桶,2759. 230130 水泥垃圾桶
2760,230131,混凝土管,2760. 230131 混凝土管
2761,230132,混凝土枕木,2761. 230132 混凝土枕木
2762,230133,混凝土邊石,2762. 230133 混凝土邊石
2763,230134,混凝土柱、樑、版,2763. 230134 混凝土柱、樑、版
2764,230135,鋼筋水泥製品,2764. 230135 鋼筋水泥製品
2765,230136,纖維強化水泥板,2765. 230136 纖維強化水泥板
2766,230137,加石棉水泥製品,2766. 230137 加石棉水泥製品
2767,230139,大理石地壁材,2767. 230139 大理石地壁材
2768,230140,大理石製品,2768. 230140 大理石製品
2769,230141,花崗石地壁材,2769. 230141 花崗石地壁材
2770,230142,碎石,2770. 230142 碎石
2771,230143,石碑,2771. 230143 石碑
2772,230144,石磨,2772. 230144 石磨
2773,230145,石雕刻,2773. 230145 石雕刻
2774,230146,石器物,2774. 230146 石器物
2775,230147,石材家具,2775. 230147 石材家具
2776,230148,石材工藝品,2776. 230148 石材工藝品
2777,230149,石材建築材料,2777. 230149 石材建築材料
2778,230150,庭院石雕,2778. 230150 庭院石雕
2779,230151,鋪砌邊石,2779. 230151 鋪砌邊石
2780,230152,鋪砌塊石,2780. 230152 鋪砌塊石
2781,230153,鋪地石板,2781. 230153 鋪地石板
2782,230155,砂輪,2782. 230155 砂輪
2783,230156,砂布,2783. 230156 砂布
2784,230157,砂紙,2784. 230157 砂紙
2785,230158,人造磨石,2785. 230158 人造磨石
2786,230159,人造磨輪,2786. 230159 人造磨輪
2787,230160,天然磨輪,2787. 230160 天然磨輪
2788,230161,天然磨石,2788. 230161 天然磨石
2789,230162,石榴石布,2789. 230162 石榴石布
2790,230163,石榴石紙,2790. 230163 石榴石紙
2791,230164,金鋼砂,2791. 230164 金鋼砂
2792,230165,金鋼砂紙,2792. 230165 金鋼砂紙
2793,230166,金鋼砂布,2793. 230166 金鋼砂布
2794,230167,金鋼砂紙板,2794. 230167 金鋼砂紙板
2795,230168,浮石粉,2795. 230168 浮石粉
2796,230169,浮石紙,2796. 230169 浮石紙
2797,230170,浮石布,2797. 230170 浮石布
2798,230171,細磨粉,2798. 230171 細磨粉
2799,230172,硬料,2799. 230172 硬料
2800,230173,硬白堊紙,2800. 230173 硬白堊紙
2801,230174,硬白堊布,2801. 230174 硬白堊布
2802,230175,磨光粉,2802. 230175 磨光粉
2803,230177,石灰,2803. 230177 石灰
2804,230178,石灰石粉,2804. 230178 石灰石粉
2805,230179,生石灰,2805. 230179 生石灰
2806,230180,熟石灰,2806. 230180 熟石灰
2807,230181,混合石灰,2807. 230181 混合石灰
2808,230182,水硬石灰,2808. 230182 水硬石灰
2809,230184,熟石膏,2809. 230184 熟石膏
2810,230185,石膏板,2810. 230185 石膏板
2811,230186,石膏塑料,2811. 230186 石膏塑料
2812,230187,石膏雕像,2812. 230187 石膏雕像
2813,230188,灰泥石膏,2813. 230188 灰泥石膏
2814,230190,石棉水泥板(瓦),2814. 230190 石棉水泥板(瓦)
2815,230191,石棉布,2815. 230191 石棉布
2816,230192,石棉索,2816. 230192 石棉索
2817,230193,石棉帶,2817. 230193 石棉帶
2818,230194,石棉織物,2818. 230194 石棉織物
2819,230195,石棉墊圈,2819. 230195 石棉墊圈
2820,230196,石墨模,2820. 230196 石墨模
2821,230197,炭素棒,2821. 230197 炭素棒
2822,230198,石墨磚,2822. 230198 石墨磚
2823,230199,其他石棉製品,2823. 230199 其他石棉製品
2824,230200,石墨管,2824. 230200 石墨管
2825,230201,爐石粉,2825. 230201 爐石粉
2826,230202,飛灰,2826. 230202 飛灰
2827,230203,級配,2827. 230203 級配
2828,230204,油毛氈,2828. 230204 油毛氈
2829,230205,大理石粉,2829. 230205 大理石粉
2830,230206,石英粉,2830. 230206 石英粉
2831,230207,矽藻土料,2831. 230207 矽藻土料
2832,230208,矽酸鈣絕熱材料,2832. 230208 矽酸鈣絕熱材料
2833,230209,氟石粉,2833. 230209 氟石粉
2834,230210,重晶石粉,2834. 230210 重晶石粉
2835,230211,高嶺土,2835. 230211 高嶺土
2836,230212,雲母片,2836. 230212 雲母片
2837,230213,雲母管,2837. 230213 雲母管
2838,230214,雲母棒,2838. 230214 雲母棒
2839,230215,雲母墊圈,2839. 230215 雲母墊圈
2840,230216,雲母隔板,2840. 230216 雲母隔板
2841,230217,滑石粉,2841. 230217 滑石粉
2842,230218,黏土料,2842. 230218 黏土料
2843,230219,黏土擺飾,2843. 230219 黏土擺飾
2844,230220,寶石粉,2844. 230220 寶石粉
2845,230221,瀝青混凝土,2845. 230221 瀝青混凝土
2846,230223,碎玻璃,2846. 230223 碎玻璃
2847,230224,燈罩玻璃,2847. 230224 燈罩玻璃
2848,230225,玻璃珠,2848. 230225 玻璃珠
2849,230226,玻璃膏,2849. 230226 玻璃膏
2850,230227,重質不燒成耐火磚,2850. 230227 重質不燒成耐火磚
2851,230228,重質熔鑄耐火磚,2851. 230228 重質熔鑄耐火磚
2852,230229,重質碳鍵耐火磚,2852. 230229 重質碳鍵耐火磚
2853,230230,重質燒成耐火磚,2853. 230230 重質燒成耐火磚
2854,230231,碳化矽（金剛砂）,2854. 230231 碳化矽（金剛砂）
2855,230232,紅磚-濕坯,2855. 230232 紅磚-濕坯
2856,230233,濕坯陶瓷,2856. 230233 濕坯陶瓷
2857,230234,乾坯陶瓷,2857. 230234 乾坯陶瓷
2858,230235,泥漿陶瓷,2858. 230235 泥漿陶瓷
2859,230236,矽石，矽砂,2859. 230236 矽石，矽砂
2860,230237,水泥生料,2860. 230237 水泥生料
2861,230238,石灰石(CaCO3）,2861. 230238 石灰石(CaCO3）
2862,230239,石英砂,2862. 230239 石英砂
2863,230240,石英磚,2863. 230240 石英磚
2864,230241,高嶺石,2864. 230241 高嶺石
2865,230242,礦物質,2865. 230242 礦物質
2866,230243,玻璃熟料（玻料／琺瑯，釉料）,2866. 230243 玻璃熟料（玻料／琺瑯，釉料）
2867,230244,陶瓷－土粉,2867. 230244 陶瓷－土粉
2868,230245,混凝土粒料,2868. 230245 混凝土粒料
2869,230246,水泥瓦,2869. 230246 水泥瓦
2870,230247,緣石,2870. 230247 緣石
2871,230248,人孔,2871. 230248 人孔
2872,230249,溝蓋,2872. 230249 溝蓋
2873,230250,紐澤西護欄,2873. 230250 紐澤西護欄
2874,230251,電木粉,2874. 230251 電木粉
2875,230252,保溫材料,2875. 230252 保溫材料
2876,230253,控制性低強度回填材料(CLSM),2876. 230253 控制性低強度回填材料(CLSM)
2877,230254,爐碴(石)粒料,2877. 230254 爐碴(石)粒料
2878,230255,控制性低強度回填材料用粒料,2878. 230255 控制性低強度回填材料用粒料
2879,230256,道路工程粒料,2879. 230256 道路工程粒料
2880,230257,海堤固化養灘工程基材,2880. 230257 海堤固化養灘工程基材
2881,230258,廢水或廢氣吸附材,2881. 230258 廢水或廢氣吸附材
2882,230259,水泥製品用粒料,2882. 230259 水泥製品用粒料
2883,230260,預鑄混凝土建築構件,2883. 230260 預鑄混凝土建築構件
2884,230299,其他玻璃纖維,2884. 230299 其他玻璃纖維
2885,230399,其他玻璃製品,2885. 230399 其他玻璃製品
2886,230499,其他耐火材料品,2886. 230499 其他耐火材料品
2887,230599,其他建築用陶瓷,2887. 230599 其他建築用陶瓷
2888,230699,其他建築用黏土製品,2888. 230699 其他建築用黏土製品
2889,230799,其他衛生陶瓷器,2889. 230799 其他衛生陶瓷器
2890,230899,其他水泥,2890. 230899 其他水泥
2891,230999,其他預力製品,2891. 230999 其他預力製品
2892,231099,其他預鑄製品,2892. 231099 其他預鑄製品
2893,231199,其他未列名水泥製品,2893. 231199 其他未列名水泥製品
2894,231299,其他石製品,2894. 231299 其他石製品
2895,231399,其他工業及研磨材料,2895. 231399 其他工業及研磨材料
2896,231499,其他石灰製品,2896. 231499 其他石灰製品
2897,231599,其他石膏製品,2897. 231599 其他石膏製品
2898,231699,其他雜項非金屬礦物製品,2898. 231699 其他雜項非金屬礦物製品
2899,231799,其他輔助燃料,2899. 231799 其他輔助燃料
2900,240001,生鐵,2900. 240001 生鐵
2901,240002,矽鐵,2901. 240002 矽鐵
2902,240003,錳鐵,2902. 240003 錳鐵
2903,240004,矽錳鐵,2903. 240004 矽錳鐵
2904,240005,鉻鐵,2904. 240005 鉻鐵
2905,240007,鋼錠,2905. 240007 鋼錠
2906,240008,鋼胚,2906. 240008 鋼胚
2907,240009,扁鋼胚,2907. 240009 扁鋼胚
2908,240010,不銹鋼錠,2908. 240010 不銹鋼錠
2909,240011,不銹鋼胚,2909. 240011 不銹鋼胚
2910,240012,不銹扁鋼胚,2910. 240012 不銹扁鋼胚
2911,240013,合金鋼錠,2911. 240013 合金鋼錠
2912,240014,合金鋼胚,2912. 240014 合金鋼胚
2913,240015,合金扁鋼胚,2913. 240015 合金扁鋼胚
2914,240016,特殊鋼,2914. 240016 特殊鋼
2915,240017,鑄鐵管,2915. 240017 鑄鐵管
2916,240018,灰口鑄鐵,2916. 240018 灰口鑄鐵
2917,240019,球墨鑄鐵(延性鑄鐵),2917. 240019 球墨鑄鐵(延性鑄鐵)
2918,240020,可鍛鑄鐵(展性鑄鐵),2918. 240020 可鍛鑄鐵(展性鑄鐵)
2919,240021,鑄鋼件,2919. 240021 鑄鋼件
2920,240023,低碳線盤元,2920. 240023 低碳線盤元
2921,240024,低碳棒盤元,2921. 240024 低碳棒盤元
2922,240025,中碳線盤元,2922. 240025 中碳線盤元
2923,240026,中碳棒盤元,2923. 240026 中碳棒盤元
2924,240027,高碳線盤元,2924. 240027 高碳線盤元
2925,240028,高碳棒盤元,2925. 240028 高碳棒盤元
2926,240029,不銹鋼盤元(300系),2926. 240029 不銹鋼盤元(300系)
2927,240030,不銹鋼盤元(400系),2927. 240030 不銹鋼盤元(400系)
2928,240031,不銹鋼盤元(其他系),2928. 240031 不銹鋼盤元(其他系)
2929,240032,合金鋼盤元(含高速鋼),2929. 240032 合金鋼盤元(含高速鋼)
2930,240033,快削鋼盤元,2930. 240033 快削鋼盤元
2931,240035,鋼筋,2931. 240035 鋼筋
2932,240036,圓棒鋼,2932. 240036 圓棒鋼
2933,240037,不銹棒鋼,2933. 240037 不銹棒鋼
2934,240038,合金棒鋼(含高速鋼),2934. 240038 合金棒鋼(含高速鋼)
2935,240039,快削棒鋼,2935. 240039 快削棒鋼
2936,240041,Ｕ型鋼(高度＞＝80㎜),2936. 240041 Ｕ型鋼(高度＞＝80㎜)
2937,240042,Ｉ型鋼(高度＞＝80㎜),2937. 240042 Ｉ型鋼(高度＞＝80㎜)
2938,240043,Ｈ型鋼(高度＞＝80㎜),2938. 240043 Ｈ型鋼(高度＞＝80㎜)
2939,240044,Ｌ型鋼(高度＞＝80㎜),2939. 240044 Ｌ型鋼(高度＞＝80㎜)
2940,240045,Ｔ型鋼(高度＞＝80㎜),2940. 240045 Ｔ型鋼(高度＞＝80㎜)
2941,240046,Ｌ型鋼(高度＜80㎜),2941. 240046 Ｌ型鋼(高度＜80㎜)
2942,240047,Ｔ型鋼(高度＜80㎜),2942. 240047 Ｔ型鋼(高度＜80㎜)
2943,240048,U／I／H型鋼(高度＜80㎜),2943. 240048 U／I／H型鋼(高度＜80㎜)
2944,240049,扁鐵,2944. 240049 扁鐵
2945,240050,鋼軌,2945. 240050 鋼軌
2946,240051,不銹鋼型鋼,2946. 240051 不銹鋼型鋼
2947,240052,合金型鋼,2947. 240052 合金型鋼
2948,240054,冷軋中厚鋼板(片),2948. 240054 冷軋中厚鋼板(片)
2949,240055,冷軋薄鋼板(片),2949. 240055 冷軋薄鋼板(片)
2950,240056,熱軋鋼板(厚),2950. 240056 熱軋鋼板(厚)
2951,240057,熱軋鋼板(中),2951. 240057 熱軋鋼板(中)
2952,240058,熱軋鋼板(薄),2952. 240058 熱軋鋼板(薄)
2953,240059,冷軋中厚鋼捲,2953. 240059 冷軋中厚鋼捲
2954,240060,冷軋薄鋼捲,2954. 240060 冷軋薄鋼捲
2955,240061,熱軋鋼捲(厚),2955. 240061 熱軋鋼捲(厚)
2956,240062,熱軋鋼捲(中),2956. 240062 熱軋鋼捲(中)
2957,240063,熱軋鋼捲(薄),2957. 240063 熱軋鋼捲(薄)
2958,240064,冷軋不銹鋼板、捲(300系),2958. 240064 冷軋不銹鋼板、捲(300系)
2959,240065,冷軋不銹鋼板、捲(400系),2959. 240065 冷軋不銹鋼板、捲(400系)
2960,240066,冷軋不銹鋼板、捲(其他系),2960. 240066 冷軋不銹鋼板、捲(其他系)
2961,240067,熱軋不銹鋼板、捲(300系),2961. 240067 熱軋不銹鋼板、捲(300系)
2962,240068,熱軋不銹鋼板、捲(400系),2962. 240068 熱軋不銹鋼板、捲(400系)
2963,240069,熱軋不銹鋼板、捲(其他系),2963. 240069 熱軋不銹鋼板、捲(其他系)
2964,240070,熱軋不銹鋼板、捲NO.1(300系),2964. 240070 熱軋不銹鋼板、捲NO.1(300系)
2965,240071,熱軋不銹鋼板、捲NO.1(400系),2965. 240071 熱軋不銹鋼板、捲NO.1(400系)
2966,240072,熱軋不銹鋼板、捲NO.1(其他系),2966. 240072 熱軋不銹鋼板、捲NO.1(其他系)
2967,240073,合金鋼板、捲(不銹鋼、電氣鋼除外),2967. 240073 合金鋼板、捲(不銹鋼、電氣鋼除外)
2968,240074,無縫油線鋼管,2968. 240074 無縫油線鋼管
2969,240075,無縫不銹鋼管,2969. 240075 無縫不銹鋼管
2970,240076,無縫合金鋼管,2970. 240076 無縫合金鋼管
2971,240078,鍍鋅鋼線,2971. 240078 鍍鋅鋼線
2972,240079,鋼線(未鍍鋅),2972. 240079 鋼線(未鍍鋅)
2973,240080,鍍鋅低碳鋼線,2973. 240080 鍍鋅低碳鋼線
2974,240081,低碳鋼線(未鍍鋅),2974. 240081 低碳鋼線(未鍍鋅)
2975,240082,不銹鋼線,2975. 240082 不銹鋼線
2976,240083,合金鋼線,2976. 240083 合金鋼線
2977,240084,鋼絞線,2977. 240084 鋼絞線
2978,240085,鋼纜,2978. 240085 鋼纜
2979,240086,鋁錠,2979. 240086 鋁錠
2980,240087,鋁合金錠,2980. 240087 鋁合金錠
2981,240088,鋁鑄件,2981. 240088 鋁鑄件
2982,240089,鋁合金鑄件,2982. 240089 鋁合金鑄件
2983,240090,鋁板,2983. 240090 鋁板
2984,240091,鋁捲／片,2984. 240091 鋁捲／片
2985,240092,鋁條棒,2985. 240092 鋁條棒
2986,240093,鋁箔,2986. 240093 鋁箔
2987,240094,鋁管,2987. 240094 鋁管
2988,240095,建築用鋁擠型材,2988. 240095 建築用鋁擠型材
2989,240096,工業用鋁擠型材,2989. 240096 工業用鋁擠型材
2990,240097,鋁粉,2990. 240097 鋁粉
2991,240099,其他銅合金,2991. 240099 其他銅合金
2992,240100,砲銅,2992. 240100 砲銅
2993,240101,紫銅,2993. 240101 紫銅
2994,240102,黃銅,2994. 240102 黃銅
2995,240103,電解銅,2995. 240103 電解銅
2996,240104,銅鑄件,2996. 240104 銅鑄件
2997,240105,銅合金鑄件,2997. 240105 銅合金鑄件
2998,240106,銅(含銅合金)捲／片,2998. 240106 銅(含銅合金)捲／片
2999,240107,銅板,2999. 240107 銅板
3000,240108,銅(含銅合金)棒,3000. 240108 銅(含銅合金)棒
3001,240109,銅管,3001. 240109 銅管
3002,240110,銅(含銅合金)線,3002. 240110 銅(含銅合金)線
3003,240111,銅粉,3003. 240111 銅粉
3004,240112,銅箔,3004. 240112 銅箔
3005,240114,鎂合金鑄件,3005. 240114 鎂合金鑄件
3006,240115,鎂合金壓鑄件,3006. 240115 鎂合金壓鑄件
3007,240116,鎂合金射出成型件,3007. 240116 鎂合金射出成型件
3008,240118,鎂錠,3008. 240118 鎂錠
3009,240119,鎂合金錠,3009. 240119 鎂合金錠
3010,240120,鎂合金板／片,3010. 240120 鎂合金板／片
3011,240121,鎂合金條棒,3011. 240121 鎂合金條棒
3012,240122,鎂合金管,3012. 240122 鎂合金管
3013,240123,鎂鑄件,3013. 240123 鎂鑄件
3014,240124,鎂壓鑄件,3014. 240124 鎂壓鑄件
3015,240125,鎂合金擠型材,3015. 240125 鎂合金擠型材
3016,240127,金錠,3016. 240127 金錠
3017,240128,金棒,3017. 240128 金棒
3018,240129,金箔,3018. 240129 金箔
3019,240130,金線,3019. 240130 金線
3020,240131,鋅錠,3020. 240131 鋅錠
3021,240132,鋅合金錠,3021. 240132 鋅合金錠
3022,240133,鋅鑄件,3022. 240133 鋅鑄件
3023,240134,鋅壓鑄件,3023. 240134 鋅壓鑄件
3024,240135,鋅合金鑄件,3024. 240135 鋅合金鑄件
3025,240136,鋅合金壓鑄件,3025. 240136 鋅合金壓鑄件
3026,240137,鋅粉,3026. 240137 鋅粉
3027,240138,鋅管,3027. 240138 鋅管
3028,240139,鋅棒、桿,3028. 240139 鋅棒、桿
3029,240140,鋅線,3029. 240140 鋅線
3030,240141,鋅板、片,3030. 240141 鋅板、片
3031,240142,銀錠,3031. 240142 銀錠
3032,240143,銀棒,3032. 240143 銀棒
3033,240144,銀葉,3033. 240144 銀葉
3034,240145,銀箔,3034. 240145 銀箔
3035,240146,銀線,3035. 240146 銀線
3036,240147,錫箔,3036. 240147 錫箔
3037,240148,錫錠,3037. 240148 錫錠
3038,240149,錫線,3038. 240149 錫線
3039,240153,矽鋼,3039. 240153 矽鋼
3040,240154,鐵合金,3040. 240154 鐵合金
3041,240155,熟鐵,3041. 240155 熟鐵
3042,240156,鋼鐵,3042. 240156 鋼鐵
3043,240157,青銅,3043. 240157 青銅
3044,240158,矽銅,3044. 240158 矽銅
3045,240159,鈦,3045. 240159 鈦
3046,240160,鎳,3046. 240160 鎳
3047,240161,鍺,3047. 240161 鍺
3048,240162,鋯,3048. 240162 鋯
3049,240163,鋇,3049. 240163 鋇
3050,240164,釩,3050. 240164 釩
3051,240165,鉑,3051. 240165 鉑
3052,240166,錳,3052. 240166 錳
3053,240167,鎳合金,3053. 240167 鎳合金
3054,240168,鍍鎳,3054. 240168 鍍鎳
3055,240169,鉛合金,3055. 240169 鉛合金
3056,240170,鉻,3056. 240170 鉻
3057,240171,鋁礬土,3057. 240171 鋁礬土
3058,240172,鑄砂,3058. 240172 鑄砂
3059,240199,其他合金鐵,3059. 240199 其他合金鐵
3060,240299,其他鑄鐵件,3060. 240299 其他鑄鐵件
3061,240399,其他盤元,3061. 240399 其他盤元
3062,240499,其他棒鋼,3062. 240499 其他棒鋼
3063,240599,其他角形及型鋼,3063. 240599 其他角形及型鋼
3064,240699,其他無縫鋼管,3064. 240699 其他無縫鋼管
3065,240799,其他鋁材,3065. 240799 其他鋁材
3066,240899,其他銅(含銅合金)材,3066. 240899 其他銅(含銅合金)材
3067,240999,其他基本金屬鑄造品,3067. 240999 其他基本金屬鑄造品
3068,241099,其他鎂(含鎂合金)材,3068. 241099 其他鎂(含鎂合金)材
3069,241199,其他貴金屬錠,3069. 241199 其他貴金屬錠
3070,241299,其他非鐵金屬品,3070. 241299 其他非鐵金屬品
3071,241399,其他鐵,3071. 241399 其他鐵
3072,250001,套筒扳手,3072. 250001 套筒扳手
3073,250003,螺絲起子,3073. 250003 螺絲起子
3074,250004,手鉗,3074. 250004 手鉗
3075,250005,扳鉗,3075. 250005 扳鉗
3076,250006,虎頭鉗,3076. 250006 虎頭鉗
3077,250007,切鉗,3077. 250007 切鉗
3078,250008,切刀,3078. 250008 切刀
3079,250009,夾具,3079. 250009 夾具
3080,250010,耙,3080. 250010 耙
3081,250011,除草器,3081. 250011 除草器
3082,250012,剪片,3082. 250012 剪片
3083,250013,剪刀,3083. 250013 剪刀
3084,250014,割草器,3084. 250014 割草器
3085,250015,鋤,3085. 250015 鋤
3086,250016,鐮刀,3086. 250016 鐮刀
3087,250017,鐵鏟,3087. 250017 鐵鏟
3088,250018,農林園藝手工具,3088. 250018 農林園藝手工具
3089,250019,千斤頂,3089. 250019 千斤頂
3090,250020,鉋刀,3090. 250020 鉋刀
3091,250021,銑刀,3091. 250021 銑刀
3092,250022,剁刀,3092. 250022 剁刀
3093,250023,斧,3093. 250023 斧
3094,250024,鎚斧,3094. 250024 鎚斧
3095,250025,鐵砧,3095. 250025 鐵砧
3096,250026,鑷子,3096. 250026 鑷子
3097,250027,沖床沖頭,3097. 250027 沖床沖頭
3098,250028,鑽頭,3098. 250028 鑽頭
3099,250029,鋸,3099. 250029 鋸
3100,250030,錐,3100. 250030 錐
3101,250031,刀具,3101. 250031 刀具
3102,250032,鋼捲尺,3102. 250032 鋼捲尺
3103,250033,拔釘器,3103. 250033 拔釘器
3104,250035,銅鎖,3104. 250035 銅鎖
3105,250036,金屬鎖(不含銅鎖),3105. 250036 金屬鎖(不含銅鎖)
3106,250037,鑰匙,3106. 250037 鑰匙
3107,250038,鉸鏈,3107. 250038 鉸鏈
3108,250039,金屬鎖零組件,3108. 250039 金屬鎖零組件
3109,250040,壓鑄模具,3109. 250040 壓鑄模具
3110,250041,鍛造模具,3110. 250041 鍛造模具
3111,250042,沖壓模具,3111. 250042 沖壓模具
3112,250043,鑄造模具,3112. 250043 鑄造模具
3113,250044,塑膠成型模具,3113. 250044 塑膠成型模具
3114,250045,金屬模具加工,3114. 250045 金屬模具加工
3115,250047,廠房鋼結構,3115. 250047 廠房鋼結構
3116,250048,大樓鋼結構,3116. 250048 大樓鋼結構
3117,250049,橋樑鋼結構,3117. 250049 橋樑鋼結構
3118,250050,鐵塔鋼結構,3118. 250050 鐵塔鋼結構
3119,250052,鋁門窗,3119. 250052 鋁門窗
3120,250053,金屬門窗(不含鋁製),3120. 250053 金屬門窗(不含鋁製)
3121,250054,金屬門框,3121. 250054 金屬門框
3122,250055,金屬雕刻門(不含鋁製),3122. 250055 金屬雕刻門(不含鋁製)
3123,250056,金屬浪板,3123. 250056 金屬浪板
3124,250057,金屬瓦,3124. 250057 金屬瓦
3125,250058,金屬花管,3125. 250058 金屬花管
3126,250059,金屬欄杆,3126. 250059 金屬欄杆
3127,250060,金屬樓梯,3127. 250060 金屬樓梯
3128,250061,金屬天花板,3128. 250061 金屬天花板
3129,250062,輕鋼架,3129. 250062 輕鋼架
3130,250064,鍋爐,3130. 250064 鍋爐
3131,250065,鍋爐零組件,3131. 250065 鍋爐零組件
3132,250066,鍋爐輔助設備,3132. 250066 鍋爐輔助設備
3133,250067,鍋爐輔助設備零組件,3133. 250067 鍋爐輔助設備零組件
3134,250068,鍋爐及其輔助設備加工,3134. 250068 鍋爐及其輔助設備加工
3135,250069,金屬貯槽及壓力容器,3135. 250069 金屬貯槽及壓力容器
3136,250070,瓦斯鋼瓶,3136. 250070 瓦斯鋼瓶
3137,250071,金屬罐,3137. 250071 金屬罐
3138,250072,金屬盒,3138. 250072 金屬盒
3139,250073,金屬筒,3139. 250073 金屬筒
3140,250074,金屬桶,3140. 250074 金屬桶
3141,250075,金屬箱,3141. 250075 金屬箱
3142,250076,金屬瓶,3142. 250076 金屬瓶
3143,250078,碳鋼鍛件,3143. 250078 碳鋼鍛件
3144,250079,不銹鋼鍛件,3144. 250079 不銹鋼鍛件
3145,250080,合金鋼鍛件,3145. 250080 合金鋼鍛件
3146,250082,鋁合金鍛件,3146. 250082 鋁合金鍛件
3147,250083,鎂合金鍛件,3147. 250083 鎂合金鍛件
3148,250084,銅合金鍛件,3148. 250084 銅合金鍛件
3149,250086,粉末冶金,3149. 250086 粉末冶金
3150,250087,化學蒸鍍處理,3150. 250087 化學蒸鍍處理
3151,250088,物理蒸鍍處理,3151. 250088 物理蒸鍍處理
3152,250089,金屬製品熱處理,3152. 250089 金屬製品熱處理
3153,250090,非鐵金屬熱處理,3153. 250090 非鐵金屬熱處理
3154,250091,機械零件熱處理,3154. 250091 機械零件熱處理
3155,250092,鋼鐵熱處理,3155. 250092 鋼鐵熱處理
3156,250093,金屬熱處理,3156. 250093 金屬熱處理
3157,250094,電氣鋼片(電磁鋼板),3157. 250094 電氣鋼片(電磁鋼板)
3158,250095,熱軋熱浸鍍鋅鋼捲片,3158. 250095 熱軋熱浸鍍鋅鋼捲片
3159,250096,冷軋熱浸鍍鋅鋼捲片,3159. 250096 冷軋熱浸鍍鋅鋼捲片
3160,250097,鋅鐵合金熱浸鍍鋅鋼捲片,3160. 250097 鋅鐵合金熱浸鍍鋅鋼捲片
3161,250098,電鍍鍍鋅鋼捲片,3161. 250098 電鍍鍍鋅鋼捲片
3162,250099,其他鋼鍍或塗面鋼捲片,3162. 250099 其他鋼鍍或塗面鋼捲片
3163,250100,鍍錫(鉻)鋼捲片(馬口鐵皮),3163. 250100 鍍錫(鉻)鋼捲片(馬口鐵皮)
3164,250101,5%鍍鋁鋅鋼捲片,3164. 250101 5%鍍鋁鋅鋼捲片
3165,250102,55%鍍鋁鋅鋼捲片,3165. 250102 55%鍍鋁鋅鋼捲片
3166,250103,金屬表面磨光,3166. 250103 金屬表面磨光
3167,250104,彩色鋼捲片,3167. 250104 彩色鋼捲片
3168,250106,金屬製品電鍍,3168. 250106 金屬製品電鍍
3169,250107,金屬製品噴烤漆,3169. 250107 金屬製品噴烤漆
3170,250108,金屬製品鍍著,3170. 250108 金屬製品鍍著
3171,250109,金屬製品電著塗裝,3171. 250109 金屬製品電著塗裝
3172,250111,黑鋼管,3172. 250111 黑鋼管
3173,250112,家具管,3173. 250112 家具管
3174,250113,車管,3174. 250113 車管
3175,250114,方管,3175. 250114 方管
3176,250115,API管,3176. 250115 API管
3177,250116,SAW管,3177. 250116 SAW管
3178,250117,螺紋管,3178. 250117 螺紋管
3179,250118,涼椅管,3179. 250118 涼椅管
3180,250119,貨櫃管,3180. 250119 貨櫃管
3181,250120,鍍鋅鋼管,3181. 250120 鍍鋅鋼管
3182,250121,銲接不銹鋼管,3182. 250121 銲接不銹鋼管
3183,250122,銲接合金鋼管,3183. 250122 銲接合金鋼管
3184,250124,熱浸鍍鋅鋼捲片再加工,3184. 250124 熱浸鍍鋅鋼捲片再加工
3185,250125,電鍍鍍鋅鋼捲片再加工,3185. 250125 電鍍鍍鋅鋼捲片再加工
3186,250126,鍍錫(鉻)鋼捲片再加工(馬口鐵皮再加工),3186. 250126 鍍錫(鉻)鋼捲片再加工(馬口鐵皮再加工)
3187,250127,鋼板裁剪,3187. 250127 鋼板裁剪
3188,250128,銅材裁剪,3188. 250128 銅材裁剪
3189,250129,冷軋鋼帶(寬度＜600㎜),3189. 250129 冷軋鋼帶(寬度＜600㎜)
3190,250130,熱軋鋼帶(寬度＜600㎜),3190. 250130 熱軋鋼帶(寬度＜600㎜)
3191,250131,磨光鋼棒,3191. 250131 磨光鋼棒
3192,250132,不銹鋼棒(再加工),3192. 250132 不銹鋼棒(再加工)
3193,250133,合金鋼棒(再加工),3193. 250133 合金鋼棒(再加工)
3194,250134,快削鋼棒(再加工),3194. 250134 快削鋼棒(再加工)
3195,250135,銲接型鋼,3195. 250135 銲接型鋼
3196,250136,雕刻金屬,3196. 250136 雕刻金屬
3197,250138,螺絲,3197. 250138 螺絲
3198,250139,螺帽,3198. 250139 螺帽
3199,250140,螺栓,3199. 250140 螺栓
3200,250141,螺旋,3200. 250141 螺旋
3201,250142,螺旋圈,3201. 250142 螺旋圈
3202,250143,墊圈（華司）,3202. 250143 墊圈（華司）
3203,250144,金屬釘,3203. 250144 金屬釘
3204,250145,鉚釘,3204. 250145 鉚釘
3205,250147,金屬彈簧,3205. 250147 金屬彈簧
3206,250148,扭彈簧,3206. 250148 扭彈簧
3207,250149,板彈簧,3207. 250149 板彈簧
3208,250150,盤彈簧,3208. 250150 盤彈簧
3209,250151,螺旋彈簧,3209. 250151 螺旋彈簧
3210,250152,彈片,3210. 250152 彈片
3211,250153,低碳鋼線網,3211. 250153 低碳鋼線網
3212,250154,不銹鋼線網,3212. 250154 不銹鋼線網
3213,250155,熔接鋼線網,3213. 250155 熔接鋼線網
3214,250156,熔接鋼筋網,3214. 250156 熔接鋼筋網
3215,250157,刺鐵絲,3215. 250157 刺鐵絲
3216,250158,大頭針,3216. 250158 大頭針
3217,250159,迴形針,3217. 250159 迴形針
3218,250160,釘書針,3218. 250160 釘書針
3219,250161,裝訂針,3219. 250161 裝訂針
3220,250162,圖釘,3220. 250162 圖釘
3221,250163,縫釘,3221. 250163 縫釘
3222,250164,縫針,3222. 250164 縫針
3223,250165,鋼鐵鏈,3223. 250165 鋼鐵鏈
3224,250166,鏈條,3224. 250166 鏈條
3225,250167,鐵絲製品,3225. 250167 鐵絲製品
3226,250168,金屬別針,3226. 250168 金屬別針
3227,250169,金屬籬網,3227. 250169 金屬籬網
3228,250170,金屬髮夾,3228. 250170 金屬髮夾
3229,250171,金屬珠鏈,3229. 250171 金屬珠鏈
3230,250172,金屬鉤針,3230. 250172 金屬鉤針
3231,250173,金屬衣架,3231. 250173 金屬衣架
3232,250174,金屬紙夾,3232. 250174 金屬紙夾
3233,250175,金屬柵格,3233. 250175 金屬柵格
3234,250176,金屬絲扭製品,3234. 250176 金屬絲扭製品
3235,250178,鋁軟管,3235. 250178 鋁軟管
3236,250179,鋁器皿,3236. 250179 鋁器皿
3237,250180,鋁管配件(含接頭、肘管、套管),3237. 250180 鋁管配件(含接頭、肘管、套管)
3238,250182,銅管配件(含接頭、肘管、套管),3238. 250182 銅管配件(含接頭、肘管、套管)
3239,250184,鋼鐵用電銲被覆銲條,3239. 250184 鋼鐵用電銲被覆銲條
3240,250185,鋼鐵用銲線與銲帶,3240. 250185 鋼鐵用銲線與銲帶
3241,250186,鋁及鋁合金電銲用金屬銲材,3241. 250186 鋁及鋁合金電銲用金屬銲材
3242,250187,銲錫,3242. 250187 銲錫
3243,250188,釬銲用(硬、軟銲)金屬銲材,3243. 250188 釬銲用(硬、軟銲)金屬銲材
3244,250189,噴銲及其他銲法用金屬粉,3244. 250189 噴銲及其他銲法用金屬粉
3245,250190,銲絲,3245. 250190 銲絲
3246,250191,銲條、棒,3246. 250191 銲條、棒
3247,250192,金屬掛鉤,3247. 250192 金屬掛鉤
3248,250193,金屬軟管(不含鋁管),3248. 250193 金屬軟管(不含鋁管)
3249,250194,金屬瓶蓋,3249. 250194 金屬瓶蓋
3250,250195,金屬鈴,3250. 250195 金屬鈴
3251,250196,金屬馬具,3251. 250196 金屬馬具
3252,250197,金屬溜槽,3252. 250197 金屬溜槽
3253,250198,金屬鐐銬,3253. 250198 金屬鐐銬
3254,250199,其他銲接用金屬材料,3254. 250199 其他銲接用金屬材料
3255,250200,金屬滑輪,3255. 250200 金屬滑輪
3256,250201,金屬亮片,3256. 250201 金屬亮片
3257,250202,金屬鞋楦,3257. 250202 金屬鞋楦
3258,250203,金屬牌籤,3258. 250203 金屬牌籤
3259,250204,金屬把手,3259. 250204 金屬把手
3260,250205,金屬灌溉管,3260. 250205 金屬灌溉管
3261,250206,金屬通氣口,3261. 250206 金屬通氣口
3262,250207,金屬浴缸及臉盆,3262. 250207 金屬浴缸及臉盆
3263,250208,金屬煙灰缸、碟,3263. 250208 金屬煙灰缸、碟
3264,250209,移動式金屬梯,3264. 250209 移動式金屬梯
3265,250210,鋼球、鋼珠,3265. 250210 鋼球、鋼珠
3266,250211,鋼管配件,3266. 250211 鋼管配件
3267,250212,金屬餐具(不含鋁器皿),3267. 250212 金屬餐具(不含鋁器皿)
3268,250213,保險箱,3268. 250213 保險箱
3269,250214,紡錘,3269. 250214 紡錘
3270,250215,帶鈕,3270. 250215 帶鈕
3271,250216,鉛字鑄製,3271. 250216 鉛字鑄製
3272,250217,打包鋼帶,3272. 250217 打包鋼帶
3273,250218,鋅角,3273. 250218 鋅角
3274,250219,鋼盔,3274. 250219 鋼盔
3275,250220,徽章,3275. 250220 徽章
3276,250221,環眼,3276. 250221 環眼
3277,250222,關門器,3277. 250222 關門器
3278,250223,警鐘,3278. 250223 警鐘
3279,250224,鐵皮通風管,3279. 250224 鐵皮通風管
3280,250225,鐵皮導水管,3280. 250225 鐵皮導水管
3281,250226,蹄鐵,3281. 250226 蹄鐵
3282,250227,磁鐵,3282. 250227 磁鐵
3283,250228,螺槳,3283. 250228 螺槳
3284,250229,船錨,3284. 250229 船錨
3285,250230,體育用槍及彈藥,3285. 250230 體育用槍及彈藥
3286,250231,武器及彈藥,3286. 250231 武器及彈藥
3287,250232,矽氧樹脂，流體／片,3287. 250232 矽氧樹脂，流體／片
3288,250299,其他扳手,3288. 250299 其他扳手
3289,250399,其他手工具,3289. 250399 其他手工具
3290,250499,其他模具,3290. 250499 其他模具
3291,250599,其他金屬結構,3291. 250599 其他金屬結構
3292,250699,其他金屬建築組件,3292. 250699 其他金屬建築組件
3293,250799,其他金屬容器,3293. 250799 其他金屬容器
3294,250899,其他鋼鍛件,3294. 250899 其他鋼鍛件
3295,250999,其他金屬鍛造品,3295. 250999 其他金屬鍛造品
3296,251099,其他金屬表面處理,3296. 251099 其他金屬表面處理
3297,251199,其他金屬製品表面處理,3297. 251199 其他金屬製品表面處理
3298,251299,其他銲接鋼管,3298. 251299 其他銲接鋼管
3299,251399,其他金屬加工處理,3299. 251399 其他金屬加工處理
3300,251499,其他螺絲類產品,3300. 251499 其他螺絲類產品
3301,251599,其他金屬線製品,3301. 251599 其他金屬線製品
3302,251699,其他鋁製品,3302. 251699 其他鋁製品
3303,251799,其他銅製品,3303. 251799 其他銅製品
3304,251899,其他金屬電銲用金屬銲材,3304. 251899 其他金屬電銲用金屬銲材
3305,251999,其他未列名金屬製品,3305. 251999 其他未列名金屬製品
3306,260001,拋光矽晶圓(材料),3306. 260001 拋光矽晶圓(材料)
3307,260002,磊晶矽晶圓(材料),3307. 260002 磊晶矽晶圓(材料)
3308,260003,光罩,3308. 260003 光罩
3309,260004,MOS動態隨機存取記憶體,3309. 260004 MOS動態隨機存取記憶體
3310,260005,MOS靜態隨機存取記憶體,3310. 260005 MOS靜態隨機存取記憶體
3311,260006,MOS唯讀記憶體,3311. 260006 MOS唯讀記憶體
3312,260007,MOS快閃記憶體,3312. 260007 MOS快閃記憶體
3313,260008,MOS數位式標準邏輯IC(含晶片),3313. 260008 MOS數位式標準邏輯IC(含晶片)
3314,260009,MOS數位式微元件IC(含晶片),3314. 260009 MOS數位式微元件IC(含晶片)
3315,260010,MOS數位式特殊應用IC(含晶片),3315. 260010 MOS數位式特殊應用IC(含晶片)
3316,260011,MOS類比式IC(含晶片),3316. 260011 MOS類比式IC(含晶片)
3317,260013,雙極性數位式IC(含晶片),3317. 260013 雙極性數位式IC(含晶片)
3318,260014,雙極性類比式IC(含晶片),3318. 260014 雙極性類比式IC(含晶片)
3319,260015,混成IC(含晶片),3319. 260015 混成IC(含晶片)
3320,260018,代工晶圓(12吋及以上),3320. 260018 代工晶圓(12吋及以上)
3321,260019,代工晶圓(8吋),3321. 260019 代工晶圓(8吋)
3322,260020,代工晶圓(6吋),3322. 260020 代工晶圓(6吋)
3323,260021,代工晶圓(5吋及以下),3323. 260021 代工晶圓(5吋及以下)
3324,260022,二極體,3324. 260022 二極體
3325,260023,電晶體,3325. 260023 電晶體
3326,260024,閘流體,3326. 260024 閘流體
3327,260025,積體電路引腳架,3327. 260025 積體電路引腳架
3328,260026,二極體、電晶體導線架,3328. 260026 二極體、電晶體導線架
3329,260028,構裝IC,3329. 260028 構裝IC
3330,260029,晶圓封裝,3330. 260029 晶圓封裝
3331,260030,晶圓凸塊,3331. 260030 晶圓凸塊
3332,260031,IC載板,3332. 260031 IC載板
3333,260032,IC測試(含晶片),3333. 260032 IC測試(含晶片)
3334,260033,晶圓測試,3334. 260033 晶圓測試
3335,260034,鉭質電解電容器,3335. 260034 鉭質電解電容器
3336,260035,鋁質電解電容器,3336. 260035 鋁質電解電容器
3337,260036,塑膠薄膜電容器,3337. 260036 塑膠薄膜電容器
3338,260037,陶瓷電容器,3338. 260037 陶瓷電容器
3339,260038,可變電容器,3339. 260038 可變電容器
3340,260040,聲頻變壓器,3340. 260040 聲頻變壓器
3341,260041,返馳變壓器,3341. 260041 返馳變壓器
3342,260042,中頻變壓器,3342. 260042 中頻變壓器
3343,260043,電源變壓器,3343. 260043 電源變壓器
3344,260045,碳膜電阻器,3344. 260045 碳膜電阻器
3345,260046,金屬膜電阻器,3345. 260046 金屬膜電阻器
3346,260047,可變電阻器,3346. 260047 可變電阻器
3347,260048,保險絲電阻器(熔絲電阻器),3347. 260048 保險絲電阻器(熔絲電阻器)
3348,260049,排列電阻器,3348. 260049 排列電阻器
3349,260050,晶片電阻器,3349. 260050 晶片電阻器
3350,260052,電子繼電器,3350. 260052 電子繼電器
3351,260053,偏向軛(電視用),3351. 260053 偏向軛(電視用)
3352,260055,晶片電感,3352. 260055 晶片電感
3353,260057,印刷電路用銅箔基板,3353. 260057 印刷電路用銅箔基板
3354,260058,印刷電路板,3354. 260058 印刷電路板
3355,260062,印刷電路板加工,3355. 260062 印刷電路板加工
3356,260063,被動驅動式液晶面板,3356. 260063 被動驅動式液晶面板
3357,260064,大尺寸TFT-LCD面板(10吋及以上),3357. 260064 大尺寸TFT-LCD面板(10吋及以上)
3358,260065,中小尺寸TFT-LCD面板(10吋以下，不含10吋),3358. 260065 中小尺寸TFT-LCD面板(10吋以下，不含10吋)
3359,260066,TFT-LCD面板零件(Array製程),3359. 260066 TFT-LCD面板零件(Array製程)
3360,260067,TFT-LCD面板零件(Cell製程，尚未灌入液晶),3360. 260067 TFT-LCD面板零件(Cell製程，尚未灌入液晶)
3361,260068,TFT-LCD模組,3361. 260068 TFT-LCD模組
3362,260069,偏光板,3362. 260069 偏光板
3363,260070,玻璃基板,3363. 260070 玻璃基板
3364,260071,彩色濾光片,3364. 260071 彩色濾光片
3365,260072,背光模組,3365. 260072 背光模組
3366,260073,導光板,3366. 260073 導光板
3367,260074,擴散板／膜,3367. 260074 擴散板／膜
3368,260075,冷陰極燈管,3368. 260075 冷陰極燈管
3369,260076,ITO導電玻璃薄膜處理,3369. 260076 ITO導電玻璃薄膜處理
3370,260077,發光二極體磊晶片,3370. 260077 發光二極體磊晶片
3371,260078,發光二極體晶粒,3371. 260078 發光二極體晶粒
3372,260079,發光二極體燈泡,3372. 260079 發光二極體燈泡
3373,260080,發光二極體顯示器,3373. 260080 發光二極體顯示器
3374,260081,發光二極體顯示看板,3374. 260081 發光二極體顯示看板
3375,260082,有機發光二極體顯示器或模組,3375. 260082 有機發光二極體顯示器或模組
3376,260084,太陽能矽晶片,3376. 260084 太陽能矽晶片
3377,260085,太陽能電池,3377. 260085 太陽能電池
3378,260086,太陽能模組／板,3378. 260086 太陽能模組／板
3379,260087,雷射二極體磊晶片,3379. 260087 雷射二極體磊晶片
3380,260088,雷射二極體晶粒,3380. 260088 雷射二極體晶粒
3381,260089,雷射二極體元件或模組,3381. 260089 雷射二極體元件或模組
3382,260090,雷射指示器,3382. 260090 雷射指示器
3383,260091,電漿面板或模組,3383. 260091 電漿面板或模組
3384,260092,觸控面板,3384. 260092 觸控面板
3385,260093,電子紙,3385. 260093 電子紙
3386,260095,表面鍍膜處理,3386. 260095 表面鍍膜處理
3387,260097,主機板,3387. 260097 主機板
3388,260098,記憶擴充卡,3388. 260098 記憶擴充卡
3389,260099,其他介面卡,3389. 260099 其他介面卡
3390,260100,繪圖卡,3390. 260100 繪圖卡
3391,260101,網路卡,3391. 260101 網路卡
3392,260102,傳真卡,3392. 260102 傳真卡
3393,260103,ISDN卡,3393. 260103 ISDN卡
3394,260104,控制卡,3394. 260104 控制卡
3395,260105,中文卡,3395. 260105 中文卡
3396,260106,音效卡,3396. 260106 音效卡
3397,260107,視訊卡,3397. 260107 視訊卡
3398,260108,快閃記憶卡,3398. 260108 快閃記憶卡
3399,260109,彩色影像管(電視用),3399. 260109 彩色影像管(電視用)
3400,260110,單色影像管(電視用),3400. 260110 單色影像管(電視用)
3401,260111,彩色影像管(電腦用),3401. 260111 彩色影像管(電腦用)
3402,260112,單色影像管(電腦用),3402. 260112 單色影像管(電腦用)
3403,260113,工業用電子管(影像管用),3403. 260113 工業用電子管(影像管用)
3404,260114,玻璃球管,3404. 260114 玻璃球管
3405,260115,電子槍,3405. 260115 電子槍
3406,260116,真空管,3406. 260116 真空管
3407,260117,磁控管,3407. 260117 磁控管
3408,260119,連接器(線),3408. 260119 連接器(線)
3409,260120,石英振盪器,3409. 260120 石英振盪器
3410,260121,轉換器,3410. 260121 轉換器
3411,260122,濾波器,3411. 260122 濾波器
3412,260123,電子整流元件,3412. 260123 電子整流元件
3413,260124,薄膜體聲波資諧振器,3413. 260124 薄膜體聲波資諧振器
3414,260125,電子零組件用模組,3414. 260125 電子零組件用模組
3415,260126,錄影機用磁頭,3415. 260126 錄影機用磁頭
3416,260127,錄音機用磁頭,3416. 260127 錄音機用磁頭
3417,260128,通訊微波元件,3417. 260128 通訊微波元件
3418,260129,電磁閥,3418. 260129 電磁閥
3419,260131,塑膠積體電路,3419. 260131 塑膠積體電路
3420,260133,玻璃生料,3420. 260133 玻璃生料
3421,260134,電子零組件－電子零件,3421. 260134 電子零組件－電子零件
3422,260135,基（極）板,3422. 260135 基（極）板
3423,260136,電子零組件－印刷電路板,3423. 260136 電子零組件－印刷電路板
3424,260199,其他MOS數位式IC(含晶片),3424. 260199 其他MOS數位式IC(含晶片)
3425,260299,其他製程IC(含晶片),3425. 260299 其他製程IC(含晶片)
3426,260399,其他MOS記憶體,3426. 260399 其他MOS記憶體
3427,260499,其他半導體製造零組件,3427. 260499 其他半導體製造零組件
3428,260599,其他電容器,3428. 260599 其他電容器
3429,260699,其他變壓器,3429. 260699 其他變壓器
3430,260799,其他電阻器,3430. 260799 其他電阻器
3431,260899,其他電視用磁鐵元件,3431. 260899 其他電視用磁鐵元件
3432,260999,其他被動元件,3432. 260999 其他被動元件
3433,261099,其他LED封裝或模組,3433. 261099 其他LED封裝或模組
3434,261199,其他面板或模組,3434. 261199 其他面板或模組
3435,261299,其他光電材料及元件,3435. 261299 其他光電材料及元件
3436,261399,其他電子管及零配件,3436. 261399 其他電子管及零配件
3437,261499,其他雜項電子配件,3437. 261499 其他雜項電子配件
3438,270001,迷你電腦,3438. 270001 迷你電腦
3439,270002,電腦工作站,3439. 270002 電腦工作站
3440,270003,桌上型電腦,3440. 270003 桌上型電腦
3441,270004,膝上型電腦,3441. 270004 膝上型電腦
3442,270005,筆記型電腦,3442. 270005 筆記型電腦
3443,270006,掌上型電腦,3443. 270006 掌上型電腦
3444,270007,筆式電腦,3444. 270007 筆式電腦
3445,270008,手持式電腦,3445. 270008 手持式電腦
3446,270009,工業電腦,3446. 270009 工業電腦
3447,270010,電子字典,3447. 270010 電子字典
3448,270011,伺服器,3448. 270011 伺服器
3449,270012,可程式計算器,3449. 270012 可程式計算器
3450,270013,掌上型一般計算器,3450. 270013 掌上型一般計算器
3451,270014,桌上型計算器,3451. 270014 桌上型計算器
3452,270015,個人數位助理器（PDA）,3452. 270015 個人數位助理器（PDA）
3453,270016,資料微處理機,3453. 270016 資料微處理機
3454,270017,單色陰極射線管顯示器(電視用),3454. 270017 單色陰極射線管顯示器(電視用)
3455,270018,單色陰極射線管顯示器(電腦用),3455. 270018 單色陰極射線管顯示器(電腦用)
3456,270019,彩色陰極射線管顯示器(電視用),3456. 270019 彩色陰極射線管顯示器(電視用)
3457,270020,彩色陰極射線管顯示器(電腦用),3457. 270020 彩色陰極射線管顯示器(電腦用)
3458,270021,液晶顯示器,3458. 270021 液晶顯示器
3459,270024,電漿顯示器,3459. 270024 電漿顯示器
3460,270026,單色一般終端機,3460. 270026 單色一般終端機
3461,270027,彩色一般終端機,3461. 270027 彩色一般終端機
3462,270028,單色中文終端機,3462. 270028 單色中文終端機
3463,270029,彩色中文終端機,3463. 270029 彩色中文終端機
3464,270030,Ｘ終端機,3464. 270030 Ｘ終端機
3465,270032,硬式磁碟機,3465. 270032 硬式磁碟機
3466,270033,軟式磁碟機,3466. 270033 軟式磁碟機
3467,270034,矽碟機,3467. 270034 矽碟機
3468,270035,唯讀型光碟機,3468. 270035 唯讀型光碟機
3469,270036,唯讀型數位多功能光碟機,3469. 270036 唯讀型數位多功能光碟機
3470,270037,光碟燒錄機,3470. 270037 光碟燒錄機
3471,270038,數位多功能光碟燒錄機,3471. 270038 數位多功能光碟燒錄機
3472,270039,複合式光碟燒錄機,3472. 270039 複合式光碟燒錄機
3473,270041,隨身碟,3473. 270041 隨身碟
3474,270043,點陣式印表機,3474. 270043 點陣式印表機
3475,270044,菊輪式印表機,3475. 270044 菊輪式印表機
3476,270046,雷射印表機,3476. 270046 雷射印表機
3477,270047,噴墨印表機,3477. 270047 噴墨印表機
3478,270049,繪圖機,3478. 270049 繪圖機
3479,270050,多功能印表機,3479. 270050 多功能印表機
3480,270051,鍵盤,3480. 270051 鍵盤
3481,270052,滑鼠,3481. 270052 滑鼠
3482,270053,電腦控制桿裝置,3482. 270053 電腦控制桿裝置
3483,270054,光筆,3483. 270054 光筆
3484,270055,電腦相機,3484. 270055 電腦相機
3485,270056,平台式掃描器,3485. 270056 平台式掃描器
3486,270057,餽紙式掃描器,3486. 270057 餽紙式掃描器
3487,270058,掌上型掃描器,3487. 270058 掌上型掃描器
3488,270059,底片型掃描器,3488. 270059 底片型掃描器
3489,270060,光學讀卡機,3489. 270060 光學讀卡機
3490,270061,條碼閱讀機,3490. 270061 條碼閱讀機
3491,270062,磁卡閱讀機,3491. 270062 磁卡閱讀機
3492,270063,快閃記憶卡讀卡機,3492. 270063 快閃記憶卡讀卡機
3493,270064,晶片卡讀卡機,3493. 270064 晶片卡讀卡機
3494,270066,網路存取數位板,3494. 270066 網路存取數位板
3495,270067,數位板,3495. 270067 數位板
3496,270068,數位投影機,3496. 270068 數位投影機
3497,270069,文字處理機,3497. 270069 文字處理機
3498,270070,程式燒錄器,3498. 270070 程式燒錄器
3499,270071,電腦發展設備,3499. 270071 電腦發展設備
3500,270072,網路作業系統設備,3500. 270072 網路作業系統設備
3501,270073,電腦機殼,3501. 270073 電腦機殼
3502,270074,電腦及其週邊設備用模組,3502. 270074 電腦及其週邊設備用模組
3503,270075,自動櫃員機（ATM）,3503. 270075 自動櫃員機（ATM）
3504,270076,生物辨識裝置,3504. 270076 生物辨識裝置
3505,270079,簡單型電話機,3505. 270079 簡單型電話機
3506,270080,ISDN電話機,3506. 270080 ISDN電話機
3507,270081,多功能電話機,3507. 270081 多功能電話機
3508,270082,按鍵電話系統,3508. 270082 按鍵電話系統
3509,270083,ISDN按鍵電話系統,3509. 270083 ISDN按鍵電話系統
3510,270084,電話答錄機,3510. 270084 電話答錄機
3511,270085,有線電話無線副機,3511. 270085 有線電話無線副機
3512,270086,有線對講機,3512. 270086 有線對講機
3513,270088,數位式無線電話,3513. 270088 數位式無線電話
3514,270089,無線按鍵電話系統,3514. 270089 無線按鍵電話系統
3515,270090,中繼式無線對講機,3515. 270090 中繼式無線對講機
3516,270091,民用波段對講機,3516. 270091 民用波段對講機
3517,270092,低階行動電話,3517. 270092 低階行動電話
3518,270093,蜂巢式行動電話,3518. 270093 蜂巢式行動電話
3519,270094,局用交換機,3519. 270094 局用交換機
3520,270095,用戶交換機,3520. 270095 用戶交換機
3521,270096,整體服務數位網路(ISDN)用戶交換機,3521. 270096 整體服務數位網路(ISDN)用戶交換機
3522,270097,無線用戶交換機,3522. 270097 無線用戶交換機
3523,270098,雷射普通紙傳真機,3523. 270098 雷射普通紙傳真機
3524,270099,其他局端用交換設備,3524. 270099 其他局端用交換設備
3525,270100,非雷射普通紙傳真機,3525. 270100 非雷射普通紙傳真機
3526,270101,無線傳真機,3526. 270101 無線傳真機
3527,270102,電傳打字機,3527. 270102 電傳打字機
3528,270103,收發報機,3528. 270103 收發報機
3529,270104,數據機,3529. 270104 數據機
3530,270105,ISDN數據機,3530. 270105 ISDN數據機
3531,270106,數位用戶迴路數據機,3531. 270106 數位用戶迴路數據機
3532,270107,纜線數據機,3532. 270107 纜線數據機
3533,270108,無線數據機,3533. 270108 無線數據機
3534,270109,集線器,3534. 270109 集線器
3535,270110,交換器,3535. 270110 交換器
3536,270111,路由器,3536. 270111 路由器
3537,270112,橋接器,3537. 270112 橋接器
3538,270113,閘道器,3538. 270113 閘道器
3539,270114,中繼機,3539. 270114 中繼機
3540,270115,網路集中設備,3540. 270115 網路集中設備
3541,270116,網路連接器,3541. 270116 網路連接器
3542,270118,載波機,3542. 270118 載波機
3543,270119,劃時多工機(分時式多工機),3543. 270119 劃時多工機(分時式多工機)
3544,270120,劃頻多工機(分頻式多工機),3544. 270120 劃頻多工機(分頻式多工機)
3545,270121,頻道銀行,3545. 270121 頻道銀行
3546,270122,數位線路倍增器,3546. 270122 數位線路倍增器
3547,270123,電子式集線機,3547. 270123 電子式集線機
3548,270124,資料服務單元／頻道服務單元,3548. 270124 資料服務單元／頻道服務單元
3549,270126,有線通信設備用模組,3549. 270126 有線通信設備用模組
3550,270127,局端用無線通訊設備,3550. 270127 局端用無線通訊設備
3551,270128,數位微波系統,3551. 270128 數位微波系統
3552,270129,微波通信元件,3552. 270129 微波通信元件
3553,270131,無線通信器材用模組,3553. 270131 無線通信器材用模組
3554,270132,無線電報機,3554. 270132 無線電報機
3555,270133,無線電接收機,3555. 270133 無線電接收機
3556,270134,無線電報設備,3556. 270134 無線電報設備
3557,270136,船用通訊設備,3557. 270136 船用通訊設備
3558,270137,衛星通訊設備,3558. 270137 衛星通訊設備
3559,270138,衛星小型地面站網路(VSAT),3559. 270138 衛星小型地面站網路(VSAT)
3560,270139,衛星小型地面站設備,3560. 270139 衛星小型地面站設備
3561,270141,有線數位電視接收器,3561. 270141 有線數位電視接收器
3562,270142,衛星數位電視接收器,3562. 270142 衛星數位電視接收器
3563,270143,地面廣播數位電視接收器,3563. 270143 地面廣播數位電視接收器
3564,270144,視訊傳輸設備,3564. 270144 視訊傳輸設備
3565,270145,有線電視之各項設備,3565. 270145 有線電視之各項設備
3566,270146,衛星天線,3566. 270146 衛星天線
3567,270147,一般天線,3567. 270147 一般天線
3568,270148,車用防盜器,3568. 270148 車用防盜器
3569,270149,電眼,3569. 270149 電眼
3570,270150,監視系統攝影機,3570. 270150 監視系統攝影機
3571,270151,電子警報器,3571. 270151 電子警報器
3572,270152,防盜防災系統設備,3572. 270152 防盜防災系統設備
3573,270154,光纖傳輸裝置,3573. 270154 光纖傳輸裝置
3574,270155,光纖主動元件,3574. 270155 光纖主動元件
3575,270156,光纖被動元件,3575. 270156 光纖被動元件
3576,270157,ISDN終端配適器,3576. 270157 ISDN終端配適器
3577,270158,ISDN網路終端,3577. 270158 ISDN網路終端
3578,270159,影像顯示設備,3578. 270159 影像顯示設備
3579,270160,呼叫器,3579. 270160 呼叫器
3580,270161,無線遙控器,3580. 270161 無線遙控器
3581,270162,電動信號設備,3581. 270162 電動信號設備
3582,270164,寬螢幕電視機,3582. 270164 寬螢幕電視機
3583,270165,一般彩色電視機(20吋及以上),3583. 270165 一般彩色電視機(20吋及以上)
3584,270166,一般彩色電視機(19吋及以下),3584. 270166 一般彩色電視機(19吋及以下)
3585,270167,數位彩色電視機,3585. 270167 數位彩色電視機
3586,270168,高畫質彩色電視機,3586. 270168 高畫質彩色電視機
3587,270169,液晶彩色電視機,3587. 270169 液晶彩色電視機
3588,270170,電漿彩色電視機,3588. 270170 電漿彩色電視機
3589,270171,分離式組合電視機,3589. 270171 分離式組合電視機
3590,270172,電視音響組合彩色電視機,3590. 270172 電視音響組合彩色電視機
3591,270173,一般黑白電視機,3591. 270173 一般黑白電視機
3592,270174,液晶黑白電視機,3592. 270174 液晶黑白電視機
3593,270175,電視音響組合黑白電視機,3593. 270175 電視音響組合黑白電視機
3594,270176,射頻變頻器,3594. 270176 射頻變頻器
3595,270177,放影機,3595. 270177 放影機
3596,270178,錄放影機,3596. 270178 錄放影機
3597,270179,雷射碟影機,3597. 270179 雷射碟影機
3598,270180,攝錄放影機,3598. 270180 攝錄放影機
3599,270181,影帶(光碟)拷貝機,3599. 270181 影帶(光碟)拷貝機
3600,270182,唱盤,3600. 270182 唱盤
3601,270183,雷射唱機,3601. 270183 雷射唱機
3602,270184,影音光碟機,3602. 270184 影音光碟機
3603,270185,多功能數位影音光碟機,3603. 270185 多功能數位影音光碟機
3604,270186,PMP可攜式多媒體播放器,3604. 270186 PMP可攜式多媒體播放器
3605,270187,單頻道收音機,3605. 270187 單頻道收音機
3606,270188,多頻道收音機,3606. 270188 多頻道收音機
3607,270190,收錄音機,3607. 270190 收錄音機
3608,270191,MP3錄放音機,3608. 270191 MP3錄放音機
3609,270193,汽車用收音機,3609. 270193 汽車用收音機
3610,270194,汽車用收放音機,3610. 270194 汽車用收放音機
3611,270195,伴唱機,3611. 270195 伴唱機
3612,270196,點唱機,3612. 270196 點唱機
3613,270197,語言學習機,3613. 270197 語言學習機
3614,270198,音頻擴大機,3614. 270198 音頻擴大機
3615,270199,其他特定用途揚聲器,3615. 270199 其他特定用途揚聲器
3616,270200,調諧器,3616. 270200 調諧器
3617,270201,等化器,3617. 270201 等化器
3618,270202,揚聲器,3618. 270202 揚聲器
3619,270203,車用揚聲器,3619. 270203 車用揚聲器
3620,270204,麥克風,3620. 270204 麥克風
3621,270205,揚聲器零配件,3621. 270205 揚聲器零配件
3622,270206,耳機,3622. 270206 耳機
3623,270207,錄放音機座,3623. 270207 錄放音機座
3624,270210,視聽電子產品用模組,3624. 270210 視聽電子產品用模組
3625,270211,電視遊樂器,3625. 270211 電視遊樂器
3626,270212,家庭劇院視聽設備,3626. 270212 家庭劇院視聽設備
3627,270214,硬式磁碟,3627. 270214 硬式磁碟
3628,270215,軟式磁碟片,3628. 270215 軟式磁碟片
3629,270216,磁帶(電腦用),3629. 270216 磁帶(電腦用)
3630,270217,空白光碟片(含空白磁光碟片),3630. 270217 空白光碟片(含空白磁光碟片)
3631,270218,CD系列預錄式光碟(非空白片),3631. 270218 CD系列預錄式光碟(非空白片)
3632,270219,DVD系列預錄式光碟(非空白片),3632. 270219 DVD系列預錄式光碟(非空白片)
3633,270220,唱片,3633. 270220 唱片
3634,270221,空白錄音帶(含外殼),3634. 270221 空白錄音帶(含外殼)
3635,270222,錄音帶(非空白帶),3635. 270222 錄音帶(非空白帶)
3636,270223,空白錄影帶(含外殼),3636. 270223 空白錄影帶(含外殼)
3637,270224,錄影帶(非空白帶),3637. 270224 錄影帶(非空白帶)
3638,270225,IC卡,3638. 270225 IC卡
3639,270226,非IC記錄訊號卡,3639. 270226 非IC記錄訊號卡
3640,270228,數值控制器,3640. 270228 數值控制器
3641,270229,雷達系統,3641. 270229 雷達系統
3642,270230,全球定位系統,3642. 270230 全球定位系統
3643,270231,船用航儀設備,3643. 270231 船用航儀設備
3644,270232,電波測深器,3644. 270232 電波測深器
3645,270233,聲納設備,3645. 270233 聲納設備
3646,270234,無線電導航儀,3646. 270234 無線電導航儀
3647,270236,電錶(計算電力用),3647. 270236 電錶(計算電力用)
3648,270237,電流表,3648. 270237 電流表
3649,270238,電壓表,3649. 270238 電壓表
3650,270239,多用電表,3650. 270239 多用電表
3651,270240,壓力計,3651. 270240 壓力計
3652,270241,水錶,3652. 270241 水錶
3653,270242,酸鹼度計,3653. 270242 酸鹼度計
3654,270243,溫濕度計,3654. 270243 溫濕度計
3655,270244,恆溫控制器,3655. 270244 恆溫控制器
3656,270245,定溫器,3656. 270245 定溫器
3657,270246,汽車速度表,3657. 270246 汽車速度表
3658,270247,汽車油壓表,3658. 270247 汽車油壓表
3659,270248,汽車轉速計,3659. 270248 汽車轉速計
3660,270249,計程車錶,3660. 270249 計程車錶
3661,270250,計量器,3661. 270250 計量器
3662,270251,自動收票設備,3662. 270251 自動收票設備
3663,270252,停車計時器,3663. 270252 停車計時器
3664,270256,電壓量測儀器,3664. 270256 電壓量測儀器
3665,270257,電流量測儀器,3665. 270257 電流量測儀器
3666,270258,功率量測儀器,3666. 270258 功率量測儀器
3667,270259,電磁波量測儀器,3667. 270259 電磁波量測儀器
3668,270260,數位示波器,3668. 270260 數位示波器
3669,270261,類比示波器,3669. 270261 類比示波器
3670,270262,頻譜分析儀,3670. 270262 頻譜分析儀
3671,270263,邏輯分析儀,3671. 270263 邏輯分析儀
3672,270264,微處理機發展系統,3672. 270264 微處理機發展系統
3673,270265,信號產生器,3673. 270265 信號產生器
3674,270266,信號產生、分析與處理儀器,3674. 270266 信號產生、分析與處理儀器
3675,270267,電信測試儀器,3675. 270267 電信測試儀器
3676,270268,電氣特性測試儀器,3676. 270268 電氣特性測試儀器
3677,270269,電子零件特性量測儀器,3677. 270269 電子零件特性量測儀器
3678,270270,自動測試設備,3678. 270270 自動測試設備
3679,270271,半導體檢測設備,3679. 270271 半導體檢測設備
3680,270273,天平,3680. 270273 天平
3681,270274,機械式測重磅,3681. 270274 機械式測重磅
3682,270275,電子式測重磅,3682. 270275 電子式測重磅
3683,270277,溫度感測器,3683. 270277 溫度感測器
3684,270278,氣體感測器,3684. 270278 氣體感測器
3685,270279,壓力感測器,3685. 270279 壓力感測器
3686,270280,光纖感測器,3686. 270280 光纖感測器
3687,270282,工業校準用塊規,3687. 270282 工業校準用塊規
3688,270283,工業校準用標準尺,3688. 270283 工業校準用標準尺
3689,270284,工業校準用量規,3689. 270284 工業校準用量規
3690,270286,雷射檢測設備,3690. 270286 雷射檢測設備
3691,270287,全像設備及全像元件,3691. 270287 全像設備及全像元件
3692,270289,曝光表,3692. 270289 曝光表
3693,270290,分光儀,3693. 270290 分光儀
3694,270291,光纖檢測設備,3694. 270291 光纖檢測設備
3695,270292,紅外光檢測裝置,3695. 270292 紅外光檢測裝置
3696,270293,製程檢測設備,3696. 270293 製程檢測設備
3697,270294,環境自動控制及調節裝置,3697. 270294 環境自動控制及調節裝置
3698,270295,環境檢測儀器,3698. 270295 環境檢測儀器
3699,270296,安全衛生檢測儀器,3699. 270296 安全衛生檢測儀器
3700,270297,實驗室專用分析儀器及系統設備,3700. 270297 實驗室專用分析儀器及系統設備
3701,270298,飛行記錄器,3701. 270298 飛行記錄器
3702,270299,其他科學量測器材,3702. 270299 其他科學量測器材
3703,270300,航空器專用儀器,3703. 270300 航空器專用儀器
3704,270301,機械錶,3704. 270301 機械錶
3705,270302,石英錶,3705. 270302 石英錶
3706,270303,電子錶,3706. 270303 電子錶
3707,270304,錶殼,3707. 270304 錶殼
3708,270305,錶芯,3708. 270305 錶芯
3709,270306,錶面,3709. 270306 錶面
3710,270307,錶零件,3710. 270307 錶零件
3711,270309,機械鐘,3711. 270309 機械鐘
3712,270310,石英鐘,3712. 270310 石英鐘
3713,270311,電子鐘,3713. 270311 電子鐘
3714,270312,鐘殼,3714. 270312 鐘殼
3715,270313,鐘芯,3715. 270313 鐘芯
3716,270314,鐘面,3716. 270314 鐘面
3717,270315,鐘零組件,3717. 270315 鐘零組件
3718,270316,計時器,3718. 270316 計時器
3719,270319,超音波掃描儀,3719. 270319 超音波掃描儀
3720,270320,一般診斷用X光機,3720. 270320 一般診斷用X光機
3721,270321,牙科用ｘ光檯,3721. 270321 牙科用ｘ光檯
3722,270322,助聽器,3722. 270322 助聽器
3723,270323,心律調整器,3723. 270323 心律調整器
3724,270324,高震波碎石裝置,3724. 270324 高震波碎石裝置
3725,270325,早產兒保育器,3725. 270325 早產兒保育器
3726,270326,臨床生化分析儀,3726. 270326 臨床生化分析儀
3727,270327,血液分析儀,3727. 270327 血液分析儀
3728,270328,腦波計,3728. 270328 腦波計
3729,270329,心臟示波器,3729. 270329 心臟示波器
3730,270330,心電圖掃描器,3730. 270330 心電圖掃描器
3731,270331,心電圖記錄器,3731. 270331 心電圖記錄器
3732,270332,超音波洗牙機(醫療用),3732. 270332 超音波洗牙機(醫療用)
3733,270333,磁共振造影(MRI)設備,3733. 270333 磁共振造影(MRI)設備
3734,270334,電腦斷層(CT)掃描儀,3734. 270334 電腦斷層(CT)掃描儀
3735,270335,正子放射斷層(PET)掃描儀,3735. 270335 正子放射斷層(PET)掃描儀
3736,270336,放射線治療機,3736. 270336 放射線治療機
3737,270337,食品殺菌輻射設備,3737. 270337 食品殺菌輻射設備
3738,270338,電子醫學內視鏡設備,3738. 270338 電子醫學內視鏡設備
3739,270339,雷射設備,3739. 270339 雷射設備
3740,270341,110照相機,3740. 270341 110照相機
3741,270342,35㎜單眼反光照相機,3741. 270342 35㎜單眼反光照相機
3742,270343,35㎜固定焦距雙眼照相機,3742. 270343 35㎜固定焦距雙眼照相機
3743,270344,35㎜可變焦距雙眼照相機,3743. 270344 35㎜可變焦距雙眼照相機
3744,270345,自動對焦伸縮鏡頭相機,3744. 270345 自動對焦伸縮鏡頭相機
3745,270346,數位相機,3745. 270346 數位相機
3746,270348,照相用閃光燈,3746. 270348 照相用閃光燈
3747,270349,照相用交換鏡頭,3747. 270349 照相用交換鏡頭
3748,270350,自動對焦伸縮鏡頭,3748. 270350 自動對焦伸縮鏡頭
3749,270352,電影攝影機,3749. 270352 電影攝影機
3750,270353,數位攝影機,3750. 270353 數位攝影機
3751,270355,玻璃透鏡,3751. 270355 玻璃透鏡
3752,270356,塑膠透鏡,3752. 270356 塑膠透鏡
3753,270357,玻璃毛胚,3753. 270357 玻璃毛胚
3754,270358,偏光鏡片,3754. 270358 偏光鏡片
3755,270359,透鏡片,3755. 270359 透鏡片
3756,270360,菱鏡,3756. 270360 菱鏡
3757,270361,光學鏡子,3757. 270361 光學鏡子
3758,270362,放大鏡片,3758. 270362 放大鏡片
3759,270363,光學反射鏡片,3759. 270363 光學反射鏡片
3760,270364,濾鏡片,3760. 270364 濾鏡片
3761,270365,觀劇鏡片,3761. 270365 觀劇鏡片
3762,270367,前投式液晶投影機,3762. 270367 前投式液晶投影機
3763,270369,背投式液晶投影機,3763. 270369 背投式液晶投影機
3764,270371,幻燈機,3764. 270371 幻燈機
3765,270372,幻燈片放映機,3765. 270372 幻燈片放映機
3766,270373,電影放映機,3766. 270373 電影放映機
3767,270374,望遠鏡,3767. 270374 望遠鏡
3768,270375,潛望鏡,3768. 270375 潛望鏡
3769,270376,顯微鏡,3769. 270376 顯微鏡
3770,270377,瞄準鏡,3770. 270377 瞄準鏡
3771,270378,光學槍械瞄準設備,3771. 270378 光學槍械瞄準設備
3772,270379,防空搜索鏡,3772. 270379 防空搜索鏡
3773,270380,曝光計,3773. 270380 曝光計
3774,270381,門眼,3774. 270381 門眼
3775,270382,放映鏡頭,3775. 270382 放映鏡頭
3776,270383,光學比較儀,3776. 270383 光學比較儀
3777,270384,光學測高器,3777. 270384 光學測高器
3778,270385,光學放大儀器,3778. 270385 光學放大儀器
3779,270386,光學量測設備,3779. 270386 光學量測設備
3780,270399,其他顯示器,3780. 270399 其他顯示器
3781,270499,其他終端機,3781. 270499 其他終端機
3782,270599,其他光碟機,3782. 270599 其他光碟機
3783,270699,其他讀取或儲存系統,3783. 270699 其他讀取或儲存系統
3784,270799,其他撞擊式印表機,3784. 270799 其他撞擊式印表機
3785,270899,其他非撞擊式印表機,3785. 270899 其他非撞擊式印表機
3786,270999,其他讀卡機,3786. 270999 其他讀卡機
3787,271099,其他電腦週邊設備,3787. 271099 其他電腦週邊設備
3788,271199,其他未列名電腦設備,3788. 271199 其他未列名電腦設備
3789,271299,其他有線電話機,3789. 271299 其他有線電話機
3790,271399,其他資料通訊傳輸設備,3790. 271399 其他資料通訊傳輸設備
3791,271499,其他局端用傳輸設備,3791. 271499 其他局端用傳輸設備
3792,271599,其他有線通信設備,3792. 271599 其他有線通信設備
3793,271699,其他無線通信器材,3793. 271699 其他無線通信器材
3794,271799,其他衛星通訊設備,3794. 271799 其他衛星通訊設備
3795,271899,其他保全器具,3795. 271899 其他保全器具
3796,271999,其他用戶端設備,3796. 271999 其他用戶端設備
3797,272099,其他收音機,3797. 272099 其他收音機
3798,272199,其他錄音機,3798. 272199 其他錄音機
3799,272299,其他音響零配件,3799. 272299 其他音響零配件
3800,272399,其他音響產品,3800. 272399 其他音響產品
3801,272499,其他視聽電子產品,3801. 272499 其他視聽電子產品
3802,272599,其他資料儲存媒體,3802. 272599 其他資料儲存媒體
3803,272699,其他導航系統,3803. 272699 其他導航系統
3804,272799,其他汽車儀表,3804. 272799 其他汽車儀表
3805,272899,其他電表,3805. 272899 其他電表
3806,272999,其他計量及計數器,3806. 272999 其他計量及計數器
3807,273099,其他電子量測儀器,3807. 273099 其他電子量測儀器
3808,273199,其他計重器,3808. 273199 其他計重器
3809,273299,其他感測器,3809. 273299 其他感測器
3810,273399,其他工業校準工具,3810. 273399 其他工業校準工具
3811,273499,其他精密儀器及零組件,3811. 273499 其他精密儀器及零組件
3812,273599,其他錶,3812. 273599 其他錶
3813,273699,其他鐘,3813. 273699 其他鐘
3814,273799,其他未列名計時器及零組件,3814. 273799 其他未列名計時器及零組件
3815,273899,其他輻射及電子醫學設備,3815. 273899 其他輻射及電子醫學設備
3816,273999,其他照相機,3816. 273999 其他照相機
3817,274099,其他照相器材零組件,3817. 274099 其他照相器材零組件
3818,274199,其他攝影器材零組件,3818. 274199 其他攝影器材零組件
3819,274299,其他光學元件,3819. 274299 其他光學元件
3820,274399,其他前投式投影機,3820. 274399 其他前投式投影機
3821,274499,其他背投式投影機,3821. 274499 其他背投式投影機
3822,274599,其他光學儀器及配件,3822. 274599 其他光學儀器及配件
3823,280001,交流發電機,3823. 280001 交流發電機
3824,280002,直流發電機,3824. 280002 直流發電機
3825,280003,柴油發電機組,3825. 280003 柴油發電機組
3826,280004,汽油發電機組,3826. 280004 汽油發電機組
3827,280005,大型蒸汽渦輪發電機組,3827. 280005 大型蒸汽渦輪發電機組
3828,280006,太陽能發電系統,3828. 280006 太陽能發電系統
3829,280008,交流單相感應電動機,3829. 280008 交流單相感應電動機
3830,280009,交流三相感應電動機,3830. 280009 交流三相感應電動機
3831,280010,交流三相同步電動機,3831. 280010 交流三相同步電動機
3832,280011,直流電動機,3832. 280011 直流電動機
3833,280012,直流碳刷伺服馬達,3833. 280012 直流碳刷伺服馬達
3834,280013,直流無刷伺服馬達,3834. 280013 直流無刷伺服馬達
3835,280014,交流感應伺服馬達,3835. 280014 交流感應伺服馬達
3836,280015,步進電動機,3836. 280015 步進電動機
3837,280016,微型電動機(3W以下),3837. 280016 微型電動機(3W以下)
3838,280017,小型電動機(3～37.5W),3838. 280017 小型電動機(3～37.5W)
3839,280019,電動機控制器,3839. 280019 電動機控制器
3840,280020,變頻器,3840. 280020 變頻器
3841,280021,汽車配電系統,3841. 280021 汽車配電系統
3842,280023,電力變壓器,3842. 280023 電力變壓器
3843,280024,配電變壓器,3843. 280024 配電變壓器
3844,280025,特殊用變壓器,3844. 280025 特殊用變壓器
3845,280026,模鑄乾式變壓器,3845. 280026 模鑄乾式變壓器
3846,280027,爐用變壓器,3846. 280027 爐用變壓器
3847,280028,比流器,3847. 280028 比流器
3848,280029,比壓器,3848. 280029 比壓器
3849,280030,高低壓配電盤,3849. 280030 高低壓配電盤
3850,280031,可程式控制器(PLC),3850. 280031 可程式控制器(PLC)
3851,280032,控制盤、馬達控制中心,3851. 280032 控制盤、馬達控制中心
3852,280034,高壓斷路器,3852. 280034 高壓斷路器
3853,280035,低壓斷路器,3853. 280035 低壓斷路器
3854,280036,無熔線斷路器,3854. 280036 無熔線斷路器
3855,280037,漏電斷路器,3855. 280037 漏電斷路器
3856,280038,電力熔線,3856. 280038 電力熔線
3857,280039,低壓熔線(保險絲),3857. 280039 低壓熔線(保險絲)
3858,280040,避雷器,3858. 280040 避雷器
3859,280041,感應器,3859. 280041 感應器
3860,280042,電磁制動器,3860. 280042 電磁制動器
3861,280043,電樞,3861. 280043 電樞
3862,280044,起動器,3862. 280044 起動器
3863,280045,自動電力開關,3863. 280045 自動電力開關
3864,280046,飛機電力設備,3864. 280046 飛機電力設備
3865,280047,船舶電力設備,3865. 280047 船舶電力設備
3866,280048,鐵路電力系統,3866. 280048 鐵路電力系統
3867,280049,配電設備,3867. 280049 配電設備
3868,280050,輸電設備,3868. 280050 輸電設備
3869,280052,鋰一次電池,3869. 280052 鋰一次電池
3870,280053,錳鋅乾電池,3870. 280053 錳鋅乾電池
3871,280054,鋅空氣一次電池,3871. 280054 鋅空氣一次電池
3872,280056,汽車用鉛酸蓄電池,3872. 280056 汽車用鉛酸蓄電池
3873,280057,機車用鉛酸蓄電池,3873. 280057 機車用鉛酸蓄電池
3874,280059,密封式蓄電池,3874. 280059 密封式蓄電池
3875,280060,鎳鎘電池(小型),3875. 280060 鎳鎘電池(小型)
3876,280061,鎳鎘電池(大型),3876. 280061 鎳鎘電池(大型)
3877,280062,鎳氫電池(小型),3877. 280062 鎳氫電池(小型)
3878,280063,鎳氫電池(大型),3878. 280063 鎳氫電池(大型)
3879,280064,鋰離子電池(小型),3879. 280064 鋰離子電池(小型)
3880,280065,鋰離子電池(大型),3880. 280065 鋰離子電池(大型)
3881,280066,鋰高分子電池(小型),3881. 280066 鋰高分子電池(小型)
3882,280067,鋰高分子電池(大型),3882. 280067 鋰高分子電池(大型)
3883,280068,鋅空氣二次電池(小型),3883. 280068 鋅空氣二次電池(小型)
3884,280069,鋅空氣二次電池(大型),3884. 280069 鋅空氣二次電池(大型)
3885,280071,電池組裝,3885. 280071 電池組裝
3886,280072,電槽,3886. 280072 電槽
3887,280073,蓄電池極板,3887. 280073 蓄電池極板
3888,280075,裸銅線,3888. 280075 裸銅線
3889,280076,鋁線,3889. 280076 鋁線
3890,280077,鋁絞電線纜,3890. 280077 鋁絞電線纜
3891,280078,鋼芯鋁電線纜,3891. 280078 鋼芯鋁電線纜
3892,280079,塑膠電線電纜,3892. 280079 塑膠電線電纜
3893,280080,橡膠電線電纜,3893. 280080 橡膠電線電纜
3894,280081,漆包線,3894. 280081 漆包線
3895,280082,錫鋁銅線,3895. 280082 錫鋁銅線
3896,280083,鍍錫銅線,3896. 280083 鍍錫銅線
3897,280084,隔離線,3897. 280084 隔離線
3898,280085,電源線,3898. 280085 電源線
3899,280086,連接線,3899. 280086 連接線
3900,280087,電子線,3900. 280087 電子線
3901,280088,電力用電線,3901. 280088 電力用電線
3902,280089,電力用電纜,3902. 280089 電力用電纜
3903,280090,匯流排電力用電纜,3903. 280090 匯流排電力用電纜
3904,280091,通訊用電線,3904. 280091 通訊用電線
3905,280092,通訊用電纜(不含光纜),3905. 280092 通訊用電纜(不含光纜)
3906,280093,光纜,3906. 280093 光纜
3907,280094,光纖,3907. 280094 光纖
3908,280095,負載斷流開關,3908. 280095 負載斷流開關
3909,280096,空斷開關(33KV以上),3909. 280096 空斷開關(33KV以上)
3910,280097,切離開關(24KV以下),3910. 280097 切離開關(24KV以下)
3911,280098,低壓電磁開關,3911. 280098 低壓電磁開關
3912,280099,其他電力開關,3912. 280099 其他電力開關
3913,280100,熔線鏈開關,3913. 280100 熔線鏈開關
3914,280101,高壓電磁開關,3914. 280101 高壓電磁開關
3915,280102,微動開關,3915. 280102 微動開關
3916,280103,極限開關,3916. 280103 極限開關
3917,280104,光電開關,3917. 280104 光電開關
3918,280105,近接開關,3918. 280105 近接開關
3919,280107,抗流線圈,3919. 280107 抗流線圈
3920,280108,峰化線圈,3920. 280108 峰化線圈
3921,280109,振盪線圈,3921. 280109 振盪線圈
3922,280110,空心線圈,3922. 280110 空心線圈
3923,280112,按鍵開關,3923. 280112 按鍵開關
3924,280113,旋轉開關,3924. 280113 旋轉開關
3925,280114,滑動開關,3925. 280114 滑動開關
3926,280115,插座,3926. 280115 插座
3927,280116,插頭,3927. 280116 插頭
3928,280117,開關箱,3928. 280117 開關箱
3929,280118,接線盒,3929. 280118 接線盒
3930,280119,接地短路保護裝置（GFCI）,3930. 280119 接地短路保護裝置（GFCI）
3931,280120,電力連接器,3931. 280120 電力連接器
3932,280121,電線導管及配件,3932. 280121 電線導管及配件
3933,280122,配線用固定燈座,3933. 280122 配線用固定燈座
3934,280123,架線五金器具,3934. 280123 架線五金器具
3935,280124,塑膠製非載電配線器材,3935. 280124 塑膠製非載電配線器材
3936,280125,傳輸桿,3936. 280125 傳輸桿
3937,280126,電鍵,3937. 280126 電鍵
3938,280127,鐵心,3938. 280127 鐵心
3939,280129,電燈泡,3939. 280129 電燈泡
3940,280130,汽車用大燈泡,3940. 280130 汽車用大燈泡
3941,280131,汽車用其他燈泡,3941. 280131 汽車用其他燈泡
3942,280133,螢光燈管(日光燈管),3942. 280133 螢光燈管(日光燈管)
3943,280134,水銀燈泡管,3943. 280134 水銀燈泡管
3944,280135,鹵素燈泡,3944. 280135 鹵素燈泡
3945,280136,霓虹燈泡（管）,3945. 280136 霓虹燈泡（管）
3946,280138,聖誕燈串及零組件,3946. 280138 聖誕燈串及零組件
3947,280139,美術彩色燈,3947. 280139 美術彩色燈
3948,280140,檯燈,3948. 280140 檯燈
3949,280141,螢光管燈具(檯燈除外),3949. 280141 螢光管燈具(檯燈除外)
3950,280142,工作燈,3950. 280142 工作燈
3951,280143,水銀燈,3951. 280143 水銀燈
3952,280144,手電筒,3952. 280144 手電筒
3953,280145,緊急照明燈,3953. 280145 緊急照明燈
3954,280146,發光二極體照明燈具,3954. 280146 發光二極體照明燈具
3955,280147,太陽能照明燈具,3955. 280147 太陽能照明燈具
3956,280148,吊燈,3956. 280148 吊燈
3957,280149,閃光燈,3957. 280149 閃光燈
3958,280150,煤氣燈,3958. 280150 煤氣燈
3959,280151,煤油燈,3959. 280151 煤油燈
3960,280152,乙炔燈,3960. 280152 乙炔燈
3961,280153,霓虹燈,3961. 280153 霓虹燈
3962,280154,聚光燈,3962. 280154 聚光燈
3963,280155,廣告燈,3963. 280155 廣告燈
3964,280156,指示燈,3964. 280156 指示燈
3965,280157,道路照明燈具,3965. 280157 道路照明燈具
3966,280159,分離式冷氣機(3噸以下),3966. 280159 分離式冷氣機(3噸以下)
3967,280160,分離式冷氣機(3噸以上),3967. 280160 分離式冷氣機(3噸以上)
3968,280161,窗型室內空氣調節機(含冷氣機),3968. 280161 窗型室內空氣調節機(含冷氣機)
3969,280162,箱型空氣調節機(含冷氣機),3969. 280162 箱型空氣調節機(含冷氣機)
3970,280163,汽車冷氣機,3970. 280163 汽車冷氣機
3971,280164,加濕器,3971. 280164 加濕器
3972,280165,除濕機,3972. 280165 除濕機
3973,280166,電冰箱,3973. 280166 電冰箱
3974,280167,電冷藏箱,3974. 280167 電冷藏箱
3975,280168,單槽洗衣機,3975. 280168 單槽洗衣機
3976,280169,雙槽洗衣機,3976. 280169 雙槽洗衣機
3977,280170,衣物烘乾機,3977. 280170 衣物烘乾機
3978,280171,脫水機,3978. 280171 脫水機
3979,280173,立、桌電扇,3979. 280173 立、桌電扇
3980,280174,吊電扇,3980. 280174 吊電扇
3981,280175,箱型電扇,3981. 280175 箱型電扇
3982,280176,家用通風電扇,3982. 280176 家用通風電扇
3983,280178,電鍋,3983. 280178 電鍋
3984,280179,電子鍋,3984. 280179 電子鍋
3985,280180,電燉鍋,3985. 280180 電燉鍋
3986,280181,微波爐,3986. 280181 微波爐
3987,280182,電烤箱,3987. 280182 電烤箱
3988,280183,電烤麵包機,3988. 280183 電烤麵包機
3989,280184,電磁爐,3989. 280184 電磁爐
3990,280185,電暖器,3990. 280185 電暖器
3991,280186,電熱水器,3991. 280186 電熱水器
3992,280187,電子保溫熱水瓶,3992. 280187 電子保溫熱水瓶
3993,280188,電熨斗,3993. 280188 電熨斗
3994,280189,吹風機,3994. 280189 吹風機
3995,280190,電咖啡壺,3995. 280190 電咖啡壺
3996,280191,乾碗機,3996. 280191 乾碗機
3997,280192,捲髮器,3997. 280192 捲髮器
3998,280193,燙髮器,3998. 280193 燙髮器
3999,280194,蒸臉器,3999. 280194 蒸臉器
4000,280195,製麵包機,4000. 280195 製麵包機
4001,280196,洗碗機,4001. 280196 洗碗機
4002,280197,電壺,4002. 280197 電壺
4003,280198,家用飲水機,4003. 280198 家用飲水機
4004,280199,其他電熱器具,4004. 280199 其他電熱器具
4005,280200,電熱盤,4005. 280200 電熱盤
4006,280201,排油煙機,4006. 280201 排油煙機
4007,280202,果汁機,4007. 280202 果汁機
4008,280203,榨汁機,4008. 280203 榨汁機
4009,280204,果菜機,4009. 280204 果菜機
4010,280205,電動刮鬍刀,4010. 280205 電動刮鬍刀
4011,280206,吸塵器,4011. 280206 吸塵器
4012,280207,電動按摩器,4012. 280207 電動按摩器
4013,280208,空氣清淨機,4013. 280208 空氣清淨機
4014,280209,電毯,4014. 280209 電毯
4015,280210,電髮剪,4015. 280210 電髮剪
4016,280211,電動牙刷,4016. 280211 電動牙刷
4017,280212,電動沖牙機,4017. 280212 電動沖牙機
4018,280213,刨冰機,4018. 280213 刨冰機
4019,280214,絞肉機,4019. 280214 絞肉機
4020,280215,碾粉器,4020. 280215 碾粉器
4021,280216,攪拌器,4021. 280216 攪拌器
4022,280217,乾手器,4022. 280217 乾手器
4023,280218,打蠟機,4023. 280218 打蠟機
4024,280219,擦地機,4024. 280219 擦地機
4025,280220,切麵包器,4025. 280220 切麵包器
4026,280221,打蛋器,4026. 280221 打蛋器
4027,280223,非電能類熱水器,4027. 280223 非電能類熱水器
4028,280224,太陽能熱水器,4028. 280224 太陽能熱水器
4029,280225,陶瓷爐具,4029. 280225 陶瓷爐具
4030,280226,非陶瓷製爐具,4030. 280226 非陶瓷製爐具
4031,280227,電捕昆蟲器,4031. 280227 電捕昆蟲器
4032,280228,煤氣爐,4032. 280228 煤氣爐
4033,280229,瓦斯烤箱,4033. 280229 瓦斯烤箱
4034,280230,瓦斯煮飯器,4034. 280230 瓦斯煮飯器
4035,280231,瓦斯熱水器,4035. 280231 瓦斯熱水器
4036,280232,瓦斯爐,4036. 280232 瓦斯爐
4037,280234,進相用高壓電容器,4037. 280234 進相用高壓電容器
4038,280236,電力整流器,4038. 280236 電力整流器
4039,280237,電力用變流器,4039. 280237 電力用變流器
4040,280238,電力用換流器,4040. 280238 電力用換流器
4041,280239,電力用電阻器,4041. 280239 電力用電阻器
4042,280240,安定器,4042. 280240 安定器
4043,280241,充電器,4043. 280241 充電器
4044,280242,固態電池充電器,4044. 280242 固態電池充電器
4045,280243,不斷電系統電源供應器,4045. 280243 不斷電系統電源供應器
4046,280244,交換式電源供應器,4046. 280244 交換式電源供應器
4047,280245,電源供應模組,4047. 280245 電源供應模組
4048,280247,電動揭示板,4048. 280247 電動揭示板
4049,280248,燃料電池,4049. 280248 燃料電池
4050,280249,永久磁鐵,4050. 280249 永久磁鐵
4051,280250,端子,4051. 280250 端子
4052,280251,電木板,4052. 280251 電木板
4053,280252,閃光信號機,4053. 280252 閃光信號機
4054,280253,電極,4054. 280253 電極
4055,280254,電鈴,4055. 280254 電鈴
4056,280255,電磁鐵,4056. 280255 電磁鐵
4057,280256,電子記分板,4057. 280256 電子記分板
4058,280257,超音波洗滌機（實驗室及醫學用除外）,4058. 280257 超音波洗滌機（實驗室及醫學用除外）
4059,280258,內燃機電力設備及其組件,4059. 280258 內燃機電力設備及其組件
4060,280259,具連接頭之延長線,4060. 280259 具連接頭之延長線
4061,280260,電力自動門裝置,4061. 280260 電力自動門裝置
4062,280261,電力交通號誌設備,4062. 280261 電力交通號誌設備
4063,280262,電動熔接及焊接設備,4063. 280262 電動熔接及焊接設備
4064,280263,導電刷,4064. 280263 導電刷
4065,280264,警報器,4065. 280264 警報器
4066,280265,電力機械器材及設備用模組,4066. 280265 電力機械器材及設備用模組
4067,280267,絕緣線、電線,4067. 280267 絕緣線、電線
4068,280299,其他發電機組,4068. 280299 其他發電機組
4069,280399,其他電動機,4069. 280399 其他電動機
4070,280499,其他旋轉電機,4070. 280499 其他旋轉電機
4071,280599,其他配電盤,4071. 280599 其他配電盤
4072,280699,其他靜止電機,4072. 280699 其他靜止電機
4073,280799,其他一次電池,4073. 280799 其他一次電池
4074,280899,其他鉛酸蓄電池,4074. 280899 其他鉛酸蓄電池
4075,280999,其他二次電池,4075. 280999 其他二次電池
4076,281099,其他未列名電池,4076. 281099 其他未列名電池
4077,281199,其他檢出開關,4077. 281199 其他檢出開關
4078,281299,其他線圈,4078. 281299 其他線圈
4079,281399,其他開關,4079. 281399 其他開關
4080,281499,其他白熱燈泡,4080. 281499 其他白熱燈泡
4081,281599,其他燈泡管及零組件,4081. 281599 其他燈泡管及零組件
4082,281699,其他燈具,4082. 281699 其他燈具
4083,281799,其他洗衣設備,4083. 281799 其他洗衣設備
4084,281899,其他電扇,4084. 281899 其他電扇
4085,281999,其他家用電動器具,4085. 281999 其他家用電動器具
4086,282099,其他未列名家用電器,4086. 282099 其他未列名家用電器
4087,282199,其他電力電容器,4087. 282199 其他電力電容器
4088,282299,其他電源供應器,4088. 282299 其他電源供應器
4089,282399,其他電力設備及零組件,4089. 282399 其他電力設備及零組件
4090,290001,壓延機械,4090. 290001 壓延機械
4091,290002,壓軋機械,4091. 290002 壓軋機械
4092,290003,滾軋機,4092. 290003 滾軋機
4093,290004,鍛造機械(壓床除外),4093. 290004 鍛造機械(壓床除外)
4094,290005,鑄造機械,4094. 290005 鑄造機械
4095,290006,壓鑄機,4095. 290006 壓鑄機
4096,290007,成型工具機零組件,4096. 290007 成型工具機零組件
4097,290008,成型工具機加工,4097. 290008 成型工具機加工
4098,290009,金屬精鍊設備,4098. 290009 金屬精鍊設備
4099,290010,ＮＣ車床,4099. 290010 ＮＣ車床
4100,290012,ＮＣ鑽床,4100. 290012 ＮＣ鑽床
4101,290014,ＮＣ銑床,4101. 290014 ＮＣ銑床
4102,290016,刨床,4102. 290016 刨床
4103,290017,鋸床,4103. 290017 鋸床
4104,290018,ＮＣ搪床,4104. 290018 ＮＣ搪床
4105,290020,ＮＣ磨床,4105. 290020 ＮＣ磨床
4106,290022,立式切削中心機,4106. 290022 立式切削中心機
4107,290023,臥式切削中心機,4107. 290023 臥式切削中心機
4108,290024,齒輪加工機,4108. 290024 齒輪加工機
4109,290026,拉床,4109. 290026 拉床
4110,290027,插床,4110. 290027 插床
4111,290028,螺紋機,4111. 290028 螺紋機
4112,290029,砂輪機,4112. 290029 砂輪機
4113,290030,小型鑽床,4113. 290030 小型鑽床
4114,290031,小型車床,4114. 290031 小型車床
4115,290032,乙炔切割機,4115. 290032 乙炔切割機
4116,290033,工模搪孔機,4116. 290033 工模搪孔機
4117,290034,攻牙機,4117. 290034 攻牙機
4118,290035,切管機,4118. 290035 切管機
4119,290036,自動鑽孔機,4119. 290036 自動鑽孔機
4120,290037,拋光機,4120. 290037 拋光機
4121,290038,搪磨機,4121. 290038 搪磨機
4122,290039,膛線鐫刻機,4122. 290039 膛線鐫刻機
4123,290040,磨光機,4123. 290040 磨光機
4124,290041,雕刻機,4124. 290041 雕刻機
4125,290042,螺栓機,4125. 290042 螺栓機
4126,290043,螺絲機,4126. 290043 螺絲機
4127,290044,螺紋切製機,4127. 290044 螺紋切製機
4128,290046,馬達內藏式主軸,4128. 290046 馬達內藏式主軸
4129,290047,切削工具機零組件,4129. 290047 切削工具機零組件
4130,290048,切削工具機加工,4130. 290048 切削工具機加工
4131,290049,機械式ＮＣ沖(壓)床,4131. 290049 機械式ＮＣ沖(壓)床
4132,290050,曲軸式沖(壓)床,4132. 290050 曲軸式沖(壓)床
4133,290051,連桿式沖(壓)床,4133. 290051 連桿式沖(壓)床
4134,290052,機械式其他沖(壓)床,4134. 290052 機械式其他沖(壓)床
4135,290053,液壓沖床(壓床),4135. 290053 液壓沖床(壓床)
4136,290054,氣壓式沖床,4136. 290054 氣壓式沖床
4137,290055,板材剪床,4137. 290055 板材剪床
4138,290056,棒材剪床,4138. 290056 棒材剪床
4139,290057,折床,4139. 290057 折床
4140,290058,螺絲螺帽機械,4140. 290058 螺絲螺帽機械
4141,290059,熱處理設備,4141. 290059 熱處理設備
4142,290060,捲片機,4142. 290060 捲片機
4143,290061,接合錘,4143. 290061 接合錘
4144,290062,造模機,4144. 290062 造模機
4145,290063,鉚釘機,4145. 290063 鉚釘機
4146,290064,伸線機,4146. 290064 伸線機
4147,290065,拉製機,4147. 290065 拉製機
4148,290066,板金機械,4148. 290066 板金機械
4149,290067,金屬繞線機,4149. 290067 金屬繞線機
4150,290068,型鍛機,4150. 290068 型鍛機
4151,290069,鍛造機,4151. 290069 鍛造機
4152,290070,鍛錘,4152. 290070 鍛錘
4153,290071,雙向倒角機,4153. 290071 雙向倒角機
4154,290072,螺帽成型機,4154. 290072 螺帽成型機
4155,290073,彈簧機,4155. 290073 彈簧機
4156,290074,製鐵皮罐機,4156. 290074 製鐵皮罐機
4157,290075,製管機,4157. 290075 製管機
4158,290077,表面處理設備,4158. 290077 表面處理設備
4159,290078,電鍍機械,4159. 290078 電鍍機械
4160,290079,電弧銲接機,4160. 290079 電弧銲接機
4161,290080,電阻銲接機,4161. 290080 電阻銲接機
4162,290084,耕耘機,4162. 290084 耕耘機
4163,290085,插秧機,4163. 290085 插秧機
4164,290086,中耕機,4164. 290086 中耕機
4165,290087,播種機,4165. 290087 播種機
4166,290088,碎土機,4166. 290088 碎土機
4167,290089,機耕犁,4167. 290089 機耕犁
4168,290090,機耕耙,4168. 290090 機耕耙
4169,290091,堆草機,4169. 290091 堆草機
4170,290093,聯合收穫機,4170. 290093 聯合收穫機
4171,290094,禾穀收割機,4171. 290094 禾穀收割機
4172,290095,大豆採收機,4172. 290095 大豆採收機
4173,290096,花生綜合採收機,4173. 290096 花生綜合採收機
4174,290097,採棉機,4174. 290097 採棉機
4175,290098,採果機,4175. 290098 採果機
4176,290099,其他收穫機械,4176. 290099 其他收穫機械
4177,290100,噴霧機,4177. 290100 噴霧機
4178,290101,風穀機,4178. 290101 風穀機
4179,290102,分級機,4179. 290102 分級機
4180,290103,洗果機,4180. 290103 洗果機
4181,290104,擠乳機,4181. 290104 擠乳機
4182,290105,除草機,4182. 290105 除草機
4183,290106,噴粉機,4183. 290106 噴粉機
4184,290107,脫殼機,4184. 290107 脫殼機
4185,290108,孵蛋器,4185. 290108 孵蛋器
4186,290109,飼料混合機,4186. 290109 飼料混合機
4187,290110,養蜂機械,4187. 290110 養蜂機械
4188,290112,農用搬運車,4188. 290112 農用搬運車
4189,290113,農用乾燥機,4189. 290113 農用乾燥機
4190,290114,牽引機,4190. 290114 牽引機
4191,290115,曳引機,4191. 290115 曳引機
4192,290116,漁畜機械,4192. 290116 漁畜機械
4193,290117,農業機械配件,4193. 290117 農業機械配件
4194,290119,農藝機械零組件,4194. 290119 農藝機械零組件
4195,290120,農藝機械加工,4195. 290120 農藝機械加工
4196,290121,水泥拌合機,4196. 290121 水泥拌合機
4197,290122,建築機械設備加工,4197. 290122 建築機械設備加工
4198,290123,挖土機,4198. 290123 挖土機
4199,290124,打樁機,4199. 290124 打樁機
4200,290125,推土機,4200. 290125 推土機
4201,290126,壓路機,4201. 290126 壓路機
4202,290127,鏟土機,4202. 290127 鏟土機
4203,290128,築路機,4203. 290128 築路機
4204,290129,探鑽機,4204. 290129 探鑽機
4205,290130,掘鑿機,4205. 290130 掘鑿機
4206,290131,選礦機,4206. 290131 選礦機
4207,290132,碾礦機,4207. 290132 碾礦機
4208,290133,鑿井機,4208. 290133 鑿井機
4209,290134,錐磨機,4209. 290134 錐磨機
4210,290135,石材切割機,4210. 290135 石材切割機
4211,290136,石材鑽孔機,4211. 290136 石材鑽孔機
4212,290137,岩鑽,4212. 290137 岩鑽
4213,290139,礦業機械設備,4213. 290139 礦業機械設備
4214,290140,礦業機械設備加工,4214. 290140 礦業機械設備加工
4215,290141,碾米機,4215. 290141 碾米機
4216,290142,磨米機,4216. 290142 磨米機
4217,290143,精米機,4217. 290143 精米機
4218,290144,米粉機,4218. 290144 米粉機
4219,290145,麵食機,4219. 290145 麵食機
4220,290146,篩粉機,4220. 290146 篩粉機
4221,290148,調理機械,4221. 290148 調理機械
4222,290149,奶油分離器,4222. 290149 奶油分離器
4223,290150,蘆筍刨皮機,4223. 290150 蘆筍刨皮機
4224,290151,水果軋碎及壓榨機,4224. 290151 水果軋碎及壓榨機
4225,290152,食品粉碎機,4225. 290152 食品粉碎機
4226,290153,屠宰機,4226. 290153 屠宰機
4227,290154,肉類加工機,4227. 290154 肉類加工機
4228,290155,飲料機械,4228. 290155 飲料機械
4229,290156,釀酒機械,4229. 290156 釀酒機械
4230,290157,食品機械零組件,4230. 290157 食品機械零組件
4231,290158,食品機械加工,4231. 290158 食品機械加工
4232,290159,自動食品烘焙機,4232. 290159 自動食品烘焙機
4233,290160,烤菸機,4233. 290160 烤菸機
4234,290161,製菸機,4234. 290161 製菸機
4235,290162,製油機,4235. 290162 製油機
4236,290163,製茶機械,4236. 290163 製茶機械
4237,290164,製糖機械,4237. 290164 製糖機械
4238,290165,糖果機,4238. 290165 糖果機
4239,290167,家庭用縫紉機,4239. 290167 家庭用縫紉機
4240,290168,工業用縫紉機,4240. 290168 工業用縫紉機
4241,290169,縫衣機,4241. 290169 縫衣機
4242,290170,縫紉平車,4242. 290170 縫紉平車
4243,290171,縫紉拷克車,4243. 290171 縫紉拷克車
4244,290172,縫紉機零組件,4244. 290172 縫紉機零組件
4245,290173,精紡機,4245. 290173 精紡機
4246,290174,錐形筒子絡紗機,4246. 290174 錐形筒子絡紗機
4247,290175,撚線機,4247. 290175 撚線機
4248,290176,紡紗機,4248. 290176 紡紗機
4249,290177,假撚機,4249. 290177 假撚機
4250,290178,搖紗機,4250. 290178 搖紗機
4251,290179,撚紗機,4251. 290179 撚紗機
4252,290180,緯紗機,4252. 290180 緯紗機
4253,290181,粗紡機,4253. 290181 粗紡機
4254,290182,精梳機,4254. 290182 精梳機
4255,290183,軋棉機,4255. 290183 軋棉機
4256,290184,梳棉機,4256. 290184 梳棉機
4257,290185,清棉機,4257. 290185 清棉機
4258,290186,紗管梭子,4258. 290186 紗管梭子
4259,290188,有梭織機,4259. 290188 有梭織機
4260,290189,無梭織機,4260. 290189 無梭織機
4261,290190,氈呢及不織布機械,4261. 290190 氈呢及不織布機械
4262,290192,緯編織機(包括圓編與橫編織機),4262. 290192 緯編織機(包括圓編與橫編織機)
4263,290193,經編織機,4263. 290193 經編織機
4264,290195,人造纖維機械,4264. 290195 人造纖維機械
4265,290196,上膠機,4265. 290196 上膠機
4266,290197,上漿機,4266. 290197 上漿機
4267,290198,染色機,4267. 290198 染色機
4268,290200,印花機,4268. 290200 印花機
4269,290201,染整機械,4269. 290201 染整機械
4270,290202,製衣機械(不含縫紉機),4270. 290202 製衣機械(不含縫紉機)
4271,290203,洗衣機械,4271. 290203 洗衣機械
4272,290204,紡織機械零組件,4272. 290204 紡織機械零組件
4273,290205,紡織機械加工,4273. 290205 紡織機械加工
4274,290206,燙壓機,4274. 290206 燙壓機
4275,290207,毛織機,4275. 290207 毛織機
4276,290208,棉織機,4276. 290208 棉織機
4277,290209,絲織機,4277. 290209 絲織機
4278,290210,裁剪機,4278. 290210 裁剪機
4279,290211,花邊機,4279. 290211 花邊機
4280,290212,熟皮鞣製機,4280. 290212 熟皮鞣製機
4281,290213,熟皮整理機,4281. 290213 熟皮整理機
4282,290214,製鞋機,4282. 290214 製鞋機
4283,290215,氈帽機,4283. 290215 氈帽機
4284,290216,織網機,4284. 290216 織網機
4285,290217,織帶機,4285. 290217 織帶機
4286,290218,織毯機,4286. 290218 織毯機
4287,290219,織襪機,4287. 290219 織襪機
4288,290220,氈呢整理機,4288. 290220 氈呢整理機
4289,290221,漂白機,4289. 290221 漂白機
4290,290222,ＮＣ木工機械,4290. 290222 ＮＣ木工機械
4291,290223,併板機,4291. 290223 併板機
4292,290225,木工帶鋸機,4292. 290225 木工帶鋸機
4293,290226,木工圓鋸機,4293. 290226 木工圓鋸機
4294,290227,木工鉋床,4294. 290227 木工鉋床
4295,290228,木工鑽床或榫眼機,4295. 290228 木工鑽床或榫眼機
4296,290229,木工成型機(含木工銑床、模製機),4296. 290229 木工成型機(含木工銑床、模製機)
4297,290230,木工車床,4297. 290230 木工車床
4298,290231,磨光機、砂光機或拋光機,4298. 290231 磨光機、砂光機或拋光機
4299,290232,木工接合機,4299. 290232 木工接合機
4300,290233,木板磨平機,4300. 290233 木板磨平機
4301,290234,木材用液壓機,4301. 290234 木材用液壓機
4302,290235,鋸木機,4302. 290235 鋸木機
4303,290236,竹加工機器,4303. 290236 竹加工機器
4304,290237,藤加工機器,4304. 290237 藤加工機器
4305,290238,木工機械零組件,4305. 290238 木工機械零組件
4306,290239,木工機械加工,4306. 290239 木工機械加工
4307,290241,乾燥裝置(不含農用乾燥機),4307. 290241 乾燥裝置(不含農用乾燥機)
4308,290242,攪拌機,4308. 290242 攪拌機
4309,290243,混合機,4309. 290243 混合機
4310,290244,捏合機,4310. 290244 捏合機
4311,290245,造粒機,4311. 290245 造粒機
4312,290247,塔槽、容器及相關設備,4312. 290247 塔槽、容器及相關設備
4313,290248,反應裝置,4313. 290248 反應裝置
4314,290249,化工用發酵裝置,4314. 290249 化工用發酵裝置
4315,290250,遠心分離機,4315. 290250 遠心分離機
4316,290251,結晶裝置,4316. 290251 結晶裝置
4317,290252,同位素分離器,4317. 290252 同位素分離器
4318,290253,製藥機械,4318. 290253 製藥機械
4319,290254,油漆機,4319. 290254 油漆機
4320,290255,化工機械加工,4320. 290255 化工機械加工
4321,290257,塑膠射出成型機,4321. 290257 塑膠射出成型機
4322,290258,塑膠中空成型機,4322. 290258 塑膠中空成型機
4323,290259,塑膠押出機,4323. 290259 塑膠押出機
4324,290260,塑膠擠型機,4324. 290260 塑膠擠型機
4325,290261,塑膠袋製造機,4325. 290261 塑膠袋製造機
4326,290262,塑膠板機,4326. 290262 塑膠板機
4327,290263,塑膠軟硬管機,4327. 290263 塑膠軟硬管機
4328,290264,塑膠機械整套設備,4328. 290264 塑膠機械整套設備
4329,290265,吹袋機,4329. 290265 吹袋機
4330,290266,發泡機,4330. 290266 發泡機
4331,290267,塗膠機,4331. 290267 塗膠機
4332,290269,橡膠押出機,4332. 290269 橡膠押出機
4333,290270,橡膠射出成型,4333. 290270 橡膠射出成型
4334,290271,輪胎機,4334. 290271 輪胎機
4335,290272,內胎機,4335. 290272 內胎機
4336,290273,橡膠管機,4336. 290273 橡膠管機
4337,290274,橡膠帶機,4337. 290274 橡膠帶機
4338,290276,橡(塑)膠機械零組件,4338. 290276 橡(塑)膠機械零組件
4339,290277,橡(塑)膠機械加工,4339. 290277 橡(塑)膠機械加工
4340,290278,電子生產設備,4340. 290278 電子生產設備
4341,290279,半導體製程設備,4341. 290279 半導體製程設備
4342,290280,半導體構裝設備,4342. 290280 半導體構裝設備
4343,290281,半導體製程用之週邊設備,4343. 290281 半導體製程用之週邊設備
4344,290282,液晶顯示器生產設備,4344. 290282 液晶顯示器生產設備
4345,290283,印刷電路板生產設備,4345. 290283 印刷電路板生產設備
4346,290284,電子及半導體生產設備零組件,4346. 290284 電子及半導體生產設備零組件
4347,290285,電子及半導體生產設備加工,4347. 290285 電子及半導體生產設備加工
4348,290287,造紙整廠設備,4348. 290287 造紙整廠設備
4349,290288,紙板生產機械,4349. 290288 紙板生產機械
4350,290289,紙漿機,4350. 290289 紙漿機
4351,290290,紙用乾燥機,4351. 290290 紙用乾燥機
4352,290291,紙板機,4352. 290291 紙板機
4353,290292,瓦楞紙機,4353. 290292 瓦楞紙機
4354,290293,紙板製品機,4354. 290293 紙板製品機
4355,290294,紙製品機,4355. 290294 紙製品機
4356,290295,紙及紙板裁切機,4356. 290295 紙及紙板裁切機
4357,290296,紙加工機械,4357. 290296 紙加工機械
4358,290297,造紙機械零組件,4358. 290297 造紙機械零組件
4359,290298,造紙機械加工,4359. 290298 造紙機械加工
4360,290299,其他造紙機械,4360. 290299 其他造紙機械
4361,290300,印刷機,4361. 290300 印刷機
4362,290301,製版機,4362. 290301 製版機
4363,290302,鑄字機,4363. 290302 鑄字機
4364,290303,排版機,4364. 290303 排版機
4365,290304,膠背機,4365. 290304 膠背機
4366,290305,裝訂機,4366. 290305 裝訂機
4367,290306,釘合機,4367. 290306 釘合機
4368,290307,印刷機械零組件,4368. 290307 印刷機械零組件
4369,290308,印刷機械加工,4369. 290308 印刷機械加工
4370,290310,皮革機械,4370. 290310 皮革機械
4371,290311,製鞋機械,4371. 290311 製鞋機械
4372,290312,燈泡機,4372. 290312 燈泡機
4373,290313,玻璃製纖機,4373. 290313 玻璃製纖機
4374,290314,玻璃吹製機,4374. 290314 玻璃吹製機
4375,290315,玻璃製瓶機,4375. 290315 玻璃製瓶機
4376,290316,製磚機,4376. 290316 製磚機
4377,290317,陶瓷機,4377. 290317 陶瓷機
4378,290318,鉛筆機,4378. 290318 鉛筆機
4379,290319,製刷機,4379. 290319 製刷機
4380,290320,火柴機,4380. 290320 火柴機
4381,290321,拉鍊機,4381. 290321 拉鍊機
4382,290322,非金屬礦物製品用機械,4382. 290322 非金屬礦物製品用機械
4383,290323,製罐機械,4383. 290323 製罐機械
4384,290327,引擎,4384. 290327 引擎
4385,290328,內燃機,4385. 290328 內燃機
4386,290329,非機車蒸汽引擎,4386. 290329 非機車蒸汽引擎
4387,290330,蒸汽機,4387. 290330 蒸汽機
4388,290331,蒸汽渦輪機,4388. 290331 蒸汽渦輪機
4389,290332,蒸汽調速器,4389. 290332 蒸汽調速器
4390,290333,噴射渦輪,4390. 290333 噴射渦輪
4391,290334,鍋爐渦輪機組,4391. 290334 鍋爐渦輪機組
4392,290335,氣體渦輪機,4392. 290335 氣體渦輪機
4393,290336,水力渦輪,4393. 290336 水力渦輪
4394,290337,渦輪發電機組,4394. 290337 渦輪發電機組
4395,290338,引擎調速器,4395. 290338 引擎調速器
4396,290339,內燃機汽化器,4396. 290339 內燃機汽化器
4397,290340,內燃機進氣及排氣閥,4397. 290340 內燃機進氣及排氣閥
4398,290341,內燃機活塞及活塞環,4398. 290341 內燃機活塞及活塞環
4399,290343,內外燃機零組件,4399. 290343 內外燃機零組件
4400,290344,原動機械零組件,4400. 290344 原動機械零組件
4401,290345,原動機加工,4401. 290345 原動機加工
4402,290346,液壓零組件,4402. 290346 液壓零組件
4403,290347,液壓泵,4403. 290347 液壓泵
4404,290348,液壓閥,4404. 290348 液壓閥
4405,290349,液壓缸,4405. 290349 液壓缸
4406,290350,液壓夾頭,4406. 290350 液壓夾頭
4407,290351,液壓馬達,4407. 290351 液壓馬達
4408,290352,液壓迴轉缸,4408. 290352 液壓迴轉缸
4409,290353,液壓潤滑器,4409. 290353 液壓潤滑器
4410,290354,液壓密封件,4410. 290354 液壓密封件
4411,290355,液壓冷卻器,4411. 290355 液壓冷卻器
4412,290356,液壓緩衝器,4412. 290356 液壓緩衝器
4413,290357,液壓電磁線圈,4413. 290357 液壓電磁線圈
4414,290358,液壓管件接頭,4414. 290358 液壓管件接頭
4415,290359,液壓動力單元,4415. 290359 液壓動力單元
4416,290360,氣壓零組件,4416. 290360 氣壓零組件
4417,290361,液(氣)壓傳動零組件加工,4417. 290361 液(氣)壓傳動零組件加工
4418,290362,氣動泵,4418. 290362 氣動泵
4419,290363,氣壓閥,4419. 290363 氣壓閥
4420,290364,氣壓缸,4420. 290364 氣壓缸
4421,290365,氣動馬達,4421. 290365 氣動馬達
4422,290366,氣壓夾手,4422. 290366 氣壓夾手
4423,290367,氣壓調壓器,4423. 290367 氣壓調壓器
4424,290368,氣壓緩衝器,4424. 290368 氣壓緩衝器
4425,290369,氣壓管件接頭,4425. 290369 氣壓管件接頭
4426,290370,氣壓電磁線圈,4426. 290370 氣壓電磁線圈
4427,290371,真空吸盤,4427. 290371 真空吸盤
4428,290372,真空發生器,4428. 290372 真空發生器
4429,290373,定置型空氣壓縮機,4429. 290373 定置型空氣壓縮機
4430,290374,可搬動型空氣壓縮機,4430. 290374 可搬動型空氣壓縮機
4431,290375,冷媒壓縮機,4431. 290375 冷媒壓縮機
4432,290377,水泵(抽水機),4432. 290377 水泵(抽水機)
4433,290378,真空泵,4433. 290378 真空泵
4434,290379,空氣泵,4434. 290379 空氣泵
4435,290380,壓縮機及泵加工,4435. 290380 壓縮機及泵加工
4436,290382,高溫高壓閥,4436. 290382 高溫高壓閥
4437,290383,自動調整閥,4437. 290383 自動調整閥
4438,290384,給排水開閥及水龍頭,4438. 290384 給排水開閥及水龍頭
4439,290385,不銹鋼製一般用閥,4439. 290385 不銹鋼製一般用閥
4440,290386,鑄鋼製一般用閥,4440. 290386 鑄鋼製一般用閥
4441,290387,鍛鋼製一般用閥,4441. 290387 鍛鋼製一般用閥
4442,290388,鑄鐵製一般用閥,4442. 290388 鑄鐵製一般用閥
4443,290389,青銅、黃銅製一般用閥,4443. 290389 青銅、黃銅製一般用閥
4444,290390,活栓,4444. 290390 活栓
4445,290391,角閥,4445. 290391 角閥
4446,290392,活閥,4446. 290392 活閥
4447,290393,止回閥,4447. 290393 止回閥
4448,290394,停止閥,4448. 290394 停止閥
4449,290395,針閥,4449. 290395 針閥
4450,290396,球閥,4450. 290396 球閥
4451,290397,球塞閥,4451. 290397 球塞閥
4452,290398,中間閥,4452. 290398 中間閥
4453,290399,其他軸承,4453. 290399 其他軸承
4454,290400,蝶閥,4454. 290400 蝶閥
4455,290401,水面儀器閥,4455. 290401 水面儀器閥
4456,290402,瓦斯壓力調整器,4456. 290402 瓦斯壓力調整器
4457,290403,滅火噴口,4457. 290403 滅火噴口
4458,290404,各種閥及水龍頭零組件,4458. 290404 各種閥及水龍頭零組件
4459,290405,滾珠軸承,4459. 290405 滾珠軸承
4460,290406,偏心軸,4460. 290406 偏心軸
4461,290407,曲柄軸,4461. 290407 曲柄軸
4462,290408,傳動軸,4462. 290408 傳動軸
4463,290409,軸承蓋,4463. 290409 軸承蓋
4464,290410,閘閥,4464. 290410 閘閥
4465,290411,齒輪,4465. 290411 齒輪
4466,290412,齒輪減速機,4466. 290412 齒輪減速機
4467,290413,齒輪變速箱,4467. 290413 齒輪變速箱
4468,290414,增減齒輪組,4468. 290414 增減齒輪組
4469,290415,滾珠螺桿,4469. 290415 滾珠螺桿
4470,290416,線性滑軌,4470. 290416 線性滑軌
4471,290417,滑輪,4471. 290417 滑輪
4472,290418,凸輪,4472. 290418 凸輪
4473,290419,皮帶輪,4473. 290419 皮帶輪
4474,290420,時規皮帶,4474. 290420 時規皮帶
4475,290421,飛輪,4475. 290421 飛輪
4476,290422,剎車器,4476. 290422 剎車器
4477,290423,聯軸節,4477. 290423 聯軸節
4478,290424,聯軸器,4478. 290424 聯軸器
4479,290425,離合器,4479. 290425 離合器
4480,290426,變速機,4480. 290426 變速機
4481,290427,滾針,4481. 290427 滾針
4482,290428,滾珠,4482. 290428 滾珠
4483,290429,機械軸封,4483. 290429 機械軸封
4484,290430,機械槓桿,4484. 290430 機械槓桿
4485,290431,軸承、齒輪及動力傳動裝置加工,4485. 290431 軸承、齒輪及動力傳動裝置加工
4486,290433,輸送設備,4486. 290433 輸送設備
4487,290434,輸送機,4487. 290434 輸送機
4488,290435,氣動輸送管,4488. 290435 氣動輸送管
4489,290436,起重機,4489. 290436 起重機
4490,290437,吊重機,4490. 290437 吊重機
4491,290438,吊車,4491. 290438 吊車
4492,290439,堆高機,4492. 290439 堆高機
4493,290440,升降梯、升降階梯(電梯、電扶梯),4493. 290440 升降梯、升降階梯(電梯、電扶梯)
4494,290441,電梯,4494. 290441 電梯
4495,290442,升降機,4495. 290442 升降機
4496,290443,托板車,4496. 290443 托板車
4497,290444,絞車,4497. 290444 絞車
4498,290445,滑車,4498. 290445 滑車
4499,290446,停車設備,4499. 290446 停車設備
4500,290447,機械式立體停車裝置,4500. 290447 機械式立體停車裝置
4501,290448,輸送機械設備加工,4501. 290448 輸送機械設備加工
4502,290452,打字機,4502. 290452 打字機
4503,290453,數鈔機,4503. 290453 數鈔機
4504,290454,影印機,4504. 290454 影印機
4505,290455,支票機,4505. 290455 支票機
4506,290456,號碼機,4506. 290456 號碼機
4507,290457,日期機,4507. 290457 日期機
4508,290458,切紙機,4508. 290458 切紙機
4509,290459,碎紙機,4509. 290459 碎紙機
4510,290460,釘書機,4510. 290460 釘書機
4511,290461,收銀機,4511. 290461 收銀機
4512,290462,封信機,4512. 290462 封信機
4513,290463,信件蓋印機,4513. 290463 信件蓋印機
4514,290464,地址機,4514. 290464 地址機
4515,290465,打孔機,4515. 290465 打孔機
4516,290466,印壓機,4516. 290466 印壓機
4517,290467,鉛筆刨機,4517. 290467 鉛筆刨機
4518,290468,點字機,4518. 290468 點字機
4519,290469,事務機械加工,4519. 290469 事務機械加工
4520,290471,空氣污染防治及偵測檢驗設備,4520. 290471 空氣污染防治及偵測檢驗設備
4521,290472,空氣污染防制設備,4521. 290472 空氣污染防制設備
4522,290473,集塵器,4522. 290473 集塵器
4523,290474,廢水處理及偵測檢驗設備,4523. 290474 廢水處理及偵測檢驗設備
4524,290475,水污染防治設備,4524. 290475 水污染防治設備
4525,290476,廢（污）水處理設備,4525. 290476 廢（污）水處理設備
4526,290477,廢棄物處理及偵測檢驗設備,4526. 290477 廢棄物處理及偵測檢驗設備
4527,290478,廢棄物處理設備,4527. 290478 廢棄物處理設備
4528,290479,資源回收設備,4528. 290479 資源回收設備
4529,290480,噪音防治及偵測檢驗設備,4529. 290480 噪音防治及偵測檢驗設備
4530,290481,噪音防制設備,4530. 290481 噪音防制設備
4531,290482,振動防制設備,4531. 290482 振動防制設備
4532,290483,土壤污染防治設備,4532. 290483 土壤污染防治設備
4533,290484,污染防治設備加工,4533. 290484 污染防治設備加工
4534,290486,氣動手工具,4534. 290486 氣動手工具
4535,290487,手提氣鑽,4535. 290487 手提氣鑽
4536,290488,手提氣動剪,4536. 290488 手提氣動剪
4537,290489,手提氣動起子,4537. 290489 手提氣動起子
4538,290490,手提氣動鉚釘機,4538. 290490 手提氣動鉚釘機
4539,290491,手提氣動打釘機,4539. 290491 手提氣動打釘機
4540,290492,手提氣動拋光機,4540. 290492 手提氣動拋光機
4541,290493,手提氣動磨輪機,4541. 290493 手提氣動磨輪機
4542,290494,手提氣動研磨機,4542. 290494 手提氣動研磨機
4543,290495,手提氣動套筒扳手,4543. 290495 手提氣動套筒扳手
4544,290496,手提電鑽(鉆),4544. 290496 手提電鑽(鉆)
4545,290497,手提電鑽夾頭,4545. 290497 手提電鑽夾頭
4546,290498,手提電剪,4546. 290498 手提電剪
4547,290499,其他電動手工具及零組件,4547. 290499 其他電動手工具及零組件
4548,290500,手提電動研磨機,4548. 290500 手提電動研磨機
4549,290501,手提電動拋光機,4549. 290501 手提電動拋光機
4550,290502,充電式手提電鉆,4550. 290502 充電式手提電鉆
4551,290503,手提電鋸(含桌上型),4551. 290503 手提電鋸(含桌上型)
4552,290504,手提電動雕刻機,4552. 290504 手提電動雕刻機
4553,290505,手提電動圓盤磨輪機,4553. 290505 手提電動圓盤磨輪機
4554,290506,手提電動起子,4554. 290506 手提電動起子
4555,290507,治具、夾具,4555. 290507 治具、夾具
4556,290508,手工具機加工,4556. 290508 手工具機加工
4557,290509,雷射加工機,4557. 290509 雷射加工機
4558,290510,超音波加工機,4558. 290510 超音波加工機
4559,290511,高週波加工機,4559. 290511 高週波加工機
4560,290512,ＮＣ放電加工機,4560. 290512 ＮＣ放電加工機
4561,290513,線切割放電加工機,4561. 290513 線切割放電加工機
4562,290514,非傳統加工設備零組件,4562. 290514 非傳統加工設備零組件
4563,290515,非傳統加工設備加工,4563. 290515 非傳統加工設備加工
4564,290517,外包裝機械,4564. 290517 外包裝機械
4565,290518,內包裝機械,4565. 290518 內包裝機械
4566,290519,個裝包裝機械,4566. 290519 個裝包裝機械
4567,290520,包裝相關性機械,4567. 290520 包裝相關性機械
4568,290521,包裝機械零件,4568. 290521 包裝機械零件
4569,290522,包裝機械加工,4569. 290522 包裝機械加工
4570,290523,飲水機(包括開飲機),4570. 290523 飲水機(包括開飲機)
4571,290524,飲用水設備零組件,4571. 290524 飲用水設備零組件
4572,290525,飲用水設備加工,4572. 290525 飲用水設備加工
4573,290527,工業用抽風、通風機,4573. 290527 工業用抽風、通風機
4574,290528,鼓風機,4574. 290528 鼓風機
4575,290529,機器手臂,4575. 290529 機器手臂
4576,290530,工業機器人,4576. 290530 工業機器人
4577,290531,服務型機器人,4577. 290531 服務型機器人
4578,290533,滅火器,4578. 290533 滅火器
4579,290534,消防設備(滅火器除外),4579. 290534 消防設備(滅火器除外)
4580,290535,中央系統冷氣機,4580. 290535 中央系統冷氣機
4581,290536,自動販賣機,4581. 290536 自動販賣機
4582,290537,冷凍庫、櫃,4582. 290537 冷凍庫、櫃
4583,290538,工業用冷凍空調設備,4583. 290538 工業用冷凍空調設備
4584,290539,商用冷凍冷藏展示櫃,4584. 290539 商用冷凍冷藏展示櫃
4585,290540,熱交換器,4585. 290540 熱交換器
4586,290541,工業用爐,4586. 290541 工業用爐
4587,290542,自動充氣機,4587. 290542 自動充氣機
4588,290543,抽風機,4588. 290543 抽風機
4589,290544,油槍,4589. 290544 油槍
4590,290545,非家用飲水設備,4590. 290545 非家用飲水設備
4591,290546,非電動熔接及焊接設備,4591. 290546 非電動熔接及焊接設備
4592,290547,計數秤,4592. 290547 計數秤
4593,290548,氣體產生器,4593. 290548 氣體產生器
4594,290549,常用天平,4594. 290549 常用天平
4595,290550,液體過濾或淨化設備,4595. 290550 液體過濾或淨化設備
4596,290551,滑油槍,4596. 290551 滑油槍
4597,290552,蒸氣清潔機,4597. 290552 蒸氣清潔機
4598,290553,蒸餾或精餾設備,4598. 290553 蒸餾或精餾設備
4599,290554,噴槍,4599. 290554 噴槍
4600,290555,噴漆機,4600. 290555 噴漆機
4601,290556,噴砂機,4601. 290556 噴砂機
4602,290557,標籤機,4602. 290557 標籤機
4603,290558,磅秤或地磅,4603. 290558 磅秤或地磅
4604,290599,其他車床,4604. 290599 其他車床
4605,290699,其他鑽床,4605. 290699 其他鑽床
4606,290799,其他銑床,4606. 290799 其他銑床
4607,290899,其他搪床,4607. 290899 其他搪床
4608,290999,其他磨床,4608. 290999 其他磨床
4609,291099,其他ＮＣ工具機,4609. 291099 其他ＮＣ工具機
4610,291199,其他切削工具機,4610. 291199 其他切削工具機
4611,291299,其他金屬成型機,4611. 291299 其他金屬成型機
4612,291399,其他銲接切割機械,4612. 291399 其他銲接切割機械
4613,291499,其他金屬加工用機械零組件,4613. 291499 其他金屬加工用機械零組件
4614,291599,其他金屬加工用機械加工,4614. 291599 其他金屬加工用機械加工
4615,291699,其他整地播種機械,4615. 291699 其他整地播種機械
4616,291799,其他農業管理機械,4616. 291799 其他農業管理機械
4617,291899,其他農用機械,4617. 291899 其他農用機械
4618,291999,其他建築機械及零組件,4618. 291999 其他建築機械及零組件
4619,292099,其他穀物處理機械,4619. 292099 其他穀物處理機械
4620,292199,其他食品機械,4620. 292199 其他食品機械
4621,292299,其他紡紗機械,4621. 292299 其他紡紗機械
4622,292399,其他織布機械,4622. 292399 其他織布機械
4623,292499,其他針織機械,4623. 292499 其他針織機械
4624,292599,其他紡織機械,4624. 292599 其他紡織機械
4625,292699,其他合板機械,4625. 292699 其他合板機械
4626,292799,其他木工機械,4626. 292799 其他木工機械
4627,292899,其他拌合化工機械,4627. 292899 其他拌合化工機械
4628,292999,其他化工機械及零組件,4628. 292999 其他化工機械及零組件
4629,293099,其他塑膠機械,4629. 293099 其他塑膠機械
4630,293199,其他橡膠機械,4630. 293199 其他橡膠機械
4631,293299,其他平面顯示器生產設備,4631. 293299 其他平面顯示器生產設備
4632,293399,其他印刷機械,4632. 293399 其他印刷機械
4633,293499,其他罐頭處理機械,4633. 293499 其他罐頭處理機械
4634,293599,其他專用生產機械及零組件,4634. 293599 其他專用生產機械及零組件
4635,293699,其他專用生產機械加工,4635. 293699 其他專用生產機械加工
4636,293799,其他內外燃機,4636. 293799 其他內外燃機
4637,293899,其他壓縮機,4637. 293899 其他壓縮機
4638,293999,其他液體泵,4638. 293999 其他液體泵
4639,294099,其他動力傳動裝置及零組件,4639. 294099 其他動力傳動裝置及零組件
4640,294199,其他曳引舉重設備,4640. 294199 其他曳引舉重設備
4641,294299,其他輸送設備,4641. 294299 其他輸送設備
4642,294399,其他輸送設備零組件,4642. 294399 其他輸送設備零組件
4643,294499,其他未列名事務機器及零組件,4643. 294499 其他未列名事務機器及零組件
4644,294599,其他污染防治設備及零組件,4644. 294599 其他污染防治設備及零組件
4645,294699,其他放電加工機,4645. 294699 其他放電加工機
4646,294799,其他飲用水設備,4646. 294799 其他飲用水設備
4647,294899,其他機器人,4647. 294899 其他機器人
4648,294999,其他未列名機械及零組件,4648. 294999 其他未列名機械及零組件
4649,295099,其他未列名機械加工,4649. 295099 其他未列名機械加工
4650,300001,小型轎車(未滿2000c.c.),4650. 300001 小型轎車(未滿2000c.c.)
4651,300002,未滿2000c.c.小型客車(9人座以下),4651. 300002 未滿2000c.c.小型客車(9人座以下)
4652,300003,大型轎車(2000c.c.以上),4652. 300003 大型轎車(2000c.c.以上)
4653,300004,2000c.c.以上小型客車(9人座以下),4653. 300004 2000c.c.以上小型客車(9人座以下)
4654,300005,中型客車(10～29人座),4654. 300005 中型客車(10～29人座)
4655,300006,大客車(30人座以上),4655. 300006 大客車(30人座以上)
4656,300007,小型貨車(3.5公噸以下),4656. 300007 小型貨車(3.5公噸以下)
4657,300008,大型貨車(超過3.5公噸),4657. 300008 大型貨車(超過3.5公噸)
4658,300009,客貨兩用車,4658. 300009 客貨兩用車
4659,300010,小客車底盤(含引擎)車,4659. 300010 小客車底盤(含引擎)車
4660,300011,大客車底盤(含引擎)車,4660. 300011 大客車底盤(含引擎)車
4661,300012,小貨車底盤(含引擎)車,4661. 300012 小貨車底盤(含引擎)車
4662,300013,大貨車底盤(含引擎)車,4662. 300013 大貨車底盤(含引擎)車
4663,300015,汽車引擎,4663. 300015 汽車引擎
4664,300016,卡車,4664. 300016 卡車
4665,300017,曳引車,4665. 300017 曳引車
4666,300018,越野車,4666. 300018 越野車
4667,300019,掃街車,4667. 300019 掃街車
4668,300020,高爾夫車,4668. 300020 高爾夫車
4669,300021,運鈔車,4669. 300021 運鈔車
4670,300022,預拌混凝土車,4670. 300022 預拌混凝土車
4671,300023,特種車輛,4671. 300023 特種車輛
4672,300025,大客車車身,4672. 300025 大客車車身
4673,300026,小貨車車身,4673. 300026 小貨車車身
4674,300027,大貨車車身,4674. 300027 大貨車車身
4675,300028,半拖車,4675. 300028 半拖車
4676,300029,拖車,4676. 300029 拖車
4677,300031,鋁合金貨櫃,4677. 300031 鋁合金貨櫃
4678,300032,鋼質貨櫃,4678. 300032 鋼質貨櫃
4679,300033,鋁質貨櫃,4679. 300033 鋁質貨櫃
4680,300034,汽車化油器,4680. 300034 汽車化油器
4681,300035,汽車曲軸,4681. 300035 汽車曲軸
4682,300036,汽車連桿,4682. 300036 汽車連桿
4683,300037,汽車凸輪軸,4683. 300037 汽車凸輪軸
4684,300038,汽車汽缸頭(含汽門導管),4684. 300038 汽車汽缸頭(含汽門導管)
4685,300039,汽車汽缸體,4685. 300039 汽車汽缸體
4686,300040,汽車汽門座,4686. 300040 汽車汽門座
4687,300041,汽車濾清器,4687. 300041 汽車濾清器
4688,300042,汽車燃料油泵,4688. 300042 汽車燃料油泵
4689,300043,柴油引擎用噴油泵,4689. 300043 柴油引擎用噴油泵
4690,300044,汽車活塞及環,4690. 300044 汽車活塞及環
4691,300045,汽車水箱(散熱器),4691. 300045 汽車水箱(散熱器)
4692,300047,懸吊避震器,4692. 300047 懸吊避震器
4693,300048,汽車驅動軸及差速總成,4693. 300048 汽車驅動軸及差速總成
4694,300049,汽車傳動軸,4694. 300049 汽車傳動軸
4695,300050,汽車離合器總成,4695. 300050 汽車離合器總成
4696,300051,汽車變速箱,4696. 300051 汽車變速箱
4697,300052,變速齒輪系統,4697. 300052 變速齒輪系統
4698,300053,汽車用十字及三叉式接頭,4698. 300053 汽車用十字及三叉式接頭
4699,300054,汽車輪圈,4699. 300054 汽車輪圈
4700,300055,汽車輪圈蓋,4700. 300055 汽車輪圈蓋
4701,300057,汽車方向盤、轉向柱及轉向箱,4701. 300057 汽車方向盤、轉向柱及轉向箱
4702,300058,汽車轉向齒輪,4702. 300058 汽車轉向齒輪
4703,300059,汽車齒輪箱,4703. 300059 汽車齒輪箱
4704,300060,汽車轉向連桿,4704. 300060 汽車轉向連桿
4705,300061,汽車連接桿,4705. 300061 汽車連接桿
4706,300063,汽車電力系統,4706. 300063 汽車電力系統
4707,300064,汽車火星塞,4707. 300064 汽車火星塞
4708,300065,汽車起動馬達,4708. 300065 汽車起動馬達
4709,300066,分電盤,4709. 300066 分電盤
4710,300067,汽車發電機,4710. 300067 汽車發電機
4711,300068,汽車點火線圈,4711. 300068 汽車點火線圈
4712,300069,車頭燈座,4712. 300069 車頭燈座
4713,300070,車後燈座,4713. 300070 車後燈座
4714,300073,汽車煞車總泵,4714. 300073 汽車煞車總泵
4715,300074,汽車碟式(或盤式)煞車總成,4715. 300074 汽車碟式(或盤式)煞車總成
4716,300075,汽車煞車來令,4716. 300075 汽車煞車來令
4717,300076,汽車鼓式煞車總成,4717. 300076 汽車鼓式煞車總成
4718,300077,汽車真空煞車倍力器,4718. 300077 汽車真空煞車倍力器
4719,300078,防鎖死煞車系統,4719. 300078 防鎖死煞車系統
4720,300080,汽車車架大樑,4720. 300080 汽車車架大樑
4721,300081,汽車車架,4721. 300081 汽車車架
4722,300082,汽車車門,4722. 300082 汽車車門
4723,300083,汽車座椅,4723. 300083 汽車座椅
4724,300084,車身沖壓件,4724. 300084 車身沖壓件
4725,300085,汽車保險桿,4725. 300085 汽車保險桿
4726,300086,汽車排氣管,4726. 300086 汽車排氣管
4727,300087,汽車消音器,4727. 300087 汽車消音器
4728,300088,汽車踏板,4728. 300088 汽車踏板
4729,300089,汽車雨刷,4729. 300089 汽車雨刷
4730,300090,汽車後照鏡,4730. 300090 汽車後照鏡
4731,300091,汽車潤滑系統,4731. 300091 汽車潤滑系統
4732,300092,汽車鑄件,4732. 300092 汽車鑄件
4733,300093,輔助氣囊系統,4733. 300093 輔助氣囊系統
4734,300094,汽車座椅安全帶,4734. 300094 汽車座椅安全帶
4735,300099,其他汽車底盤(含引擎)車,4735. 300099 其他汽車底盤(含引擎)車
4736,300199,其他汽車,4736. 300199 其他汽車
4737,300299,其他汽車車身,4737. 300299 其他汽車車身
4738,300399,其他汽車引擎零組件,4738. 300399 其他汽車引擎零組件
4739,300499,其他汽車傳動系統零組件,4739. 300499 其他汽車傳動系統零組件
4740,300599,其他汽車轉向系統零組件,4740. 300599 其他汽車轉向系統零組件
4741,300699,其他汽車用電燈組,4741. 300699 其他汽車用電燈組
4742,300799,其他汽車電氣零組件,4742. 300799 其他汽車電氣零組件
4743,300899,其他汽車煞車零組件,4743. 300899 其他汽車煞車零組件
4744,300999,其他未列名汽車零組件,4744. 300999 其他未列名汽車零組件
4745,310001,貨櫃船,4745. 310001 貨櫃船
4746,310002,油輪,4746. 310002 油輪
4747,310003,雜貨船,4747. 310003 雜貨船
4748,310004,散裝貨船,4748. 310004 散裝貨船
4749,310005,水泥運輸船,4749. 310005 水泥運輸船
4750,310006,液化氣體載運船,4750. 310006 液化氣體載運船
4751,310008,客船,4751. 310008 客船
4752,310009,工作船,4752. 310009 工作船
4753,310010,研究船,4753. 310010 研究船
4754,310011,巡邏艇,4754. 310011 巡邏艇
4755,310012,商船,4755. 310012 商船
4756,310013,渡船,4756. 310013 渡船
4757,310014,駁船,4757. 310014 駁船
4758,310015,拖船,4758. 310015 拖船
4759,310016,釣漁船,4759. 310016 釣漁船
4760,310017,拖網漁船,4760. 310017 拖網漁船
4761,310018,圍網漁船,4761. 310018 圍網漁船
4762,310020,小型機動遊艇,4762. 310020 小型機動遊艇
4763,310021,大型機動遊艇,4763. 310021 大型機動遊艇
4764,310022,帆船,4764. 310022 帆船
4765,310023,小帆船,4765. 310023 小帆船
4766,310024,划槳船,4766. 310024 划槳船
4767,310025,獨木舟,4767. 310025 獨木舟
4768,310026,遊艇,4768. 310026 遊艇
4769,310027,電動船,4769. 310027 電動船
4770,310028,划艇,4770. 310028 划艇
4771,310029,氣墊船,4771. 310029 氣墊船
4772,310030,水翼船,4772. 310030 水翼船
4773,310031,充氣船,4773. 310031 充氣船
4774,310032,起重船,4774. 310032 起重船
4775,310033,救生艇,4775. 310033 救生艇
4776,310034,水上摩托車,4776. 310034 水上摩托車
4777,310035,舢板,4777. 310035 舢板
4778,310037,浮塢,4778. 310037 浮塢
4779,310038,浮標,4779. 310038 浮標
4780,310039,浮筒,4780. 310039 浮筒
4781,310040,浮舟,4781. 310040 浮舟
4782,310041,浮橋,4782. 310041 浮橋
4783,310042,浮式儲槽,4783. 310042 浮式儲槽
4784,310043,浮式吊車,4784. 310043 浮式吊車
4785,310044,浮式船塢,4785. 310044 浮式船塢
4786,310045,浮式碼頭,4786. 310045 浮式碼頭
4787,310046,船用柴油主機,4787. 310046 船用柴油主機
4788,310047,船用軸,4788. 310047 船用軸
4789,310048,船用推進器,4789. 310048 船用推進器
4790,310049,船用發電機,4790. 310049 船用發電機
4791,310050,船用鍋爐,4791. 310050 船用鍋爐
4792,310051,船用熱交換器,4792. 310051 船用熱交換器
4793,310052,船用自動控制裝置,4793. 310052 船用自動控制裝置
4794,310053,船用舵機,4794. 310053 船用舵機
4795,310054,甲板機械,4795. 310054 甲板機械
4796,310055,漁船漁具,4796. 310055 漁船漁具
4797,310056,船用救生設備,4797. 310056 船用救生設備
4798,310057,船用滅火設備,4798. 310057 船用滅火設備
4799,310058,船用舷窗及水密門,4799. 310058 船用舷窗及水密門
4800,310059,船用機械零組件,4800. 310059 船用機械零組件
4801,310061,鑽油平台,4801. 310061 鑽油平台
4802,310062,水域輸油（氣）系統,4802. 310062 水域輸油（氣）系統
4803,310063,浮箱,4803. 310063 浮箱
4804,310064,潛水箱,4804. 310064 潛水箱
4805,310066,輕型機車(50c.c.以下),4805. 310066 輕型機車(50c.c.以下)
4806,310067,普通重型機車(51c.c.～250c.c.),4806. 310067 普通重型機車(51c.c.～250c.c.)
4807,310068,大型重型機車(251c.c.及以上),4807. 310068 大型重型機車(251c.c.及以上)
4808,310069,三輪機車,4808. 310069 三輪機車
4809,310070,邊車,4809. 310070 邊車
4810,310071,一般電動機車,4810. 310071 一般電動機車
4811,310072,小型輕型電動機車,4811. 310072 小型輕型電動機車
4812,310073,機車引擎,4812. 310073 機車引擎
4813,310074,機車起動馬達,4813. 310074 機車起動馬達
4814,310075,機車汽缸頭(含汽門導管),4814. 310075 機車汽缸頭(含汽門導管)
4815,310076,機車汽缸體,4815. 310076 機車汽缸體
4816,310077,機車活塞桿構件,4816. 310077 機車活塞桿構件
4817,310078,機車點火線圈,4817. 310078 機車點火線圈
4818,310079,機車鏈條,4818. 310079 機車鏈條
4819,310080,機車前叉,4819. 310080 機車前叉
4820,310081,機車離合器,4820. 310081 機車離合器
4821,310082,機車齒輪箱,4821. 310082 機車齒輪箱
4822,310083,機車變速箱總成,4822. 310083 機車變速箱總成
4823,310084,機車曲軸箱本體,4823. 310084 機車曲軸箱本體
4824,310085,機車化油器,4824. 310085 機車化油器
4825,310086,機車排氣管,4825. 310086 機車排氣管
4826,310087,機車輪圈,4826. 310087 機車輪圈
4827,310089,電動機車零組件,4827. 310089 電動機車零組件
4828,310090,公路競賽車(跑車),4828. 310090 公路競賽車(跑車)
4829,310091,一般通勤自行車(腳踏車)(城市車且不含折疊車),4829. 310091 一般通勤自行車(腳踏車)(城市車且不含折疊車)
4830,310092,登山越野車(登山車),4830. 310092 登山越野車(登山車)
4831,310093,折疊車,4831. 310093 折疊車
4832,310094,童車,4832. 310094 童車
4833,310096,電動自行車,4833. 310096 電動自行車
4834,310098,自行車(腳踏車)輪圈,4834. 310098 自行車(腳踏車)輪圈
4835,310099,自行車(腳踏車)鏈條,4835. 310099 自行車(腳踏車)鏈條
4836,310100,自行車(腳踏車)變速器,4836. 310100 自行車(腳踏車)變速器
4837,310101,自行車(腳踏車)煞車器,4837. 310101 自行車(腳踏車)煞車器
4838,310102,自行車(腳踏車)前叉及碗,4838. 310102 自行車(腳踏車)前叉及碗
4839,310103,自行車前叉,4839. 310103 自行車前叉
4840,310104,自行車(腳踏車)車把,4840. 310104 自行車(腳踏車)車把
4841,310105,自行車座管及手把管,4841. 310105 自行車座管及手把管
4842,310106,自行車(腳踏車)車架,4842. 310106 自行車(腳踏車)車架
4843,310107,自行車座墊,4843. 310107 自行車座墊
4844,310108,自行車輪圈,4844. 310108 自行車輪圈
4845,310109,自行車花鼓,4845. 310109 自行車花鼓
4846,310110,自行車飛輪,4846. 310110 自行車飛輪
4847,310111,自行車踏板,4847. 310111 自行車踏板
4848,310112,自行車擋泥板,4848. 310112 自行車擋泥板
4849,310113,自行車曲柄齒盤,4849. 310113 自行車曲柄齒盤
4850,310114,自行車石棉剎車來令,4850. 310114 自行車石棉剎車來令
4851,310116,電動自行車零組件,4851. 310116 電動自行車零組件
4852,310117,軌道電力機車,4852. 310117 軌道電力機車
4853,310118,柴油機械機車(內燃式軌道機車),4853. 310118 柴油機械機車(內燃式軌道機車)
4854,310119,柴油引擎客車(內燃式軌道動力客車),4854. 310119 柴油引擎客車(內燃式軌道動力客車)
4855,310120,柴油液壓機車(內燃式軌道機車),4855. 310120 柴油液壓機車(內燃式軌道機車)
4856,310121,柴油電力機車(內燃式軌道機車),4856. 310121 柴油電力機車(內燃式軌道機車)
4857,310122,電聯車(含柴聯車),4857. 310122 電聯車(含柴聯車)
4858,310123,軌道工程車,4858. 310123 軌道工程車
4859,310124,軌道蒸汽機車,4859. 310124 軌道蒸汽機車
4860,310126,軌道車輛車體,4860. 310126 軌道車輛車體
4861,310127,軌道車輛連結器,4861. 310127 軌道車輛連結器
4862,310128,軌道客車廂,4862. 310128 軌道客車廂
4863,310130,軌道車輛轉向架,4863. 310130 軌道車輛轉向架
4864,310131,軌道車輛座椅,4864. 310131 軌道車輛座椅
4865,310132,軌道車輛自動門機,4865. 310132 軌道車輛自動門機
4866,310133,軌道車輛合成煞車塊,4866. 310133 軌道車輛合成煞車塊
4867,310134,軌道車輛車軸,4867. 310134 軌道車輛車軸
4868,310135,軌道車輛車架,4868. 310135 軌道車輛車架
4869,310136,軌道車輛車輪,4869. 310136 軌道車輛車輪
4870,310137,軌道車輛聯結器,4870. 310137 軌道車輛聯結器
4871,310138,軌道車輛緩衝器,4871. 310138 軌道車輛緩衝器
4872,310139,軌道車輛氣軔裝置,4872. 310139 軌道車輛氣軔裝置
4873,310140,軌道車輛齒輪箱,4873. 310140 軌道車輛齒輪箱
4874,310141,軌道車輛變頻器,4874. 310141 軌道車輛變頻器
4875,310142,軌道車輛牽引馬達,4875. 310142 軌道車輛牽引馬達
4876,310143,軌道車輛集電裝置,4876. 310143 軌道車輛集電裝置
4877,310144,軌道車輛空調系統,4877. 310144 軌道車輛空調系統
4878,310145,軌道車輛照明系統,4878. 310145 軌道車輛照明系統
4879,310146,軌道車輛衛生設備,4879. 310146 軌道車輛衛生設備
4880,310147,軌道車輛旅客資訊系統,4880. 310147 軌道車輛旅客資訊系統
4881,310148,軌道車輛自動列車控制系統,4881. 310148 軌道車輛自動列車控制系統
4882,310149,軌道車輛駕駛模擬器,4882. 310149 軌道車輛駕駛模擬器
4883,310150,軌道車輛軌道固定裝置,4883. 310150 軌道車輛軌道固定裝置
4884,310152,航空器製造,4884. 310152 航空器製造
4885,310153,固定翼飛機,4885. 310153 固定翼飛機
4886,310154,旋翼飛機,4886. 310154 旋翼飛機
4887,310155,滑翔機,4887. 310155 滑翔機
4888,310156,滑翔翼,4888. 310156 滑翔翼
4889,310157,飛艇,4889. 310157 飛艇
4890,310158,飛船,4890. 310158 飛船
4891,310159,航空熱氣球,4891. 310159 航空熱氣球
4892,310160,衛星,4892. 310160 衛星
4893,310161,航空螺旋槳,4893. 310161 航空螺旋槳
4894,310162,航空活塞式發動機,4894. 310162 航空活塞式發動機
4895,310163,航空渦輪式發動機,4895. 310163 航空渦輪式發動機
4896,310164,起落架,4896. 310164 起落架
4897,310165,飛機體零組件及附屬裝備,4897. 310165 飛機體零組件及附屬裝備
4898,310166,飛機引擎及其零組件及附件,4898. 310166 飛機引擎及其零組件及附件
4899,310167,飛機其他零組件及裝備系統,4899. 310167 飛機其他零組件及裝備系統
4900,310168,輪椅車,4900. 310168 輪椅車
4901,310169,電動輪椅車,4901. 310169 電動輪椅車
4902,310170,全地形車(ATV),4902. 310170 全地形車(ATV)
4903,310171,行李手推車,4903. 310171 行李手推車
4904,310172,手推嬰兒車,4904. 310172 手推嬰兒車
4905,310173,輪椅,4905. 310173 輪椅
4906,310174,單輪手推車,4906. 310174 單輪手推車
4907,310175,軍用戰鬥車輛,4907. 310175 軍用戰鬥車輛
4908,310176,人力車,4908. 310176 人力車
4909,310177,三輪車,4909. 310177 三輪車
4910,310178,畜力車,4910. 310178 畜力車
4911,310179,購物車,4911. 310179 購物車
4912,310180,礦車,4912. 310180 礦車
4913,310181,纜車,4913. 310181 纜車
4914,310199,其他漁船,4914. 310199 其他漁船
4915,310299,其他遊艇及運動用船,4915. 310299 其他遊艇及運動用船
4916,310399,其他船用主機,4916. 310399 其他船用主機
4917,310499,其他無動力浮載具,4917. 310499 其他無動力浮載具
4918,310599,其他機車零組件,4918. 310599 其他機車零組件
4919,310699,其他自行車,4919. 310699 其他自行車
4920,310799,其他自行車(腳踏車)零組件,4920. 310799 其他自行車(腳踏車)零組件
4921,310899,其他軌道車輛,4921. 310899 其他軌道車輛
4922,310999,其他軌道車廂,4922. 310999 其他軌道車廂
4923,311099,其他軌道車輛零組件,4923. 311099 其他軌道車輛零組件
4924,311199,其他非公路運輸用車輛(不含全地形車),4924. 311199 其他非公路運輸用車輛(不含全地形車)
4925,311299,其他運輸工具及零組件,4925. 311299 其他運輸工具及零組件
4926,311399,其他貨船,4926. 311399 其他貨船
4927,320001,木桌椅,4927. 320001 木桌椅
4928,320002,木製系統廚具,4928. 320002 木製系統廚具
4929,320003,木椅,4929. 320003 木椅
4930,320004,木桌,4930. 320004 木桌
4931,320005,木凳,4931. 320005 木凳
4932,320006,木几,4932. 320006 木几
4933,320007,木檯,4933. 320007 木檯
4934,320008,木櫃,4934. 320008 木櫃
4935,320009,木床,4935. 320009 木床
4936,320010,木櫥,4936. 320010 木櫥
4937,320011,木書架,4937. 320011 木書架
4938,320012,木衣箱,4938. 320012 木衣箱
4939,320013,木置物架,4939. 320013 木置物架
4940,320014,木掛衣架,4940. 320014 木掛衣架
4941,320015,木雕花桌面,4941. 320015 木雕花桌面
4942,320016,木行軍床架,4942. 320016 木行軍床架
4943,320017,曲木家具,4943. 320017 曲木家具
4944,320018,木製家具表面塗裝,4944. 320018 木製家具表面塗裝
4945,320019,竹凳,4945. 320019 竹凳
4946,320020,竹椅,4946. 320020 竹椅
4947,320021,竹床,4947. 320021 竹床
4948,320022,層竹家具,4948. 320022 層竹家具
4949,320024,竹製家具及裝設品,4949. 320024 竹製家具及裝設品
4950,320025,藤椅,4950. 320025 藤椅
4951,320026,藤床,4951. 320026 藤床
4952,320027,藤搖籃,4952. 320027 藤搖籃
4953,320028,藤屏風,4953. 320028 藤屏風
4954,320030,塑膠衣櫥,4954. 320030 塑膠衣櫥
4955,320031,塑膠家具,4955. 320031 塑膠家具
4956,320033,玻璃纖維強化塑膠家具,4956. 320033 玻璃纖維強化塑膠家具
4957,320034,非金屬家具表面塗裝（木製家具除外）,4957. 320034 非金屬家具表面塗裝（木製家具除外）
4958,320036,金屬桌椅,4958. 320036 金屬桌椅
4959,320037,金屬椅,4959. 320037 金屬椅
4960,320038,金屬桌,4960. 320038 金屬桌
4961,320039,金屬系統廚具,4961. 320039 金屬系統廚具
4962,320040,金屬廚檯(含流理台),4962. 320040 金屬廚檯(含流理台)
4963,320041,金屬櫃,4963. 320041 金屬櫃
4964,320042,金屬檯,4964. 320042 金屬檯
4965,320043,金屬架,4965. 320043 金屬架
4966,320044,金屬床,4966. 320044 金屬床
4967,320045,彈簧床墊,4967. 320045 彈簧床墊
4968,320046,金屬家具表面塗裝,4968. 320046 金屬家具表面塗裝
4969,320048,金屬裝設品,4969. 320048 金屬裝設品
4970,320099,其他木製家具及裝設品,4970. 320099 其他木製家具及裝設品
4971,320199,其他藤製家具及裝設品,4971. 320199 其他藤製家具及裝設品
4972,320299,其他塑膠製家具及裝設品,4972. 320299 其他塑膠製家具及裝設品
4973,320399,其他非金屬家具及裝設品,4973. 320399 其他非金屬家具及裝設品
4974,320499,其他金屬家具,4974. 320499 其他金屬家具
4975,330001,籃球,4975. 330001 籃球
4976,330002,籃球網,4976. 330002 籃球網
4977,330003,棒球,4977. 330003 棒球
4978,330004,壘球,4978. 330004 壘球
4979,330005,鋁質網球拍,4979. 330005 鋁質網球拍
4980,330006,木質網球拍,4980. 330006 木質網球拍
4981,330007,碳纖維網球拍,4981. 330007 碳纖維網球拍
4982,330008,混合纖維網球拍,4982. 330008 混合纖維網球拍
4983,330009,網球,4983. 330009 網球
4984,330010,網球網,4984. 330010 網球網
4985,330011,羽球拍,4985. 330011 羽球拍
4986,330012,羽球,4986. 330012 羽球
4987,330013,足球,4987. 330013 足球
4988,330014,足球網,4988. 330014 足球網
4989,330015,排球,4989. 330015 排球
4990,330016,排球網,4990. 330016 排球網
4991,330017,桌球拍,4991. 330017 桌球拍
4992,330018,桌球,4992. 330018 桌球
4993,330019,桌球桌,4993. 330019 桌球桌
4994,330020,桌球網,4994. 330020 桌球網
4995,330021,撞球桿,4995. 330021 撞球桿
4996,330022,撞球桌,4996. 330022 撞球桌
4997,330023,撞球,4997. 330023 撞球
4998,330024,保齡球,4998. 330024 保齡球
4999,330025,保齡球瓶,4999. 330025 保齡球瓶
5000,330026,橄欖球,5000. 330026 橄欖球
5001,330027,馬球,5001. 330027 馬球
5002,330028,曲棍球桿,5002. 330028 曲棍球桿
5003,330029,曲棍球,5003. 330029 曲棍球
5004,330030,水上排球,5004. 330030 水上排球
5005,330031,鉛球,5005. 330031 鉛球
5006,330032,標槍,5006. 330032 標槍
5007,330033,鏈球,5007. 330033 鏈球
5008,330034,鐵餅,5008. 330034 鐵餅
5009,330037,輪式、刀式溜冰鞋(含直排輪鞋),5009. 330037 輪式、刀式溜冰鞋(含直排輪鞋)
5010,330038,滑板車,5010. 330038 滑板車
5011,330039,滑雪用品,5011. 330039 滑雪用品
5012,330040,撞球用品,5012. 330040 撞球用品
5013,330041,保齡球用品,5013. 330041 保齡球用品
5014,330042,釣魚用品,5014. 330042 釣魚用品
5015,330043,滑水板及浮板,5015. 330043 滑水板及浮板
5016,330045,高爾夫球,5016. 330045 高爾夫球
5017,330046,高爾夫球桿與其他設備,5017. 330046 高爾夫球桿與其他設備
5018,330047,登山用品,5018. 330047 登山用品
5019,330048,沙包,5019. 330048 沙包
5020,330049,西洋劍,5020. 330049 西洋劍
5021,330050,箭及箭靶,5021. 330050 箭及箭靶
5022,330051,飛鏢靶,5022. 330051 飛鏢靶
5023,330052,射擊靶,5023. 330052 射擊靶
5024,330053,體操器材,5024. 330053 體操器材
5025,330054,室內健身器材,5025. 330054 室內健身器材
5026,330055,舉重床,5026. 330055 舉重床
5027,330056,啞鈴,5027. 330056 啞鈴
5028,330057,運動訓練機,5028. 330057 運動訓練機
5029,330058,運動帽,5029. 330058 運動帽
5030,330059,運動皮手套,5030. 330059 運動皮手套
5031,330061,布製玩偶,5031. 330061 布製玩偶
5032,330062,塑膠玩偶,5032. 330062 塑膠玩偶
5033,330063,電動玩偶,5033. 330063 電動玩偶
5034,330065,電子遊樂器,5034. 330065 電子遊樂器
5035,330066,無線電遙控玩具,5035. 330066 無線電遙控玩具
5036,330067,塑膠吹氣玩具,5036. 330067 塑膠吹氣玩具
5037,330068,橡膠吹氣玩具,5037. 330068 橡膠吹氣玩具
5038,330070,兒童三輪車,5038. 330070 兒童三輪車
5039,330071,兒童騎坐用玩具有輪動物,5039. 330071 兒童騎坐用玩具有輪動物
5040,330072,嬰兒學步車,5040. 330072 嬰兒學步車
5041,330074,電動玩具及零附件,5041. 330074 電動玩具及零附件
5042,330075,室內外局戲用品,5042. 330075 室內外局戲用品
5043,330076,投幣式電動遊戲機械,5043. 330076 投幣式電動遊戲機械
5044,330077,中式紙牌,5044. 330077 中式紙牌
5045,330078,西洋棋類,5045. 330078 西洋棋類
5046,330079,麻將牌,5046. 330079 麻將牌
5047,330080,圍棋,5047. 330080 圍棋
5048,330081,圍棋盤,5048. 330081 圍棋盤
5049,330082,牌九,5049. 330082 牌九
5050,330083,象棋,5050. 330083 象棋
5051,330084,扯鈴,5051. 330084 扯鈴
5052,330085,陀螺,5052. 330085 陀螺
5053,330086,毽子,5053. 330086 毽子
5054,330087,骰子,5054. 330087 骰子
5055,330088,益智玩具,5055. 330088 益智玩具
5056,330089,電動玩具,5056. 330089 電動玩具
5057,330090,電子玩具,5057. 330090 電子玩具
5058,330091,玩具船,5058. 330091 玩具船
5059,330092,玩具樂器,5059. 330092 玩具樂器
5060,330093,玩具動物,5060. 330093 玩具動物
5061,330094,玩具氣球,5061. 330094 玩具氣球
5062,330095,玩具飛機,5062. 330095 玩具飛機
5063,330096,玩具武器,5063. 330096 玩具武器
5064,330097,玩具車輛,5064. 330097 玩具車輛
5065,330098,鋼琴,5065. 330098 鋼琴
5066,330099,其他未列名玩具及其零附件,5066. 330099 其他未列名玩具及其零附件
5067,330100,吉他,5067. 330100 吉他
5068,330101,弦樂器,5068. 330101 弦樂器
5069,330102,管樂器,5069. 330102 管樂器
5070,330103,簧樂器,5070. 330103 簧樂器
5071,330104,敲擊樂器,5071. 330104 敲擊樂器
5072,330105,電子琴,5072. 330105 電子琴
5073,330106,鍵盤樂器,5073. 330106 鍵盤樂器
5074,330107,電子樂器,5074. 330107 電子樂器
5075,330108,樂器用弦,5075. 330108 樂器用弦
5076,330109,節拍器,5076. 330109 節拍器
5077,330110,樂譜架,5077. 330110 樂譜架
5078,330111,調音及定音器,5078. 330111 調音及定音器
5079,330113,球鋒筆(原子筆),5079. 330113 球鋒筆(原子筆)
5080,330114,鋼筆,5080. 330114 鋼筆
5081,330115,筆尖,5081. 330115 筆尖
5082,330116,鉛筆,5082. 330116 鉛筆
5083,330117,鉛筆芯,5083. 330117 鉛筆芯
5084,330118,彩色筆,5084. 330118 彩色筆
5085,330119,蠟筆,5085. 330119 蠟筆
5086,330120,毛筆,5086. 330120 毛筆
5087,330121,炭筆,5087. 330121 炭筆
5088,330122,粉筆,5088. 330122 粉筆
5089,330123,畫筆,5089. 330123 畫筆
5090,330124,簽字筆,5090. 330124 簽字筆
5091,330125,鐫筆,5091. 330125 鐫筆
5092,330127,文具盒,5092. 330127 文具盒
5093,330128,橡皮擦,5093. 330128 橡皮擦
5094,330129,修正液,5094. 330129 修正液
5095,330130,算盤,5095. 330130 算盤
5096,330131,硯,5096. 330131 硯
5097,330132,墨,5097. 330132 墨
5098,330133,畫架,5098. 330133 畫架
5099,330134,書畫板,5099. 330134 書畫板
5100,330135,美術用具,5100. 330135 美術用具
5101,330136,黑板,5101. 330136 黑板
5102,330137,印臺,5102. 330137 印臺
5103,330138,勞作用品,5103. 330138 勞作用品
5104,330140,一般眼鏡,5104. 330140 一般眼鏡
5105,330141,太陽眼鏡,5105. 330141 太陽眼鏡
5106,330142,隱形眼鏡,5106. 330142 隱形眼鏡
5107,330143,護目眼鏡,5107. 330143 護目眼鏡
5108,330144,風鏡,5108. 330144 風鏡
5109,330145,潛水眼鏡,5109. 330145 潛水眼鏡
5110,330146,矯正眼鏡片,5110. 330146 矯正眼鏡片
5111,330147,太陽眼鏡片,5111. 330147 太陽眼鏡片
5112,330148,眼鏡框,5112. 330148 眼鏡框
5113,330149,義眼,5113. 330149 義眼
5114,330151,血壓計,5114. 330151 血壓計
5115,330152,體溫計,5115. 330152 體溫計
5116,330153,注射器,5116. 330153 注射器
5117,330154,注射針,5117. 330154 注射針
5118,330155,點滴器或輸液幫浦,5118. 330155 點滴器或輸液幫浦
5119,330156,聽診器,5119. 330156 聽診器
5120,330157,機械式助行器,5120. 330157 機械式助行器
5121,330158,病床,5121. 330158 病床
5122,330159,生物晶片,5122. 330159 生物晶片
5123,330160,人工肢體,5123. 330160 人工肢體
5124,330161,人工器官,5124. 330161 人工器官
5125,330162,手術台,5125. 330162 手術台
5126,330163,牙科器材,5126. 330163 牙科器材
5127,330164,牙科用椅,5127. 330164 牙科用椅
5128,330165,牙科用黏固粉,5128. 330165 牙科用黏固粉
5129,330166,假牙,5129. 330166 假牙
5130,330167,齒模,5130. 330167 齒模
5131,330168,外科器材,5131. 330168 外科器材
5132,330169,呼吸器設備,5132. 330169 呼吸器設備
5133,330170,插管,5133. 330170 插管
5134,330171,金屬擔架,5134. 330171 金屬擔架
5135,330172,麻醉器,5135. 330172 麻醉器
5136,330173,導尿管,5136. 330173 導尿管
5137,330174,輸血設備,5137. 330174 輸血設備
5138,330175,醫學及實驗室用消毒器,5138. 330175 醫學及實驗室用消毒器
5139,330176,醫學及實驗室用超音波洗滌機,5139. 330176 醫學及實驗室用超音波洗滌機
5140,330177,獸醫器材,5140. 330177 獸醫器材
5141,330179,珠寶及貴金屬首飾(含鑄幣),5141. 330179 珠寶及貴金屬首飾(含鑄幣)
5142,330180,珠寶製品,5142. 330180 珠寶製品
5143,330181,錢幣鑄造,5143. 330181 錢幣鑄造
5144,330182,玻璃首飾,5144. 330182 玻璃首飾
5145,330183,人造珠寶,5145. 330183 人造珠寶
5146,330184,金屬飾物,5146. 330184 金屬飾物
5147,330185,金屬錶帶,5147. 330185 金屬錶帶
5148,330186,貴金屬刀具,5148. 330186 貴金屬刀具
5149,330187,貴金屬製品,5149. 330187 貴金屬製品
5150,330189,拉鍊,5150. 330189 拉鍊
5151,330190,鈕扣(含扣具),5151. 330190 鈕扣(含扣具)
5152,330191,水活性膠帶,5152. 330191 水活性膠帶
5153,330192,雙軸延伸聚丙烯黏性膠帶(OPP黏性膠帶),5153. 330192 雙軸延伸聚丙烯黏性膠帶(OPP黏性膠帶)
5154,330193,軟性聚氯乙烯黏性膠帶(SPVC黏性膠帶),5154. 330193 軟性聚氯乙烯黏性膠帶(SPVC黏性膠帶)
5155,330194,聚酯黏性膠帶(PET膠帶),5155. 330194 聚酯黏性膠帶(PET膠帶)
5156,330195,紙類黏性膠帶,5156. 330195 紙類黏性膠帶
5157,330196,黏著標籤(商標類膠帶),5157. 330196 黏著標籤(商標類膠帶)
5158,330197,布類黏性膠帶,5158. 330197 布類黏性膠帶
5159,330198,雙面黏性膠帶,5159. 330198 雙面黏性膠帶
5160,330199,其他黏性膠帶,5160. 330199 其他黏性膠帶
5161,330200,黏性膠帶加工,5161. 330200 黏性膠帶加工
5162,330201,人造花(含葉、果實),5162. 330201 人造花(含葉、果實)
5163,330202,人造木炭,5163. 330202 人造木炭
5164,330203,人造毛髮,5164. 330203 人造毛髮
5165,330204,保溫容器,5165. 330204 保溫容器
5166,330205,聖誕裝飾品,5166. 330205 聖誕裝飾品
5167,330206,人造聖誕樹,5167. 330206 人造聖誕樹
5168,330207,打火機,5168. 330207 打火機
5169,330208,羽毛製品,5169. 330208 羽毛製品
5170,330209,傘,5170. 330209 傘
5171,330210,紙傘,5171. 330210 紙傘
5172,330211,傘骨及傘零件(傘面除外),5172. 330211 傘骨及傘零件(傘面除外)
5173,330212,塑膠安全帽,5173. 330212 塑膠安全帽
5174,330213,人體模型,5174. 330213 人體模型
5175,330214,手杖,5175. 330214 手杖
5176,330215,木棺柩,5176. 330215 木棺柩
5177,330216,毛髮製品,5177. 330216 毛髮製品
5178,330217,牛角製小件什物,5178. 330217 牛角製小件什物
5179,330218,牛角製飾物,5179. 330218 牛角製飾物
5180,330219,甲殼製小件什物,5180. 330219 甲殼製小件什物
5181,330220,甲殼製飾物,5181. 330220 甲殼製飾物
5182,330221,骨製小件什物,5182. 330221 骨製小件什物
5183,330222,骨製飾物,5183. 330222 骨製飾物
5184,330223,貝殼製小件什物,5184. 330223 貝殼製小件什物
5185,330224,貝殼製飾物,5185. 330224 貝殼製飾物
5186,330225,果核製小件什物,5186. 330225 果核製小件什物
5187,330226,果核製飾物,5187. 330226 果核製飾物
5188,330227,象牙飾物,5188. 330227 象牙飾物
5189,330228,動植物標本,5189. 330228 動植物標本
5190,330229,礦物標本,5190. 330229 礦物標本
5191,330230,蠟製模型,5191. 330230 蠟製模型
5192,330231,印章,5192. 330231 印章
5193,330232,地球儀,5193. 330232 地球儀
5194,330233,安全帶,5194. 330233 安全帶
5195,330234,裁縫粉土,5195. 330234 裁縫粉土
5196,330235,香包,5196. 330235 香包
5197,330236,宮燈,5197. 330236 宮燈
5198,330237,扇子,5198. 330237 扇子
5199,330238,梳子,5199. 330238 梳子
5200,330239,刷子,5200. 330239 刷子
5201,330240,掃帚,5201. 330240 掃帚
5202,330241,防火衣,5202. 330241 防火衣
5203,330242,防毒面具,5203. 330242 防毒面具
5204,330243,軟木救生用具,5204. 330243 軟木救生用具
5205,330244,護具,5205. 330244 護具
5206,330246,原子碳,5206. 330246 原子碳
5207,330299,其他球類體育用品,5207. 330299 其他球類體育用品
5208,330399,其他田徑體育用品,5208. 330399 其他田徑體育用品
5209,330499,其他娛樂體育用品,5209. 330499 其他娛樂體育用品
5210,330599,其他雜項體育用品及零配件,5210. 330599 其他雜項體育用品及零配件
5211,330699,其他玩偶及零附件,5211. 330699 其他玩偶及零附件
5212,330799,其他吹氣玩具,5212. 330799 其他吹氣玩具
5213,330899,其他乘坐玩具及零附件,5213. 330899 其他乘坐玩具及零附件
5214,331099,其他雜項樂器及零組件,5214. 331099 其他雜項樂器及零組件
5215,331199,其他筆類文具,5215. 331199 其他筆類文具
5216,331299,其他雜項文具,5216. 331299 其他雜項文具
5217,331399,其他鏡類及配件,5217. 331399 其他鏡類及配件
5218,331499,其他非電子醫療器材及用品,5218. 331499 其他非電子醫療器材及用品
5219,331599,其他貴金屬製品,5219. 331599 其他貴金屬製品
5220,331699,其他未列名雜項製品,5220. 331699 其他未列名雜項製品
5221,340001,產業用金屬製品維修及安裝,5221. 340001 產業用金屬製品維修及安裝
5222,340002,電子零組件維修及安裝,5222. 340002 電子零組件維修及安裝
5223,340003,發輸配電機械維修及安裝,5223. 340003 發輸配電機械維修及安裝
5224,340005,切削工具機維修及安裝,5224. 340005 切削工具機維修及安裝
5225,340006,成型工具機維修及安裝,5225. 340006 成型工具機維修及安裝
5226,340007,手工具機維修及安裝,5226. 340007 手工具機維修及安裝
5227,340008,非傳統加工設備維修及安裝,5227. 340008 非傳統加工設備維修及安裝
5228,340010,農藝機械維修及安裝,5228. 340010 農藝機械維修及安裝
5229,340011,林用機械設備維修及安裝,5229. 340011 林用機械設備維修及安裝
5230,340012,礦業機械設備維修及安裝,5230. 340012 礦業機械設備維修及安裝
5231,340013,建築機械設備維修及安裝,5231. 340013 建築機械設備維修及安裝
5232,340014,菸草製作用機械設備維修及安裝,5232. 340014 菸草製作用機械設備維修及安裝
5233,340015,飲料製作用機械設備維修及安裝,5233. 340015 飲料製作用機械設備維修及安裝
5234,340016,食品機械維修及安裝,5234. 340016 食品機械維修及安裝
5235,340017,紡織機械維修及安裝,5235. 340017 紡織機械維修及安裝
5236,340018,成衣生產用機械設備維修及安裝,5236. 340018 成衣生產用機械設備維修及安裝
5237,340019,皮革生產用機械設備維修及安裝,5237. 340019 皮革生產用機械設備維修及安裝
5238,340020,木工機械維修及安裝,5238. 340020 木工機械維修及安裝
5239,340021,造紙機械維修及安裝,5239. 340021 造紙機械維修及安裝
5240,340022,紙張製品生產用機械設備維修及安裝,5240. 340022 紙張製品生產用機械設備維修及安裝
5241,340023,紙漿生產用機械設備維修及安裝,5241. 340023 紙漿生產用機械設備維修及安裝
5242,340024,印刷機械維修及安裝,5242. 340024 印刷機械維修及安裝
5243,340025,化工機械維修及安裝,5243. 340025 化工機械維修及安裝
5244,340026,冶金機械維修及安裝,5244. 340026 冶金機械維修及安裝
5245,340027,製鞋機械設備維修及安裝,5245. 340027 製鞋機械設備維修及安裝
5246,340028,塑膠加工用機械設備維修及安裝,5246. 340028 塑膠加工用機械設備維修及安裝
5247,340029,橡膠加工用機械維修及安裝,5247. 340029 橡膠加工用機械維修及安裝
5248,340030,電子及半導體生產設備維修及安裝,5248. 340030 電子及半導體生產設備維修及安裝
5249,340031,工業用冷凍空調設備維修及安裝,5249. 340031 工業用冷凍空調設備維修及安裝
5250,340032,工業製程控制設備維修及安裝,5250. 340032 工業製程控制設備維修及安裝
5251,340034,鍋爐維修及安裝,5251. 340034 鍋爐維修及安裝
5252,340035,原動機維修及安裝,5252. 340035 原動機維修及安裝
5253,340036,事務機械維修及安裝,5253. 340036 事務機械維修及安裝
5254,340037,污染防治設備維修及安裝,5254. 340037 污染防治設備維修及安裝
5255,340038,壓縮機及泵維修及安裝,5255. 340038 壓縮機及泵維修及安裝
5256,340039,泵、壓縮機、活栓及活閥維修,5256. 340039 泵、壓縮機、活栓及活閥維修
5257,340040,液(氣)壓傳動零組件維修及安裝,5257. 340040 液(氣)壓傳動零組件維修及安裝
5258,340041,軸承、齒輪及動力傳動裝置維修及安裝,5258. 340041 軸承、齒輪及動力傳動裝置維修及安裝
5259,340042,包裝機械維修及安裝,5259. 340042 包裝機械維修及安裝
5260,340043,輸送機械設備維修及安裝,5260. 340043 輸送機械設備維修及安裝
5261,340044,飲用水設備維修及安裝,5261. 340044 飲用水設備維修及安裝
5262,340045,金屬模具維修及安裝,5262. 340045 金屬模具維修及安裝
5263,340047,船舶修理,5263. 340047 船舶修理
5264,340048,航空器維修,5264. 340048 航空器維修
5265,340049,軌道車輛維修,5265. 340049 軌道車輛維修
5266,340051,科學量測器材維修及安裝,5266. 340051 科學量測器材維修及安裝
5267,340052,導航設備維修及安裝,5267. 340052 導航設備維修及安裝
5268,340053,精密儀器維修及安裝,5268. 340053 精密儀器維修及安裝
5269,340054,度量衡儀器維修及安裝,5269. 340054 度量衡儀器維修及安裝
5270,340055,光學儀器及配件維修及安裝,5270. 340055 光學儀器及配件維修及安裝
5271,340056,醫療設備維修及安裝,5271. 340056 醫療設備維修及安裝
5272,340057,電子醫學設備維修及安裝,5272. 340057 電子醫學設備維修及安裝
5273,340058,輻射設備維修及安裝,5273. 340058 輻射設備維修及安裝
5274,340059,金屬壓力容器維修及安裝,5274. 340059 金屬壓力容器維修及安裝
5275,340060,金屬貯槽維修及安裝,5275. 340060 金屬貯槽維修及安裝
5276,340061,自動販賣機維修及安裝,5276. 340061 自動販賣機維修及安裝
5277,340062,保齡球道安裝,5277. 340062 保齡球道安裝
5278,340063,化學製品專用儲存袋修補,5278. 340063 化學製品專用儲存袋修補
5279,340064,漁網修補,5279. 340064 漁網修補
5280,340065,廠房之產業用機械安裝,5280. 340065 廠房之產業用機械安裝
5281,340066,機械設備拆除服務,5281. 340066 機械設備拆除服務
5282,340099,其他電力機械器材及設備維修及安裝,5282. 340099 其他電力機械器材及設備維修及安裝
5283,340199,其他金屬加工用機械維修及安裝,5283. 340199 其他金屬加工用機械維修及安裝
5284,340299,其他專用生產機械維修及安裝,5284. 340299 其他專用生產機械維修及安裝
5285,340399,其他未列名機械維修及安裝,5285. 340399 其他未列名機械維修及安裝
5286,340499,其他運輸工具及零組件維修及安裝,5286. 340499 其他運輸工具及零組件維修及安裝
5287,350001,水力發電,5287. 350001 水力發電
5288,350002,火力發電,5288. 350002 火力發電
5289,350003,核能發電,5289. 350003 核能發電
5290,350004,汽電共生發電,5290. 350004 汽電共生發電
5291,350005,風力發電,5291. 350005 風力發電
5292,350006,太陽光電發電,5292. 350006 太陽光電發電
5293,350007,煤氣,5293. 350007 煤氣
5294,350008,液化石油氣,5294. 350008 液化石油氣
5295,350009,蒸汽,5295. 350009 蒸汽
5296,350010,熱水,5296. 350010 熱水
5297,350011,冰水,5297. 350011 冰水
5298,350012,溫泉,5298. 350012 溫泉
5299,350013,發生爐氣,5299. 350013 發生爐氣
5300,350014,煉焦爐氣,5300. 350014 煉焦爐氣
5301,350015,鼓風爐氣,5301. 350015 鼓風爐氣
5302,350016,精煉油氣,5302. 350016 精煉油氣
5303,350017,高爐氣,5303. 350017 高爐氣
5304,350018,製程氣,5304. 350018 製程氣
5305,350019,廢氣－有機廢氣,5305. 350019 廢氣－有機廢氣
5306,350099,其他電力,5306. 350099 其他電力
5307,350199,廢氣－其他,5307. 350199 廢氣－其他
5308,360001,自來水,5308. 360001 自來水
5309,360002,海水,5309. 360002 海水
5310,360003,海水淡化,5310. 360003 海水淡化
5311,360004,廢水,5311. 360004 廢水
5312,360005,污水,5312. 360005 污水
5313,360006,水肥,5313. 360006 水肥
5314,360007,水蒸氣,5314. 360007 水蒸氣
5315,360008,地下水,5315. 360008 地下水
5316,360009,工業純水,5316. 360009 工業純水
5317,360010,去離子水,5317. 360010 去離子水
5318,360011,地面水,5318. 360011 地面水
5319,360099,其他水類,5319. 360099 其他水類
5320,380001,廢船解體鋼板,5320. 380001 廢船解體鋼板
5321,380002,廢鋼鐵,5321. 380002 廢鋼鐵
5322,380003,鋁廢料及碎屑,5322. 380003 鋁廢料及碎屑
5323,380004,銅廢料及碎屑,5323. 380004 銅廢料及碎屑
5324,380005,鎂合金碎屑,5324. 380005 鎂合金碎屑
5325,380006,鎂合金廢料碎屑,5325. 380006 鎂合金廢料碎屑
5326,380007,鋅廢料及碎屑,5326. 380007 鋅廢料及碎屑
5327,380008,廢棄物－不可燃性,5327. 380008 廢棄物－不可燃性
5328,380009,廢棄物－固體廢棄物特定,5328. 380009 廢棄物－固體廢棄物特定
5329,380010,廢液－無機廢液,5329. 380010 廢液－無機廢液
5330,380012,廢液－液體廢棄物特定,5330. 380012 廢液－液體廢棄物特定
5331,380013,甘蔗渣,5331. 380013 甘蔗渣
5332,380099,其他廢五金,5332. 380099 其他廢五金
5333,380199,廢液－液體廢棄物其他,5333. 380199 廢液－液體廢棄物其他
5334,380299,廢棄物－固體廢棄物其他,5334. 380299 廢棄物－固體廢棄物其他
5335,410001,磚構造,5335. 410001 磚構造
5336,410002,木構造,5336. 410002 木構造
5337,410003,鋼構造,5337. 410003 鋼構造
5338,410004,混凝土構造,5338. 410004 混凝土構造
5339,410005,鋼骨鋼筋混凝土構造,5339. 410005 鋼骨鋼筋混凝土構造
5340,410006,冷軋型鋼構造,5340. 410006 冷軋型鋼構造
5341,410016,防火建材,5341. 410016 防火建材
5342,410099,其他構造,5342. 410099 其他構造
5343,A-0001,使用熱處理法處理有害事業廢棄物所產生之集塵灰,5343. A-0001 使用熱處理法處理有害事業廢棄物所產生之集塵灰
5344,A-0101,以汞電極法製氯之廢水處理污泥,5344. A-0101 以汞電極法製氯之廢水處理污泥
5345,A-0201,製造甲乙基比啶之汽提塔殘留物,5345. A-0201 製造甲乙基比啶之汽提塔殘留物
5346,A-0301,製造苯胺之蒸餾殘留物,5346. A-0301 製造苯胺之蒸餾殘留物
5347,A-0401,製造苯胺之萃取殘留物,5347. A-0401 製造苯胺之萃取殘留物
5348,A-0501,製造硝基苯及苯胺之混合廢液,5348. A-0501 製造硝基苯及苯胺之混合廢液
5349,A-0601,製造氯苯之水洗步驟分流液、蒸餾或分餾塔殘留物,5349. A-0601 製造氯苯之水洗步驟分流液、蒸餾或分餾塔殘留物
5350,A-0701,製造氯苯清洗反應器之廢液,5350. A-0701 製造氯苯清洗反應器之廢液
5351,A-0801,以甲苯硝化製造二硝基甲苯之廢液,5351. A-0801 以甲苯硝化製造二硝基甲苯之廢液
5352,A-0901,以乙烯溴化製造二溴乙烷之滌氣塔廢液,5352. A-0901 以乙烯溴化製造二溴乙烷之滌氣塔廢液
5353,A-1001,以乙烯溴化製造二溴乙烷製程中純化二溴乙烷產生之廢吸收劑,5353. A-1001 以乙烯溴化製造二溴乙烷製程中純化二溴乙烷產生之廢吸收劑
5354,A-1101,以乙烯溴化製造二溴乙烷製程中純化二溴乙烷產生之蒸餾殘渣,5354. A-1101 以乙烯溴化製造二溴乙烷製程中純化二溴乙烷產生之蒸餾殘渣
5355,A-1201,以硝化苯的製程生產硝基苯之蒸餾殘渣,5355. A-1201 以硝化苯的製程生產硝基苯之蒸餾殘渣
5356,A-1301,生產二異氰酸甲苯之離心或蒸餾殘渣,5356. A-1301 生產二異氰酸甲苯之離心或蒸餾殘渣
5357,A-1401,"以碳酸聯胺生產1,1-二甲基聯胺(UDMH)之分離底渣、氣體濃縮底渣及廢過濾器","5357. A-1401 以碳酸聯胺生產1,1-二甲基聯胺(UDMH)之分離底渣、氣體濃縮底渣及廢過濾器"
5358,A-1501,用氫化二甲基甲苯生產二胺甲苯的乾燥柱反應廢液、輕質或重質殘渣,5358. A-1501 用氫化二甲基甲苯生產二胺甲苯的乾燥柱反應廢液、輕質或重質殘渣
5359,A-1601,以二胺甲苯光氣法生產二異氰酸鹽之溶劑回收有機濃縮物,5359. A-1601 以二胺甲苯光氣法生產二異氰酸鹽之溶劑回收有機濃縮物
5360,A-1701,"生產2,4,6-三溴酚之地板清掃物、廢產品和廢過濾物","5360. A-1701 生產2,4,6-三溴酚之地板清掃物、廢產品和廢過濾物"
5361,A-1801,生產α-(或甲基)氯甲苯、環氯甲苯、氯化苯和其官能基之混合物之蒸餾底渣,5361. A-1801 生產α-(或甲基)氯甲苯、環氯甲苯、氯化苯和其官能基之混合物之蒸餾底渣
5362,A-1901,以石墨作為陽極之橫隔製程純化氯所產生之含氯碳氫廢棄物,5362. A-1901 以石墨作為陽極之橫隔製程純化氯所產生之含氯碳氫廢棄物
5363,A-2001,以乙烯製造乙醛之蒸餾殘留物,5363. A-2001 以乙烯製造乙醛之蒸餾殘留物
5364,A-2101,製造丙烯睛中之廢水汽提廢液,5364. A-2101 製造丙烯睛中之廢水汽提廢液
5365,A-2201,製造丙烯睛中之乙睛塔底部廢液,5365. A-2201 製造丙烯睛中之乙睛塔底部廢液
5366,A-2301,製造丙烯睛之乙睛純化塔底殘留物,5366. A-2301 製造丙烯睛之乙睛純化塔底殘留物
5367,A-2401,氯苯蒸餾殘渣,5367. A-2401 氯苯蒸餾殘渣
5368,A-2501,製造四氯化碳之蒸餾殘渣,5368. A-2501 製造四氯化碳之蒸餾殘渣
5369,A-2601,製造環氧氯化丙烷之純化塔底殘留物,5369. A-2601 製造環氧氯化丙烷之純化塔底殘留物
5370,A-2701,製造氯乙烷之分餾塔重餾分,5370. A-2701 製造氯乙烷之分餾塔重餾分
5371,A-2801,製造二氯乙烷之蒸餾重餾分,5371. A-2801 製造二氯乙烷之蒸餾重餾分
5372,A-2901,製造氯乙烯單體之氯乙烯蒸餾重餾分,5372. A-2901 製造氯乙烯單體之氯乙烯蒸餾重餾分
5373,A-3001,製造氯甲烷之水溶性銻觸媒廢棄物,5373. A-3001 製造氯甲烷之水溶性銻觸媒廢棄物
5374,A-3101,以異丙苯製造酚及丙酮之蒸餾殘渣,5374. A-3101 以異丙苯製造酚及丙酮之蒸餾殘渣
5375,A-3201,以鄰二甲苯製造鄰苯二甲酐之蒸餾輕餾分,5375. A-3201 以鄰二甲苯製造鄰苯二甲酐之蒸餾輕餾分
5376,A-3301,以鄰二甲苯製造鄰苯二甲酐之蒸餾殘留物,5376. A-3301 以鄰二甲苯製造鄰苯二甲酐之蒸餾殘留物
5377,A-3401,製造三氯乙烷及過氯乙稀之塔底殘留物,5377. A-3401 製造三氯乙烷及過氯乙稀之塔底殘留物
5378,A-3501,製造氧化銻所產生之集塵灰、底渣及其中間產物廢棄物,5378. A-3501 製造氧化銻所產生之集塵灰、底渣及其中間產物廢棄物
5379,A-3601,以苯硝化製造硝基苯之蒸餾殘留物,5379. A-3601 以苯硝化製造硝基苯之蒸餾殘留物
5380,A-3701,清洗含顏料、乾燥劑、鉻鉛安定劑塗料等配方所用容器內之廢溶劑及污泥、廢鹼及污泥、廢液及污泥,5380. A-3701 清洗含顏料、乾燥劑、鉻鉛安定劑塗料等配方所用容器內之廢溶劑及污泥、廢鹼及污泥、廢液及污泥
5381,A-3801,以砷或有機砷製造農藥之殘留物,5381. A-3801 以砷或有機砷製造農藥之殘留物
5382,A-3901,製造木榴油之廢水處理污泥,5382. A-3901 製造木榴油之廢水處理污泥
5383,A-4001,二硫松製造之甲苯回收蒸餾塔底殘留物,5383. A-4001 二硫松製造之甲苯回收蒸餾塔底殘留物
5384,A-4101,二硫松製造之廢水處理污泥,5384. A-4101 二硫松製造之廢水處理污泥
5385,A-4201,福瑞松製造之清洗及汽提廢液,5385. A-4201 福瑞松製造之清洗及汽提廢液
5386,A-4301,福瑞松製造之二乙基磷酸氫二硫代硫酸過濾之濾餅,5386. A-4301 福瑞松製造之二乙基磷酸氫二硫代硫酸過濾之濾餅
5387,A-4401,福瑞松製造之廢水處理污泥,5387. A-4401 福瑞松製造之廢水處理污泥
5388,A-4501,"2,4-D製造中之2,6-二氯酚廢棄物","5388. A-4501 2,4-D製造中之2,6-二氯酚廢棄物"
5389,A-4601,"2,4-D製造中之未處理廢液","5389. A-4601 2,4-D製造中之未處理廢液"
5390,A-4701,以砷或有機砷化合物生產藥品時蒸餾苯胺化合物產生之蒸餾殘渣或活性碳除色後之殘渣,5390. A-4701 以砷或有機砷化合物生產藥品時蒸餾苯胺化合物產生之蒸餾殘渣或活性碳除色後之殘渣
5391,A-4801,鉛基引爆劑之製造、配方、裝載之廢水處理污泥,5391. A-4801 鉛基引爆劑之製造、配方、裝載之廢水處理污泥
5392,A-4901,製造鉻黃及鉻橙顏料之廢水處理污泥,5392. A-4901 製造鉻黃及鉻橙顏料之廢水處理污泥
5393,A-5001,製造鉬橙顏料之廢水處理污泥,5393. A-5001 製造鉬橙顏料之廢水處理污泥
5394,A-5101,製造鋅黃顏料之廢水處理污泥,5394. A-5101 製造鋅黃顏料之廢水處理污泥
5395,A-5201,製造鉻綠顏料之廢水處理污泥,5395. A-5201 製造鉻綠顏料之廢水處理污泥
5396,A-5301,氧化鉻綠顏料（含水及無水）製造之廢水處理污泥,5396. A-5301 氧化鉻綠顏料（含水及無水）製造之廢水處理污泥
5397,A-5401,鐵藍顏料製造之廢水處理污泥,5397. A-5401 鐵藍顏料製造之廢水處理污泥
5398,A-5501,氧化鉻綠顏料製造之烘箱殘留物,5398. A-5501 氧化鉻綠顏料製造之烘箱殘留物
5399,A-5601,使用含鉻和鉛之色素、乾燥劑、肥皂或安定劑製造墨水時，從清洗缸和設備產生之溶劑、鹼洗污泥或污泥,5399. A-5601 使用含鉻和鉛之色素、乾燥劑、肥皂或安定劑製造墨水時，從清洗缸和設備產生之溶劑、鹼洗污泥或污泥
5400,A-5701,製造比啶所產生之汽提廢棄物,5400. A-5701 製造比啶所產生之汽提廢棄物
5401,A-5801,"製造1,1,1-三氯乙烷之廢觸媒、汽提廢棄物、蒸餾重餾分及重質廢棄物","5401. A-5801 製造1,1,1-三氯乙烷之廢觸媒、汽提廢棄物、蒸餾重餾分及重質廢棄物"
5402,A-5901,石油煉製業之浮除物,5402. A-5901 石油煉製業之浮除物
5403,A-6001,石油煉製業之廢油乳化物,5403. A-6001 石油煉製業之廢油乳化物
5404,A-6101,石油煉製業之熱交換器清洗污泥,5404. A-6101 石油煉製業之熱交換器清洗污泥
5405,A-6201,石油煉製業油水分離設備產生之污泥,5405. A-6201 石油煉製業油水分離設備產生之污泥
5406,A-6301,石油煉製業加鉛之成品油貯存槽之槽底殘留物,5406. A-6301 石油煉製業加鉛之成品油貯存槽之槽底殘留物
5407,A-6401,石油煉製業之原油貯槽之槽底沈降物,5407. A-6401 石油煉製業之原油貯槽之槽底沈降物
5408,A-6501,石油煉製作業之油污槽底泥、過濾或分離之廢棄物,5408. A-6501 石油煉製作業之油污槽底泥、過濾或分離之廢棄物
5409,A-6601,煉焦之氨蒸餾塔污泥,5409. A-6601 煉焦之氨蒸餾塔污泥
5410,A-6701,煉焦之傾析器塔泥或污泥,5410. A-6701 煉焦之傾析器塔泥或污泥
5411,A-6801,回收煤碳焦油或回收輕油或石腦油精之製程殘渣、焦油貯存槽殘留物,5411. A-6801 回收煤碳焦油或回收輕油或石腦油精之製程殘渣、焦油貯存槽殘留物
5412,A-6901,製造鄰苯二甲酐之輕質蒸餾殘留物及蒸餾殘留物,5412. A-6901 製造鄰苯二甲酐之輕質蒸餾殘留物及蒸餾殘留物
5413,A-7001,製造氨基甲酸酯之重餾、底渣、輕餾分、溶解過濾傾析等有機廢棄物,5413. A-7001 製造氨基甲酸酯之重餾、底渣、輕餾分、溶解過濾傾析等有機廢棄物
5414,A-7101,電爐製鋼過程污染控制之集塵灰及污泥,5414. A-7101 電爐製鋼過程污染控制之集塵灰及污泥
5415,A-7201,鋼鐵工業鋼材加工或浸置之廢酸液,5415. A-7201 鋼鐵工業鋼材加工或浸置之廢酸液
5416,A-7301,鐵鉻合金製程之排放控制之集塵灰或污泥,5416. A-7301 鐵鉻合金製程之排放控制之集塵灰或污泥
5417,A-7401,鐵鉻矽合金製造之排放控制之集塵灰或污泥,5417. A-7401 鐵鉻矽合金製造之排放控制之集塵灰或污泥
5418,A-7501,鉛、鎳、汞、鎘、銅二次熔煉之排放控制之集塵灰或污泥,5418. A-7501 鉛、鎳、汞、鎘、銅二次熔煉之排放控制之集塵灰或污泥
5419,A-7601,鉛二次熔煉之排放控制之集塵灰、污泥之酸滲出液,5419. A-7601 鉛二次熔煉之排放控制之集塵灰、污泥之酸滲出液
5420,A-7701,製造初生銅所排放之泥漿濃縮酸廠排放之泥漿或污泥,5420. A-7701 製造初生銅所排放之泥漿濃縮酸廠排放之泥漿或污泥
5421,A-7801,初生鋁還原時用過之缸內襯物質,5421. A-7801 初生鋁還原時用過之缸內襯物質
5422,A-7901,生產聯二硫氨基甲酸及其鹽類於過濾、蒸發和離心等製程之袋式集塵灰和殘留物,5422. A-7901 生產聯二硫氨基甲酸及其鹽類於過濾、蒸發和離心等製程之袋式集塵灰和殘留物
5423,A-8001,以氯化汞觸媒之乙炔製程製造氯乙烯單體之廢水處理污泥,5423. A-8001 以氯化汞觸媒之乙炔製程製造氯乙烯單體之廢水處理污泥
5424,A-8101,含汞廢料回收產生之殘渣或污泥,5424. A-8101 含汞廢料回收產生之殘渣或污泥
5425,A-8201,廢料回收產生之金屬固體殘留物,5425. A-8201 廢料回收產生之金屬固體殘留物
5426,A-8301,廢料回收產生之酸性廢液或污泥,5426. A-8301 廢料回收產生之酸性廢液或污泥
5427,A-8401,廢電線電纜粉碎分選回收產生之集塵灰,5427. A-8401 廢電線電纜粉碎分選回收產生之集塵灰
5428,A-8501,廢料回收產生之廢螢光粉,5428. A-8501 廢料回收產生之廢螢光粉
5429,A-8601,製造氯丹過程中氯化環二烯之過濾殘渣、浮渣及廢水處理污泥,5429. A-8601 製造氯丹過程中氯化環二烯之過濾殘渣、浮渣及廢水處理污泥
5430,A-8701,毒殺芬製造之廢水處理污泥,5430. A-8701 毒殺芬製造之廢水處理污泥
5431,A-8801,電鍍製程之廢水處理污泥，但下述製程所產生者除外：(1)鋁之硫酸電鍍(2)碳鋼鍍錫(3)碳鋼鍍鋁(4)伴隨清洗或汽提之碳鋼鍍錫、鋁(5),5431. A-8801 電鍍製程之廢水處理污泥，但下述製程所產生者除外：(1)鋁之硫酸電鍍(2)碳鋼鍍錫(3)碳鋼鍍鋁(4)伴隨清洗或汽提之碳鋼鍍錫、鋁(5)
5432,A-8901,鋁之化學轉化塗布製程之廢水處理污泥,5432. A-8901 鋁之化學轉化塗布製程之廢水處理污泥
5433,A-9001,電鍍廢棄之氰化物電鍍液,5433. A-9001 電鍍廢棄之氰化物電鍍液
5434,A-9101,使用氰化物之電鍍程序電鍍槽底殘留物,5434. A-9101 使用氰化物之電鍍程序電鍍槽底殘留物
5435,A-9201,使用氰化物之電鍍程序清洗及汽提廢液,5435. A-9201 使用氰化物之電鍍程序清洗及汽提廢液
5436,A-9301,使用氰化物之金屬熱處理油槽之冷卻槽殘留物,5436. A-9301 使用氰化物之金屬熱處理油槽之冷卻槽殘留物
5437,A-9401,金屬熱處理槽鹽浴罐清洗之氰化物廢液,5437. A-9401 金屬熱處理槽鹽浴罐清洗之氰化物廢液
5438,A-9501,使用氰化物之金屬熱處理程序之冷卻廢水處理污泥,5438. A-9501 使用氰化物之金屬熱處理程序之冷卻廢水處理污泥
5439,A-9601,"2,4,5-T製造過程中四氯苯之蒸餾殘渣廢棄物","5439. A-9601 2,4,5-T製造過程中四氯苯之蒸餾殘渣廢棄物"
5440,A-9701,製造乙烯氨基甲酸酯鹽及其鹽類之廢水處理浮渣、濾出液、分離底渣、氣體濃縮底渣、廢過濾器、集塵灰及其殘留物,5440. A-9701 製造乙烯氨基甲酸酯鹽及其鹽類之廢水處理浮渣、濾出液、分離底渣、氣體濃縮底渣、廢過濾器、集塵灰及其殘留物
5441,A-9801,製造溴化甲烷中硫酸乾燥機和反應器產生之廢吸收劑及分離廢水,5441. A-9801 製造溴化甲烷中硫酸乾燥機和反應器產生之廢吸收劑及分離廢水
5442,A-9901,製造動物用藥所產生之含砷或有機砷化合物之廢水處理污泥,5442. A-9901 製造動物用藥所產生之含砷或有機砷化合物之廢水處理污泥
5443,A-9902,以苯胺化合蒸餾製造動物用藥所產生含砷或有機砷化合物之蒸餾殘渣,5443. A-9902 以苯胺化合蒸餾製造動物用藥所產生含砷或有機砷化合物之蒸餾殘渣
5444,A-9903,製造動物用藥所產生之含砷或有機砷化合物之活性碳脫色殘渣,5444. A-9903 製造動物用藥所產生之含砷或有機砷化合物之活性碳脫色殘渣
5445,B-0101,阿特靈＜毒性化學物質第一，三類＞,5445. B-0101 阿特靈＜毒性化學物質第一，三類＞
5446,B-0102,對-胺基聯苯鹽酸鹽＜毒性化學物質第二類＞,5446. B-0102 對-胺基聯苯鹽酸鹽＜毒性化學物質第二類＞
5447,B-0103,a-氰溴甲苯＜毒性化學物質第三類＞,5447. B-0103 a-氰溴甲苯＜毒性化學物質第三類＞
5448,B-0104,四氯丹＜毒性化學物質第二，三類＞,5448. B-0104 四氯丹＜毒性化學物質第二，三類＞
5449,B-0105,可氯丹＜毒性化學物質第一，三類＞,5449. B-0105 可氯丹＜毒性化學物質第一，三類＞
5450,B-0106,克氯苯＜毒性化學物質第一，三類＞,5450. B-0106 克氯苯＜毒性化學物質第一，三類＞
5451,B-0107,二氯甲醚＜毒性化學物質第二，三類＞,5451. B-0107 二氯甲醚＜毒性化學物質第二，三類＞
5452,B-0108,滴滴涕＜毒性化學物質第一，三類＞,5452. B-0108 滴滴涕＜毒性化學物質第一，三類＞
5453,B-0109,地特靈＜毒性化學物質第一，三類＞,5453. B-0109 地特靈＜毒性化學物質第一，三類＞
5454,B-0110,二溴氯丙烷＜毒性化學物質第一，二，三類＞,5454. B-0110 二溴氯丙烷＜毒性化學物質第一，二，三類＞
5455,B-0111,安特靈＜毒性化學物質第一，三類＞,5455. B-0111 安特靈＜毒性化學物質第一，三類＞
5456,B-0112,樂乃松＜毒性化學物質第一類＞,5456. B-0112 樂乃松＜毒性化學物質第一類＞
5457,B-0113,氟＜毒性化學物質第三類＞,5457. B-0113 氟＜毒性化學物質第三類＞
5458,B-0114,氟乙醯胺＜毒性化學物質第三類＞,5458. B-0114 氟乙醯胺＜毒性化學物質第三類＞
5459,B-0115,飛佈達＜毒性化學物質第一，三類＞,5459. B-0115 飛佈達＜毒性化學物質第一，三類＞
5460,B-0116,蟲必死＜毒性化學物質第一，三類＞,5460. B-0116 蟲必死＜毒性化學物質第一，三類＞
5461,B-0117,福賜松＜毒性化學物質第一，三類＞,5461. B-0117 福賜松＜毒性化學物質第一，三類＞
5462,B-0118,護谷＜毒性化學物質第二類＞,5462. B-0118 護谷＜毒性化學物質第二類＞
5463,B-0119,五氯酚＜毒性化學物質第一，三類＞,5463. B-0119 五氯酚＜毒性化學物質第一，三類＞
5464,B-0120,五氯硝苯＜毒性化學物質第一類＞,5464. B-0120 五氯硝苯＜毒性化學物質第一類＞
5465,B-0121,五氯酚鈉＜毒性化學物質第三類＞,5465. B-0121 五氯酚鈉＜毒性化學物質第三類＞
5466,B-0122,毒殺芬＜毒性化學物質第一類＞,5466. B-0122 毒殺芬＜毒性化學物質第一類＞
5467,B-0123,靈丹＜毒性化學物質第一，三類＞,5467. B-0123 靈丹＜毒性化學物質第一，三類＞
5468,B-0124,聯苯胺二氫氟酸鹽＜毒性化學物質第二類＞,5468. B-0124 聯苯胺二氫氟酸鹽＜毒性化學物質第二類＞
5469,B-0125,聯苯胺過氯酸鹽＜毒性化學物質第二類＞,5469. B-0125 聯苯胺過氯酸鹽＜毒性化學物質第二類＞
5470,B-0126,聯苯胺二過氯酸鹽＜毒性化學物質第二類＞,5470. B-0126 聯苯胺二過氯酸鹽＜毒性化學物質第二類＞
5471,B-0127,二氯聯苯胺＜毒性化學物質第一，二類＞,5471. B-0127 二氯聯苯胺＜毒性化學物質第一，二類＞
5472,B-0128,三氯甲苯＜毒性化學物質第一，三類＞,5472. B-0128 三氯甲苯＜毒性化學物質第一，三類＞
5473,B-0129,氯＜毒性化學物質第三類＞,5473. B-0129 氯＜毒性化學物質第三類＞
5474,B-0130,氯甲基甲基醚＜毒性化學物質第一，二，三類＞,5474. B-0130 氯甲基甲基醚＜毒性化學物質第一，二，三類＞
5475,B-0131,二溴乙烷(二溴乙烯) ＜毒性化學物質第一，二類,5475. B-0131 二溴乙烷(二溴乙烯) ＜毒性化學物質第一，二類
5476,B-0132,"4,4’-亞甲雙(2-氯苯胺) ＜毒性化學物質第一，二類＞","5476. B-0132 4,4’-亞甲雙(2-氯苯胺) ＜毒性化學物質第一，二類＞"
5477,B-0133,"1,3-二氯苯＜毒性化學物質第一類＞","5477. B-0133 1,3-二氯苯＜毒性化學物質第一類＞"
5478,B-0134,"1,2,4-三氯苯＜毒性化學物質第一類＞","5478. B-0134 1,2,4-三氯苯＜毒性化學物質第一類＞"
5479,B-0135,環氧氯丙烷＜毒性化學物質第二類＞,5479. B-0135 環氧氯丙烷＜毒性化學物質第二類＞
5480,B-0136,二異氰酸甲苯＜毒性化學物質第三類＞,5480. B-0136 二異氰酸甲苯＜毒性化學物質第三類＞
5481,B-0137,二氯異丙醚＜毒性化學物質第一類＞,5481. B-0137 二氯異丙醚＜毒性化學物質第一類＞
5482,B-0138,六氯奈＜毒性化學物質第一類＞,5482. B-0138 六氯奈＜毒性化學物質第一類＞
5483,B-0139,碘甲烷＜毒性化學物質第一類＞,5483. B-0139 碘甲烷＜毒性化學物質第一類＞
5484,B-0140,a-苯氯乙酮(w-苯氯乙酮) ＜毒性化學物質第一，三類＞,5484. B-0140 a-苯氯乙酮(w-苯氯乙酮) ＜毒性化學物質第一，三類＞
5485,B-0141,二溴甲烷＜毒性化學物質第一類＞,5485. B-0141 二溴甲烷＜毒性化學物質第一類＞
5486,B-0142,三溴甲烷(溴仿) ＜毒性化學物質第一類＞,5486. B-0142 三溴甲烷(溴仿) ＜毒性化學物質第一類＞
5487,B-0143,氯乙烷＜毒性化學物質第一類＞,5487. B-0143 氯乙烷＜毒性化學物質第一類＞
5488,B-0144,鄰-二氯苯＜毒性化學物質第一類＞,5488. B-0144 鄰-二氯苯＜毒性化學物質第一類＞
5489,B-0145,"六氯芬(2,2’-二羥-3,3’, 5,5’,6,6’-六氯二苯甲烷) ＜毒性化學物質第一類＞","5489. B-0145 六氯芬(2,2’-二羥-3,3’, 5,5’,6,6’-六氯二苯甲烷) ＜毒性化學物質第一類＞"
5490,B-0146,八氯奈＜毒性化學物質第一類＞,5490. B-0146 八氯奈＜毒性化學物質第一類＞
5491,B-0147,"三(2,3-二溴丙基)-磷酸酯＜毒性化學物質第二類＞","5491. B-0147 三(2,3-二溴丙基)-磷酸酯＜毒性化學物質第二類＞"
5492,B-0148,溴乙烯＜毒性化學物質第二類＞,5492. B-0148 溴乙烯＜毒性化學物質第二類＞
5493,B-0149,"1,2-二氯丙烷＜毒性化學物質第一類＞","5493. B-0149 1,2-二氯丙烷＜毒性化學物質第一類＞"
5494,B-0150,對-氯-鄰-甲苯胺＜毒性化學物質第二類＞,5494. B-0150 對-氯-鄰-甲苯胺＜毒性化學物質第二類＞
5495,B-0151,二甲基胺甲醯氯＜毒性化學物質第二類＞,5495. B-0151 二甲基胺甲醯氯＜毒性化學物質第二類＞
5496,B-0152,"1,2,3-三氯丙烷＜毒性化學物質第二類＞","5496. B-0152 1,2,3-三氯丙烷＜毒性化學物質第二類＞"
5497,B-0153,三氯化磷＜毒性化學物質第三類＞,5497. B-0153 三氯化磷＜毒性化學物質第三類＞
5498,B-0154,四氯化碳＜毒性化學物質第一類＞,5498. B-0154 四氯化碳＜毒性化學物質第一類＞
5499,B-0155,氯苯＜毒性化學物質第一類＞,5499. B-0155 氯苯＜毒性化學物質第一類＞
5500,B-0156,"六氯-1,3-丁二烯＜毒性化學物質第一類＞","5500. B-0156 六氯-1,3-丁二烯＜毒性化學物質第一類＞"
5501,B-0157,六氯苯＜毒性化學物質第一類＞,5501. B-0157 六氯苯＜毒性化學物質第一類＞
5502,B-0158,六氯乙烷＜毒性化學物質第一類＞,5502. B-0158 六氯乙烷＜毒性化學物質第一類＞
5503,B-0159,四氯乙烯＜毒性化學物質第一，二類＞,5503. B-0159 四氯乙烯＜毒性化學物質第一，二類＞
5504,B-0160,三氯乙烯＜毒性化學物質第一，二類＞,5504. B-0160 三氯乙烯＜毒性化學物質第一，二類＞
5505,B-0161,"2,4,5-三氯酚＜毒性化學物質第一，二類＞","5505. B-0161 2,4,5-三氯酚＜毒性化學物質第一，二類＞"
5506,B-0162,"2,4,6-三氯酚＜毒性化學物質第一，二類＞","5506. B-0162 2,4,6-三氯酚＜毒性化學物質第一，二類＞"
5507,B-0163,氯乙烯＜毒性化學物質第二類＞,5507. B-0163 氯乙烯＜毒性化學物質第二類＞
5508,B-0164,三氯甲烷＜毒性化學物質第一類＞,5508. B-0164 三氯甲烷＜毒性化學物質第一類＞
5509,B-0165,八溴二苯醚＜毒性化學物質第一類＞,5509. B-0165 八溴二苯醚＜毒性化學物質第一類＞
5510,B-0166,五溴二苯醚＜毒性化學物質第一類＞,5510. B-0166 五溴二苯醚＜毒性化學物質第一類＞
5511,B-0167,"2,2,4,4-四溴二苯醚＜毒性化學物質第一類＞","5511. B-0167 2,2,4,4-四溴二苯醚＜毒性化學物質第一類＞"
5512,B-0168,"2,2,4,4,5,5-六溴二苯醚＜毒性化學物質第一類＞","5512. B-0168 2,2,4,4,5,5-六溴二苯醚＜毒性化學物質第一類＞"
5513,B-0169,"2,2,4,4,5,6-六溴二苯醚＜毒性化學物質第一類＞","5513. B-0169 2,2,4,4,5,6-六溴二苯醚＜毒性化學物質第一類＞"
5514,B-0170,"2,2,3,3,4,5,6-七溴二苯醚＜毒性化學物質第一類＞","5514. B-0170 2,2,3,3,4,5,6-七溴二苯醚＜毒性化學物質第一類＞"
5515,B-0171,"2,2,3,4,4,5,6-七溴二苯醚＜毒性化學物質第一類＞","5515. B-0171 2,2,3,4,4,5,6-七溴二苯醚＜毒性化學物質第一類＞"
5516,B-0172,六溴聯苯＜毒性化學物質第一類＞,5516. B-0172 六溴聯苯＜毒性化學物質第一類＞
5517,B-0173,滅蟻樂＜毒性化學物質第一，三類＞,5517. B-0173 滅蟻樂＜毒性化學物質第一，三類＞
5518,B-0174,十氯酮＜毒性化學物質第一，三類＞,5518. B-0174 十氯酮＜毒性化學物質第一，三類＞
5519,B-0175,全氟辛烷磺酸＜毒性化學物質第一，二類＞,5519. B-0175 全氟辛烷磺酸＜毒性化學物質第一，二類＞
5520,B-0176,全氟辛烷磺酸＜毒性化學物質第一，二類＞鋰鹽,5520. B-0176 全氟辛烷磺酸＜毒性化學物質第一，二類＞鋰鹽
5521,B-0177,五氯苯＜毒性化學物質第一，三類＞,5521. B-0177 五氯苯＜毒性化學物質第一，三類＞
5522,B-0178,安殺番(工業級安殺番)＜毒性化學物質第一、三類＞,5522. B-0178 安殺番(工業級安殺番)＜毒性化學物質第一、三類＞
5523,B-0179,a-安殺番＜毒性化學物質第一、三類＞,5523. B-0179 a-安殺番＜毒性化學物質第一、三類＞
5524,B-0180,b-安殺番＜毒性化學物質第一、三類＞,5524. B-0180 b-安殺番＜毒性化學物質第一、三類＞
5525,B-0181,安殺番硫酸鹽＜毒性化學物質第一、三類＞,5525. B-0181 安殺番硫酸鹽＜毒性化學物質第一、三類＞
5526,B-0182,經核准聲明廢棄之三 (2-氯乙基)磷酸酯,5526. B-0182 經核准聲明廢棄之三 (2-氯乙基)磷酸酯
5527,B-0183,經核准聲明廢棄之六溴環十二烷,5527. B-0183 經核准聲明廢棄之六溴環十二烷
5528,B-0184,經核准聲明廢棄之α-六溴環十二烷,5528. B-0184 經核准聲明廢棄之α-六溴環十二烷
5529,B-0185,經核准聲明廢棄之β-六溴環十二烷,5529. B-0185 經核准聲明廢棄之β-六溴環十二烷
5530,B-0186,經核准聲明廢棄之γ-六溴環十二烷,5530. B-0186 經核准聲明廢棄之γ-六溴環十二烷
5531,B-0187,十溴二苯醚,5531. B-0187 十溴二苯醚
5532,B-0188,短鏈氯化石蠟,5532. B-0188 短鏈氯化石蠟
5533,B-0199,其他前述化學物質混合物或廢棄盛裝容器,5533. B-0199 其他前述化學物質混合物或廢棄盛裝容器
5534,B-0201,三氧化二砷＜毒性化學物質第一，二，三類＞,5534. B-0201 三氧化二砷＜毒性化學物質第一，二，三類＞
5535,B-0202,鈹＜毒性化學物質第二類＞,5535. B-0202 鈹＜毒性化學物質第二類＞
5536,B-0203,鎘＜毒性化學物質第二，三類＞,5536. B-0203 鎘＜毒性化學物質第二，三類＞
5537,B-0204,氧化鎘＜毒性化學物質第二，三類＞,5537. B-0204 氧化鎘＜毒性化學物質第二，三類＞
5538,B-0205,碳酸鎘＜毒性化學物質第二，三類＞,5538. B-0205 碳酸鎘＜毒性化學物質第二，三類＞
5539,B-0206,硫化鎘＜毒性化學物質第二，三類＞,5539. B-0206 硫化鎘＜毒性化學物質第二，三類＞
5540,B-0207,硫酸鎘＜毒性化學物質第二，三類＞,5540. B-0207 硫酸鎘＜毒性化學物質第二，三類＞
5541,B-0208,硝酸鎘＜毒性化學物質第二，三類＞,5541. B-0208 硝酸鎘＜毒性化學物質第二，三類＞
5542,B-0209,氯化鎘＜毒性化學物質第二，三類＞,5542. B-0209 氯化鎘＜毒性化學物質第二，三類＞
5543,B-0210,氰化銅＜毒性化學物質第三類＞,5543. B-0210 氰化銅＜毒性化學物質第三類＞
5544,B-0211,氰化鎘＜毒性化學物質第三類＞,5544. B-0211 氰化鎘＜毒性化學物質第三類＞
5545,B-0212,氰化銅鈉＜毒性化學物質第三類＞,5545. B-0212 氰化銅鈉＜毒性化學物質第三類＞
5546,B-0213,甲基汞＜毒性化學物質第一類＞,5546. B-0213 甲基汞＜毒性化學物質第一類＞
5547,B-0214,氰化鉀＜毒性化學物質第三類＞,5547. B-0214 氰化鉀＜毒性化學物質第三類＞
5548,B-0215,氰化銀＜毒性化學物質第三類＞,5548. B-0215 氰化銀＜毒性化學物質第三類＞
5549,B-0216,氰化鈉＜毒性化學物質第三類＞,5549. B-0216 氰化鈉＜毒性化學物質第三類＞
5550,B-0217,氰化鋅＜毒性化學物質第三類＞,5550. B-0217 氰化鋅＜毒性化學物質第三類＞
5551,B-0218,氰化亞銅＜毒性化學物質第三類＞,5551. B-0218 氰化亞銅＜毒性化學物質第三類＞
5552,B-0219,氰化鉀銅＜毒性化學物質第三類＞,5552. B-0219 氰化鉀銅＜毒性化學物質第三類＞
5553,B-0220,汞＜毒性化學物質第一類＞,5553. B-0220 汞＜毒性化學物質第一類＞
5554,B-0221,三氧化鉻(鉻酸) ＜毒性化學物質第二類＞,5554. B-0221 三氧化鉻(鉻酸) ＜毒性化學物質第二類＞
5555,B-0222,重鉻酸鉀＜毒性化學物質第二類＞,5555. B-0222 重鉻酸鉀＜毒性化學物質第二類＞
5556,B-0223,重鉻酸鈉＜毒性化學物質第二類＞,5556. B-0223 重鉻酸鈉＜毒性化學物質第二類＞
5557,B-0224,重鉻酸銨＜毒性化學物質第二類＞,5557. B-0224 重鉻酸銨＜毒性化學物質第二類＞
5558,B-0225,重鉻酸鈣＜毒性化學物質第二類＞,5558. B-0225 重鉻酸鈣＜毒性化學物質第二類＞
5559,B-0226,重鉻酸銅＜毒性化學物質第二類＞,5559. B-0226 重鉻酸銅＜毒性化學物質第二類＞
5560,B-0227,重鉻酸鋰＜毒性化學物質第二類＞,5560. B-0227 重鉻酸鋰＜毒性化學物質第二類＞
5561,B-0228,重鉻酸汞＜毒性化學物質第二類＞,5561. B-0228 重鉻酸汞＜毒性化學物質第二類＞
5562,B-0229,重鉻酸鋅＜毒性化學物質第二類＞,5562. B-0229 重鉻酸鋅＜毒性化學物質第二類＞
5563,B-0230,鉻酸銨＜毒性化學物質第二類＞,5563. B-0230 鉻酸銨＜毒性化學物質第二類＞
5564,B-0231,鉻酸鋇＜毒性化學物質第二類＞,5564. B-0231 鉻酸鋇＜毒性化學物質第二類＞
5565,B-0232,鉻酸鈣＜毒性化學物質第二類＞,5565. B-0232 鉻酸鈣＜毒性化學物質第二類＞
5566,B-0233,鉻酸銅＜毒性化學物質第二類＞,5566. B-0233 鉻酸銅＜毒性化學物質第二類＞
5567,B-0234,鉻酸鐵＜毒性化學物質第二類＞,5567. B-0234 鉻酸鐵＜毒性化學物質第二類＞
5568,B-0235,鉻酸鉛＜毒性化學物質第二類＞,5568. B-0235 鉻酸鉛＜毒性化學物質第二類＞
5569,B-0236,鉻酸氧鉛＜毒性化學物質第二類＞,5569. B-0236 鉻酸氧鉛＜毒性化學物質第二類＞
5570,B-0237,鉻酸鋰＜毒性化學物質第二類＞,5570. B-0237 鉻酸鋰＜毒性化學物質第二類＞
5571,B-0238,鉻酸鉀＜毒性化學物質第二類＞,5571. B-0238 鉻酸鉀＜毒性化學物質第二類＞
5572,B-0239,鉻酸銀＜毒性化學物質第二類＞,5572. B-0239 鉻酸銀＜毒性化學物質第二類＞
5573,B-0240,鉻酸鈉＜毒性化學物質第二類＞,5573. B-0240 鉻酸鈉＜毒性化學物質第二類＞
5574,B-0241,鉻酸錫＜毒性化學物質第二類＞,5574. B-0241 鉻酸錫＜毒性化學物質第二類＞
5575,B-0242,鉻酸鍶＜毒性化學物質第二類＞,5575. B-0242 鉻酸鍶＜毒性化學物質第二類＞
5576,B-0243,鉻酸鋅（鉻酸鋅氫氧化合物）＜毒性化學物質第二類＞,5576. B-0243 鉻酸鋅（鉻酸鋅氫氧化合物）＜毒性化學物質第二類＞
5577,B-0244,六羰化鉻＜毒性化學物質第二類＞,5577. B-0244 六羰化鉻＜毒性化學物質第二類＞
5578,B-0245,次硫化鎳＜毒性化學物質第二類,5578. B-0245 次硫化鎳＜毒性化學物質第二類
5579,B-0246,鉻化砷酸銅＜毒性化學物質第二類＞,5579. B-0246 鉻化砷酸銅＜毒性化學物質第二類＞
5580,B-0247,經核准聲明廢棄之五氧化二砷,5580. B-0247 經核准聲明廢棄之五氧化二砷
5581,B-0248,經核准聲明廢棄之鉬鉻紅,5581. B-0248 經核准聲明廢棄之鉬鉻紅
5582,B-0249,經核准聲明廢棄之硫鉻酸鉛,5582. B-0249 經核准聲明廢棄之硫鉻酸鉛
5583,B-0299,其他前述化學物質混合物或廢棄盛裝容器,5583. B-0299 其他前述化學物質混合物或廢棄盛裝容器
5584,B-0301,丙烯醛＜毒性化學物質第三類＞,5584. B-0301 丙烯醛＜毒性化學物質第三類＞
5585,B-0302,丙烯醇＜毒性化學物質第三類＞,5585. B-0302 丙烯醇＜毒性化學物質第三類＞
5586,B-0303,對一胺基聯苯＜毒性化學物質第二類＞,5586. B-0303 對一胺基聯苯＜毒性化學物質第二類＞
5587,B-0304,蓋普丹＜毒性化學物質第一，三類＞,5587. B-0304 蓋普丹＜毒性化學物質第一，三類＞
5588,B-0305,二硫化碳＜毒性化學物質第一類＞,5588. B-0305 二硫化碳＜毒性化學物質第一類＞
5589,B-0306,氰乃淨＜毒性化學物質第二類＞,5589. B-0306 氰乃淨＜毒性化學物質第二類＞
5590,B-0307,錫璊丹＜毒性化學物質第三類＞,5590. B-0307 錫璊丹＜毒性化學物質第三類＞
5591,B-0308,亞拉生長素＜毒性化學物質第一類＞,5591. B-0308 亞拉生長素＜毒性化學物質第一類＞
5592,B-0309,"4,6-二硝基-鄰-甲酚＜毒性化學物質第三類＞","5592. B-0309 4,6-二硝基-鄰-甲酚＜毒性化學物質第三類＞"
5593,B-0310,"2,4-二硝基酚＜毒性化學物質第一，三類＞","5593. B-0310 2,4-二硝基酚＜毒性化學物質第一，三類＞"
5594,B-0311,"2-(1-甲基丙基)-4,6-二硝基酚(達諾殺)＜毒性化學物質第一，三類＞","5594. B-0311 2-(1-甲基丙基)-4,6-二硝基酚(達諾殺)＜毒性化學物質第一，三類＞"
5595,B-0312,福爾培＜毒性化學物質第三類＞,5595. B-0312 福爾培＜毒性化學物質第三類＞
5596,B-0313,氰化氫＜毒性化學物質第三類＞,5596. B-0313 氰化氫＜毒性化學物質第三類＞
5597,B-0314,甲基聯胺＜毒性化學物質第三類＞,5597. B-0314 甲基聯胺＜毒性化學物質第三類＞
5598,B-0315,異氰酸甲脂＜毒性化學物質第三類＞,5598. B-0315 異氰酸甲脂＜毒性化學物質第三類＞
5599,B-0316,2-奈胺＜毒性化學物質第一，二類＞,5599. B-0316 2-奈胺＜毒性化學物質第一，二類＞
5600,B-0317,2-奈胺醋酸鹽＜毒性化學物質第一，二類＞,5600. B-0317 2-奈胺醋酸鹽＜毒性化學物質第一，二類＞
5601,B-0318,2-奈胺鹽酸鹽＜毒性化學物質第一，　二類＞,5601. B-0318 2-奈胺鹽酸鹽＜毒性化學物質第一，　二類＞
5602,B-0319,對硝基聯苯＜毒性化學物質第一，二類＞,5602. B-0319 對硝基聯苯＜毒性化學物質第一，二類＞
5603,B-0320,N-亞硝二甲胺(二甲亞硝胺)＜毒性化學物質第二類＞,5603. B-0320 N-亞硝二甲胺(二甲亞硝胺)＜毒性化學物質第二類＞
5604,B-0321,光氣＜毒性化學物質第一，三類＞,5604. B-0321 光氣＜毒性化學物質第一，三類＞
5605,B-0322,聯苯胺＜毒性化學物質第二類＞,5605. B-0322 聯苯胺＜毒性化學物質第二類＞
5606,B-0323,聯苯胺醋酸鹽＜毒性化學物質第二類＞,5606. B-0323 聯苯胺醋酸鹽＜毒性化學物質第二類＞
5607,B-0324,聯苯胺硫酸鹽＜毒性化學物質第二類＞,5607. B-0324 聯苯胺硫酸鹽＜毒性化學物質第二類＞
5608,B-0325,聯苯胺二鹽酸鹽＜毒性化學物質第二類＞,5608. B-0325 聯苯胺二鹽酸鹽＜毒性化學物質第二類＞
5609,B-0326,苯胺＜毒性化學物質第三類＞,5609. B-0326 苯胺＜毒性化學物質第三類＞
5610,B-0327,鄰-甲苯胺＜毒性化學物質第一類＞,5610. B-0327 鄰-甲苯胺＜毒性化學物質第一類＞
5611,B-0328,間-甲苯胺＜毒性化學物質第一類＞,5611. B-0328 間-甲苯胺＜毒性化學物質第一類＞
5612,B-0329,對-甲苯胺＜毒性化學物質第一類＞,5612. B-0329 對-甲苯胺＜毒性化學物質第一類＞
5613,B-0330,1-奈胺＜毒性化學物質第一類＞,5613. B-0330 1-奈胺＜毒性化學物質第一類＞
5614,B-0331,二甲氧基聯苯胺＜毒性化學物質第一類＞,5614. B-0331 二甲氧基聯苯胺＜毒性化學物質第一類＞
5615,B-0332,鄰-二甲基聯苯胺＜毒性化學物質第一類＞,5615. B-0332 鄰-二甲基聯苯胺＜毒性化學物質第一類＞
5616,B-0333,丙烯醯胺＜毒性化學物質第二，三類＞,5616. B-0333 丙烯醯胺＜毒性化學物質第二，三類＞
5617,B-0334,丙烯睛＜毒性化學物質第一，二類＞,5617. B-0334 丙烯睛＜毒性化學物質第一，二類＞
5618,B-0335,環氧乙烷＜毒性化學物質第一，二類＞,5618. B-0335 環氧乙烷＜毒性化學物質第一，二類＞
5619,B-0336,"1,3-丁二烯＜毒性化學物質第二類","5619. B-0336 1,3-丁二烯＜毒性化學物質第二類"
5620,B-0337,甲醛＜毒性化學物質第二，三類＞,5620. B-0337 甲醛＜毒性化學物質第二，三類＞
5621,B-0338,乙二醇乙醚＜毒性化學物質第二類＞,5621. B-0338 乙二醇乙醚＜毒性化學物質第二類＞
5622,B-0339,乙二醇甲醚＜毒性化學物質第二類＞,5622. B-0339 乙二醇甲醚＜毒性化學物質第二類＞
5623,B-0340,鄰苯二甲酐＜毒性化學物質第三類＞,5623. B-0340 鄰苯二甲酐＜毒性化學物質第三類＞
5624,B-0341,"2,4-二異氰酸甲苯＜毒性化學物質第三類＞","5624. B-0341 2,4-二異氰酸甲苯＜毒性化學物質第三類＞"
5625,B-0342,硫酸二甲酯＜毒性化學物質第二，三類＞,5625. B-0342 硫酸二甲酯＜毒性化學物質第二，三類＞
5626,B-0343,次乙亞胺＜毒性化學物質第二，三類＞,5626. B-0343 次乙亞胺＜毒性化學物質第二，三類＞
5627,B-0344,二苯駢夫喃＜毒性化學物質第一類＞,5627. B-0344 二苯駢夫喃＜毒性化學物質第一類＞
5628,B-0345,"1,4-二氧陸圜＜毒性化學物質第一類＞","5628. B-0345 1,4-二氧陸圜＜毒性化學物質第一類＞"
5629,B-0346,b-丙內酯＜毒性化學物質第一類,5629. B-0346 b-丙內酯＜毒性化學物質第一類
5630,B-0347,二甲基甲醯胺＜毒性化學物質第二類＞,5630. B-0347 二甲基甲醯胺＜毒性化學物質第二類＞
5631,B-0348,四羰化鎳＜毒性化學物質第二類＞,5631. B-0348 四羰化鎳＜毒性化學物質第二類＞
5632,B-0349,"1,2-二苯基聯胺＜毒性化學物質第三類＞","5632. B-0349 1,2-二苯基聯胺＜毒性化學物質第三類＞"
5633,B-0350,蔥＜毒性化學物質第一類＞,5633. B-0350 蔥＜毒性化學物質第一類＞
5634,B-0351,硝苯＜毒性化學物質第一類＞,5634. B-0351 硝苯＜毒性化學物質第一類＞
5635,B-0352,硫酸乙酯(硫酸二乙酯)＜毒性化學物質第二類＞,5635. B-0352 硫酸乙酯(硫酸二乙酯)＜毒性化學物質第二類＞
5636,B-0353,六甲基磷酸三胺＜毒性化學物質第二類＞,5636. B-0353 六甲基磷酸三胺＜毒性化學物質第二類＞
5637,B-0354,N-亞硝-正-甲月尿＜毒性化學物質第二類＞,5637. B-0354 N-亞硝-正-甲月尿＜毒性化學物質第二類＞
5638,B-0355,N-亞硝二乙胺(二乙亞硝胺) ＜毒性化學物質第二類＞,5638. B-0355 N-亞硝二乙胺(二乙亞硝胺) ＜毒性化學物質第二類＞
5639,B-0356,炔丙醇(2-丙炔-1-醇) ＜毒性化學物質第三類＞,5639. B-0356 炔丙醇(2-丙炔-1-醇) ＜毒性化學物質第三類＞
5640,B-0357,丙烯亞胺＜毒性化學物質第三類＞,5640. B-0357 丙烯亞胺＜毒性化學物質第三類＞
5641,B-0358,氧化三丁錫＜毒性化學物質第一類＞,5641. B-0358 氧化三丁錫＜毒性化學物質第一類＞
5642,B-0359,氫氧化三苯錫＜毒性化學物質第一類＞,5642. B-0359 氫氧化三苯錫＜毒性化學物質第一類＞
5643,B-0360,氧化苯乙烯＜毒性化學物質第二類,5643. B-0360 氧化苯乙烯＜毒性化學物質第二類
5644,B-0361,磷化氫＜毒性化學物質第三類＞,5644. B-0361 磷化氫＜毒性化學物質第三類＞
5645,B-0362,胺基硫尿＜毒性化學物質第三類＞,5645. B-0362 胺基硫尿＜毒性化學物質第三類＞
5646,B-0363,苯＜毒性化學物質第一，二類＞,5646. B-0363 苯＜毒性化學物質第一，二類＞
5647,B-0364,比啶＜毒性化學物質第一類＞,5647. B-0364 比啶＜毒性化學物質第一類＞
5648,B-0365,鄰苯二甲酸二辛酯＜毒性化學物質第一類＞,5648. B-0365 鄰苯二甲酸二辛酯＜毒性化學物質第一類＞
5649,B-0366,壬基酚＜毒性化學物質第一類＞,5649. B-0366 壬基酚＜毒性化學物質第一類＞
5650,B-0367,壬基酚聚乙氧基醇＜毒性化學物質第一類＞,5650. B-0367 壬基酚聚乙氧基醇＜毒性化學物質第一類＞
5651,B-0368,鄰苯二甲酸二(2-乙基己基)酯＜毒性化學物質第四類＞,5651. B-0368 鄰苯二甲酸二(2-乙基己基)酯＜毒性化學物質第四類＞
5652,B-0369,鄰苯二甲酸二丁酯＜毒性化學物質第四類＞,5652. B-0369 鄰苯二甲酸二丁酯＜毒性化學物質第四類＞
5653,B-0370,鄰苯二甲酸丁基苯甲酯＜毒性化學物質第一類＞,5653. B-0370 鄰苯二甲酸丁基苯甲酯＜毒性化學物質第一類＞
5654,B-0371,鄰苯二甲酸二異壬酯＜毒性化學物質第一類＞,5654. B-0371 鄰苯二甲酸二異壬酯＜毒性化學物質第一類＞
5655,B-0372,鄰苯二甲酸二異癸酯＜毒性化學物質第一類＞,5655. B-0372 鄰苯二甲酸二異癸酯＜毒性化學物質第一類＞
5656,B-0373,鄰苯二甲酸二乙酯＜毒性化學物質第一類＞,5656. B-0373 鄰苯二甲酸二乙酯＜毒性化學物質第一類＞
5657,B-0374,鄰苯二甲酸二甲酯＜毒性化學物質第一類＞,5657. B-0374 鄰苯二甲酸二甲酯＜毒性化學物質第一類＞
5658,B-0375,甲醯胺＜毒性化學物質第一、二類＞,5658. B-0375 甲醯胺＜毒性化學物質第一、二類＞
5659,B-0376,經核准聲明廢棄之鄰苯二甲酸二異丁酯,5659. B-0376 經核准聲明廢棄之鄰苯二甲酸二異丁酯
5660,B-0399,其他前述化學物質混合物或廢棄盛裝容器,5660. B-0399 其他前述化學物質混合物或廢棄盛裝容器
5661,C-0101,汞及其化合物(總汞),5661. C-0101 汞及其化合物(總汞)
5662,C-0102,鉛及其化合物(總鉛),5662. C-0102 鉛及其化合物(總鉛)
5663,C-0103,鎘及其化合物(總鎘),5663. C-0103 鎘及其化合物(總鎘)
5664,C-0104,鉻及其化合物(總鉻)(不包含製造或使用動物皮革程序所產生之廢皮粉、皮屑及皮塊),5664. C-0104 鉻及其化合物(總鉻)(不包含製造或使用動物皮革程序所產生之廢皮粉、皮屑及皮塊)
5665,C-0105,六價鉻化合物,5665. C-0105 六價鉻化合物
5666,C-0106,砷及其化合物(總砷),5666. C-0106 砷及其化合物(總砷)
5667,C-0107,銀及其化合物(總銀) (僅限攝影沖洗及照相製版之廢顯影液),5667. C-0107 銀及其化合物(總銀) (僅限攝影沖洗及照相製版之廢顯影液)
5668,C-0108,銀及其化合物(總銀) (僅限攝影沖洗及照相製版廢顯影液以外廢液),5668. C-0108 銀及其化合物(總銀) (僅限攝影沖洗及照相製版廢顯影液以外廢液)
5669,C-0109,硒及其化合物(總硒),5669. C-0109 硒及其化合物(總硒)
5670,C-0110,銅及其化合物(總銅)(僅限廢觸媒、集塵灰、廢液、污泥、濾材、焚化飛灰或底渣),5670. C-0110 銅及其化合物(總銅)(僅限廢觸媒、集塵灰、廢液、污泥、濾材、焚化飛灰或底渣)
5671,C-0111,鋇及其化合物(總鋇),5671. C-0111 鋇及其化合物(總鋇)
5672,C-0119,其他含有毒重金屬且超過溶出標準之混合廢棄物,5672. C-0119 其他含有毒重金屬且超過溶出標準之混合廢棄物
5673,C-0120,"2,3,7,8-氯化戴奧辛及夫喃同源物","5673. C-0120 2,3,7,8-氯化戴奧辛及夫喃同源物"
5674,C-0121,有機氯劑農藥,5674. C-0121 有機氯劑農藥
5675,C-0122,四氯化碳(廢棄物),5675. C-0122 四氯化碳(廢棄物)
5676,C-0123,氯苯(廢棄物),5676. C-0123 氯苯(廢棄物)
5677,C-0124,氯仿,5677. C-0124 氯仿
5678,C-0125,"1,4-二氯苯","5678. C-0125 1,4-二氯苯"
5679,C-0126,"1,2-二氯乙烷(廢棄物)","5679. C-0126 1,2-二氯乙烷(廢棄物)"
5680,C-0127,1.1-二氯乙烯,5680. C-0127 1.1-二氯乙烯
5681,C-0128,"六氯-1,3-丁二烯","5681. C-0128 六氯-1,3-丁二烯"
5682,C-0129,六氯苯(廢棄物),5682. C-0129 六氯苯(廢棄物)
5683,C-0130,六氯乙烷(廢棄物),5683. C-0130 六氯乙烷(廢棄物)
5684,C-0131,五氯酚,5684. C-0131 五氯酚
5685,C-0132,四氯乙烯(廢棄物),5685. C-0132 四氯乙烯(廢棄物)
5686,C-0133,三氯乙烯(廢棄物),5686. C-0133 三氯乙烯(廢棄物)
5687,C-0134,"2,4,5-三氯酚","5687. C-0134 2,4,5-三氯酚"
5688,C-0135,"2,4,6-三氯酚","5688. C-0135 2,4,6-三氯酚"
5689,C-0136,氯乙烯(廢棄物),5689. C-0136 氯乙烯(廢棄物)
5690,C-0137,"2,4-二氯苯氧乙酸","5690. C-0137 2,4-二氯苯氧乙酸"
5691,C-0138,"2-(2,4,5三氯酚丙酸)","5691. C-0138 2-(2,4,5三氯酚丙酸)"
5692,C-0149,其他含有機氯污染物且超過溶出標準之混合廢棄物,5692. C-0149 其他含有機氯污染物且超過溶出標準之混合廢棄物
5693,C-0150,有機磷劑農藥,5693. C-0150 有機磷劑農藥
5694,C-0151,氨基甲酸鹽農藥,5694. C-0151 氨基甲酸鹽農藥
5695,C-0152,苯(廢棄物),5695. C-0152 苯(廢棄物)
5696,C-0156,丁酮(廢棄物),5696. C-0156 丁酮(廢棄物)
5697,C-0157,比啶,5697. C-0157 比啶
5698,C-0158,"2,4-二硝基甲苯","5698. C-0158 2,4-二硝基甲苯"
5699,C-0159,總甲酚,5699. C-0159 總甲酚
5700,C-0160,硝基苯(廢棄物),5700. C-0160 硝基苯(廢棄物)
5701,C-0169,有機化合物且超過溶出標準之混合廢棄物,5701. C-0169 有機化合物且超過溶出標準之混合廢棄物
5702,C-0170,鉛蓄電池(非屬公告應回收廢棄物者),5702. C-0170 鉛蓄電池(非屬公告應回收廢棄物者)
5703,C-0171,含鎘電池,5703. C-0171 含鎘電池
5704,C-0172,含汞之廢照明光源（燈管、燈泡）(非屬公告應回收廢棄物者)，且乾基每公斤汞濃度低於二百六十毫克者,5704. C-0172 含汞之廢照明光源（燈管、燈泡）(非屬公告應回收廢棄物者)，且乾基每公斤汞濃度低於二百六十毫克者
5705,C-0173,含汞之廢照明光源（燈管、燈泡）(非屬公告應回收廢棄物者) ，且乾基每公斤汞濃度達二百六十毫克以上者,5705. C-0173 含汞之廢照明光源（燈管、燈泡）(非屬公告應回收廢棄物者) ，且乾基每公斤汞濃度達二百六十毫克以上者
5706,C-0199,其他經中央主管機關公告之物質及溶出試驗標準,5706. C-0199 其他經中央主管機關公告之物質及溶出試驗標準
5707,C-0201,廢液pH值大(等)於12.5,5707. C-0201 廢液pH值大(等)於12.5
5708,C-0202,廢液pH值小(等)於2.0,5708. C-0202 廢液pH值小(等)於2.0
5709,C-0203,廢液在55℃時對鋼(S20C)之腐蝕速率每超過6.35毫米/年者,5709. C-0203 廢液在55℃時對鋼(S20C)之腐蝕速率每超過6.35毫米/年者
5710,C-0204,固體廢棄物之溶液pH值大(等)於12.5,5710. C-0204 固體廢棄物之溶液pH值大(等)於12.5
5711,C-0205,固體廢棄物之溶液pH值小於或等於2.0,5711. C-0205 固體廢棄物之溶液pH值小於或等於2.0
5712,C-0206,固體廢棄物之溶液在55℃時對鋼(S20C)之腐蝕速率每超過6.35毫米/年者,5712. C-0206 固體廢棄物之溶液在55℃時對鋼(S20C)之腐蝕速率每超過6.35毫米/年者
5713,C-0299,其他腐蝕性事業廢棄物混合物,5713. C-0299 其他腐蝕性事業廢棄物混合物
5714,C-0301,廢液閃火點小於60℃（不包含乙醇體積濃度小於24%之酒類廢棄物）,5714. C-0301 廢液閃火點小於60℃（不包含乙醇體積濃度小於24%之酒類廢棄物）
5715,C-0302,固體廢棄物於常溫常壓可因摩擦、吸水或自發性化學反應而起火燃燒引起危害者,5715. C-0302 固體廢棄物於常溫常壓可因摩擦、吸水或自發性化學反應而起火燃燒引起危害者
5716,C-0303,可直接釋出氧，激發物質燃燒之廢強氧化劑,5716. C-0303 可直接釋出氧，激發物質燃燒之廢強氧化劑
5717,C-0399,其他易燃性事業廢棄物混合物,5717. C-0399 其他易燃性事業廢棄物混合物
5718,C-0401,常溫常壓下易產生爆炸者,5718. C-0401 常溫常壓下易產生爆炸者
5719,C-0402,含氰化物其pH值於2.0～12.5間會產生250 mg HCN/kg以上之有毒氣體者,5719. C-0402 含氰化物其pH值於2.0～12.5間會產生250 mg HCN/kg以上之有毒氣體者
5720,C-0403,硫化物pH值於2.0~12.5間會產生500 mg H2S/kg以上之有毒氣體者,5720. C-0403 硫化物pH值於2.0~12.5間會產生500 mg H2S/kg以上之有毒氣體者
5721,C-0404,與水混合會產生劇烈反應或爆炸之物質或其混合物(C-0401~C-0403、C-0405除外),5721. C-0404 與水混合會產生劇烈反應或爆炸之物質或其混合物(C-0401~C-0403、C-0405除外)
5722,C-0405,硝化甘油廢棄物,5722. C-0405 硝化甘油廢棄物
5723,C-0499,其他反應性事業廢棄物混合物,5723. C-0499 其他反應性事業廢棄物混合物
5724,C-0501,廢棄之微生物培養物、菌株及相關生物製品,5724. C-0501 廢棄之微生物培養物、菌株及相關生物製品
5725,C-0502,病理廢棄物,5725. C-0502 病理廢棄物
5726,C-0503,血液廢棄物,5726. C-0503 血液廢棄物
5727,C-0504,廢尖銳器具,5727. C-0504 廢尖銳器具
5728,C-0505,受污染動物屍體、殘肢及墊料,5728. C-0505 受污染動物屍體、殘肢及墊料
5729,C-0506,手術或驗屍廢棄物,5729. C-0506 手術或驗屍廢棄物
5730,C-0507,實驗室廢棄物,5730. C-0507 實驗室廢棄物
5731,C-0508,透析廢棄物,5731. C-0508 透析廢棄物
5732,C-0509,隔離廢棄物,5732. C-0509 隔離廢棄物
5733,C-0510,其他經中央主管機關會商中央目的事業主管機關認定對人體或環境具危害性，並經公告者,5733. C-0510 其他經中央主管機關會商中央目的事業主管機關認定對人體或環境具危害性，並經公告者
5734,C-0511,受血液及體液污染廢棄物,5734. C-0511 受血液及體液污染廢棄物
5735,C-0512,基因毒性廢棄物,5735. C-0512 基因毒性廢棄物
5736,C-0513,感染性廢棄物（病理、血液、受污染動物屍體、殘肢及墊料類）,5736. C-0513 感染性廢棄物（病理、血液、受污染動物屍體、殘肢及墊料類）
5737,C-0514,感染性廢棄物（遭污染物品或器具類）,5737. C-0514 感染性廢棄物（遭污染物品或器具類）
5738,C-0599,感染性廢棄物混合物,5738. C-0599 感染性廢棄物混合物
5739,C-0701,石綿及其製品廢棄物（其定義須依照有害事業廢棄物認定標準）,5739. C-0701 石綿及其製品廢棄物（其定義須依照有害事業廢棄物認定標準）
5740,C-0801,含多氯聯苯之廢電容器其重量在百萬分之五十以上,5740. C-0801 含多氯聯苯之廢電容器其重量在百萬分之五十以上
5741,C-0802,含多氯聯苯之廢變壓器其重量在百萬分之五十以上,5741. C-0802 含多氯聯苯之廢變壓器其重量在百萬分之五十以上
5742,C-0803,含多氯聯苯之廢油其重量在百萬分之五十以上,5742. C-0803 含多氯聯苯之廢油其重量在百萬分之五十以上
5743,C-0899,其他含多氯聯苯之廢棄物其重量在百萬分之五十以上之廢棄物,5743. C-0899 其他含多氯聯苯之廢棄物其重量在百萬分之五十以上之廢棄物
5744,C-9999,其他有害特性認定之廢棄物,5744. C-9999 其他有害特性認定之廢棄物
5745,D-0101,動物性廢渣,5745. D-0101 動物性廢渣
5746,D-0102,植物性廢渣,5746. D-0102 植物性廢渣
5747,D-0103,動物屍體,5747. D-0103 動物屍體
5748,D-0104,水肥或糞尿等廢棄物,5748. D-0104 水肥或糞尿等廢棄物
5749,D-0199,動植物性殘渣混合物,5749. D-0199 動植物性殘渣混合物
5750,D-0201,廢離子交換樹脂,5750. D-0201 廢離子交換樹脂
5751,D-0202,廢樹脂（D-0201除外）,5751. D-0202 廢樹脂（D-0201除外）
5752,D-0299,廢塑膠混合物,5752. D-0299 廢塑膠混合物
5753,D-0399,廢橡膠混合物,5753. D-0399 廢橡膠混合物
5754,D-0401,廢石膏,5754. D-0401 廢石膏
5755,D-0402,廢玻璃棉,5755. D-0402 廢玻璃棉
5756,D-0403,廢保溫材料,5756. D-0403 廢保溫材料
5757,D-0406,廢液晶(含)玻璃,5757. D-0406 廢液晶(含)玻璃
5758,D-0407,廢液晶面板,5758. D-0407 廢液晶面板
5759,D-0499,其他廢玻璃、陶瓷、磚、瓦及黏土等混合物,5759. D-0499 其他廢玻璃、陶瓷、磚、瓦及黏土等混合物
5760,D-0501,廢耐火材,5760. D-0501 廢耐火材
5761,D-0504,一般遭污染土壤(不含營建剩餘土石方，及不屬土壤及地下水污染整治法所規範之土壤),5761. D-0504 一般遭污染土壤(不含營建剩餘土石方，及不屬土壤及地下水污染整治法所規範之土壤)
5762,D-0599,土木或建築廢棄物混合物,5762. D-0599 土木或建築廢棄物混合物
5763,D-0601,廢紙,5763. D-0601 廢紙
5764,D-0699,廢紙混合物,5764. D-0699 廢紙混合物
5765,D-0701,廢木材棧板,5765. D-0701 廢木材棧板
5766,D-0799,廢木材混合物,5766. D-0799 廢木材混合物
5767,D-0801,廢纖維,5767. D-0801 廢纖維
5768,D-0802,廢棉屑,5768. D-0802 廢棉屑
5769,D-0803,廢布,5769. D-0803 廢布
5770,D-0899,廢纖維或其他棉、布等混合物,5770. D-0899 廢纖維或其他棉、布等混合物
5771,D-0901,有機性污泥,5771. D-0901 有機性污泥
5772,D-0902,無機性污泥,5772. D-0902 無機性污泥
5773,D-0903,非有害油泥,5773. D-0903 非有害油泥
5774,D-0999,污泥混合物,5774. D-0999 污泥混合物
5775,D-1001,焚化爐飛灰(屬一般事業廢棄物者),5775. D-1001 焚化爐飛灰(屬一般事業廢棄物者)
5776,D-1099,非有害廢集塵灰或其混合物,5776. D-1099 非有害廢集塵灰或其混合物
5777,D-1101,爐渣,5777. D-1101 爐渣
5778,D-1102,重油灰渣,5778. D-1102 重油灰渣
5779,D-1103,焚化爐底渣,5779. D-1103 焚化爐底渣
5780,D-1199,一般性飛灰或底渣混合物,5780. D-1199 一般性飛灰或底渣混合物
5781,D-1201,金屬冶煉爐渣（含原煉鋼出渣）,5781. D-1201 金屬冶煉爐渣（含原煉鋼出渣）
5782,D-1202,非有害礦渣,5782. D-1202 非有害礦渣
5783,D-1203,不良礦石,5783. D-1203 不良礦石
5784,D-1204,金屬冶煉爐石(碴),5784. D-1204 金屬冶煉爐石(碴)
5785,D-1299,爐石(碴)或礦渣混合物,5785. D-1299 爐石(碴)或礦渣混合物
5786,D-1301,廢裸銅線,5786. D-1301 廢裸銅線
5787,D-1399,其他單一非有害廢金屬或金屬廢料混合物,5787. D-1399 其他單一非有害廢金屬或金屬廢料混合物
5788,D-1499,其他單一非有害廢觸媒或其混合物,5788. D-1499 其他單一非有害廢觸媒或其混合物
5789,D-1501,非有害顯影液,5789. D-1501 非有害顯影液
5790,D-1502,非有害廢鹼,5790. D-1502 非有害廢鹼
5791,D-1503,非有害廢酸,5791. D-1503 非有害廢酸
5792,D-1504,非有害有機廢液或廢溶劑,5792. D-1504 非有害有機廢液或廢溶劑
5793,D-1505,廢(污)水pH值小於6.0,5793. D-1505 廢(污)水pH值小於6.0
5794,D-1506,廢(污)水pH值介於6.0-9.0,5794. D-1506 廢(污)水pH值介於6.0-9.0
5795,D-1507,廢(污)水pH值大於9.0,5795. D-1507 廢(污)水pH值大於9.0
5796,D-1599,非有害性混合廢液,5796. D-1599 非有害性混合廢液
5797,D-1699,廢皮革、皮革屑混合物,5797. D-1699 廢皮革、皮革屑混合物
5798,D-1701,廢油漆、漆渣,5798. D-1701 廢油漆、漆渣
5799,D-1702,廢熱媒油,5799. D-1702 廢熱媒油
5800,D-1703,廢潤滑油,5800. D-1703 廢潤滑油
5801,D-1704,廢切削油(液),5801. D-1704 廢切削油(液)
5802,D-1705,廢食用油,5802. D-1705 廢食用油
5803,D-1799,廢油混合物,5803. D-1799 廢油混合物
5804,D-1801,其他生活垃圾,5804. D-1801 其他生活垃圾
5805,D-1999,未納入公告之廢物品混合物,5805. D-1999 未納入公告之廢物品混合物
5806,D-2001,中間處理後產物,5806. D-2001 中間處理後產物
5807,D-2002,中間處理後之固化物,5807. D-2002 中間處理後之固化物
5808,D-2003,中間處理後之穩定化產物,5808. D-2003 中間處理後之穩定化產物
5809,D-2101,滅菌後之非感染性事業廢棄物,5809. D-2101 滅菌後之非感染性事業廢棄物
5810,D-2102,動物醫療廢棄物  ,5810. D-2102 動物醫療廢棄物  
5811,D-2199,一般性醫療廢棄物混合物,5811. D-2199 一般性醫療廢棄物混合物
5812,D-2201,以PET為片基材質的廢攝影膠片,5812. D-2201 以PET為片基材質的廢攝影膠片
5813,D-2202,以醋酸纖維為片基材質的廢攝影膠片,5813. D-2202 以醋酸纖維為片基材質的廢攝影膠片
5814,D-2203,以玻璃為片基材質的廢攝影玻璃膠片,5814. D-2203 以玻璃為片基材質的廢攝影玻璃膠片
5815,D-2204,以金屬為片基材質的廢攝影金屬膠片,5815. D-2204 以金屬為片基材質的廢攝影金屬膠片
5816,D-2205,以感光層為偶氮材質的廢攝影棕片,5816. D-2205 以感光層為偶氮材質的廢攝影棕片
5817,D-2299,廢攝影膠片（卷）(含X光膠片)混合物,5817. D-2299 廢攝影膠片（卷）(含X光膠片)混合物
5818,D-2301,含鹵化有機之廢化學物質,5818. D-2301 含鹵化有機之廢化學物質
5819,D-2302,不含鹵化有機之廢化學物質,5819. D-2302 不含鹵化有機之廢化學物質
5820,D-2303,廢無機化學物質,5820. D-2303 廢無機化學物質
5821,D-2399,一般廢化學物質混合物,5821. D-2399 一般廢化學物質混合物
5822,D-2401,濃度小於百萬分之五十多氯聯苯廢棄物(非屬有害事業廢棄物認定標準附表二規定之混合五金廢料),5822. D-2401 濃度小於百萬分之五十多氯聯苯廢棄物(非屬有害事業廢棄物認定標準附表二規定之混合五金廢料)
5823,D-2402,不含汞之廢照明光源（燈管、燈泡）(非屬公告應回收廢棄物者),5823. D-2402 不含汞之廢照明光源（燈管、燈泡）(非屬公告應回收廢棄物者)
5824,D-2403,廢活性碳,5824. D-2403 廢活性碳
5825,D-2404,廢蠟,5825. D-2404 廢蠟
5826,D-2405,廢油墨,5826. D-2405 廢油墨
5827,D-2406,廢砂輪,5827. D-2406 廢砂輪
5828,D-2407,噴砂廢棄物,5828. D-2407 噴砂廢棄物
5829,D-2408,廢石綿墊圈,5829. D-2408 廢石綿墊圈
5830,D-2409,廢藥品(人體或動物使用者),5830. D-2409 廢藥品(人體或動物使用者)
5831,D-2410,廢玻璃纖維,5831. D-2410 廢玻璃纖維
5832,D-2416,滅火器廢乾粉,5832. D-2416 滅火器廢乾粉
5833,D-2499,其他未歸類之一般事業廢棄物,5833. D-2499 其他未歸類之一般事業廢棄物
5834,D-2501,廢水錶,5834. D-2501 廢水錶
5835,D-2502,廢電錶,5835. D-2502 廢電錶
5836,D-2503,廢發泡線,5836. D-2503 廢發泡線
5837,D-2504,不含塑膠、橡膠或油脂之廢馬達,5837. D-2504 不含塑膠、橡膠或油脂之廢馬達
5838,D-2505,不含塑膠、橡膠或油脂之壓縮機,5838. D-2505 不含塑膠、橡膠或油脂之壓縮機
5839,D-2506,汽機車引摯、水箱、化油器,5839. D-2506 汽機車引摯、水箱、化油器
5840,D-2507,不含多氯聯苯(低於50ppm)及油脂之廢變壓器、廢電容器,5840. D-2507 不含多氯聯苯(低於50ppm)及油脂之廢變壓器、廢電容器
5841,D-2508,不含油脂之廢比流器、廢比壓器,5841. D-2508 不含油脂之廢比流器、廢比壓器
5842,D-2509,不含油脂之廢斷路器,5842. D-2509 不含油脂之廢斷路器
5843,D-2510,不含油脂之廢配電開關,5843. D-2510 不含油脂之廢配電開關
5844,D-2511,廢熔絲筒、廢熔絲鏈,5844. D-2511 廢熔絲筒、廢熔絲鏈
5845,D-2512,廢電力線載波器、廢調壓器,5845. D-2512 廢電力線載波器、廢調壓器
5846,D-2513,廢電力保險絲(器),5846. D-2513 廢電力保險絲(器)
5847,D-2514,廢乏時計、廢瓦時計,5847. D-2514 廢乏時計、廢瓦時計
5848,D-2515,廢電驛,5848. D-2515 廢電驛
5849,D-2516,廢限流熔絲(座),5849. D-2516 廢限流熔絲(座)
5850,D-2517,廢陷波器,5850. D-2517 廢陷波器
5851,D-2518,廢電動機,5851. D-2518 廢電動機
5852,D-2519,廢充電器(機),5852. D-2519 廢充電器(機)
5853,D-2520,廢點滅器,5853. D-2520 廢點滅器
5854,D-2521,廢度量衡器,5854. D-2521 廢度量衡器
5855,D-2523,不含PC板及油脂之廢工具、廢儀器具、廢電器儀表,5855. D-2523 不含PC板及油脂之廢工具、廢儀器具、廢電器儀表
5856,D-2524,廢銅中夾雜被覆廢電線電纜，其重量達百分之一以上者,5856. D-2524 廢銅中夾雜被覆廢電線電纜，其重量達百分之一以上者
5857,D-2525,廢鋁中夾雜被覆廢電線電纜，其重量達百分之一以上者,5857. D-2525 廢鋁中夾雜被覆廢電線電纜，其重量達百分之一以上者
5858,D-2526,廢鋅中夾雜被覆廢電線電纜，其重量達百分之一以上者,5858. D-2526 廢鋅中夾雜被覆廢電線電纜，其重量達百分之一以上者
5859,D-2527,其他以物理處理法處理之混合五金廢料,5859. D-2527 其他以物理處理法處理之混合五金廢料
5860,D-2528,裝置使用後廢棄之太陽能光電板,5860. D-2528 裝置使用後廢棄之太陽能光電板
5861,D-2601,廢電線電纜（以物理處理法處理者）,5861. D-2601 廢電線電纜（以物理處理法處理者）
5862,D-2603,廢光纖電纜,5862. D-2603 廢光纖電纜
5863,D-2604,含塑膠、橡膠或油脂之廢馬達,5863. D-2604 含塑膠、橡膠或油脂之廢馬達
5864,D-2605,含塑膠、橡膠或油脂之廢壓縮機,5864. D-2605 含塑膠、橡膠或油脂之廢壓縮機
5865,D-2606,含油脂之廢馬達感應線圈,5865. D-2606 含油脂之廢馬達感應線圈
5866,D-2608,含油脂之廢比流器、廢比壓器,5866. D-2608 含油脂之廢比流器、廢比壓器
5867,D-2609,含油脂之廢斷路器,5867. D-2609 含油脂之廢斷路器
5868,D-2610,含油脂之廢配電開關、廢電力保險絲、廢消防幫浦,5868. D-2610 含油脂之廢配電開關、廢電力保險絲、廢消防幫浦
5869,D-2611,廢整套型變比器,5869. D-2611 廢整套型變比器
5870,D-2612,廢電鍍金屬,5870. D-2612 廢電鍍金屬
5871,D-2619,廢電氣器材,5871. D-2619 廢電氣器材
5872,D-2620,廢通信器材（機械式）,5872. D-2620 廢通信器材（機械式）
5873,D-2623,含金(銀、鈀)之導線架廢料,5873. D-2623 含金(銀、鈀)之導線架廢料
5874,D-2624,含貴金屬(金、銀、鈀、鉑、銥、銠、鋨、釕)之廢觸媒,5874. D-2624 含貴金屬(金、銀、鈀、鉑、銥、銠、鋨、釕)之廢觸媒
5875,D-2625,含貴金屬(金、銀、鈀、鉑、銥、銠、鋨、釕)之離子交換樹脂,5875. D-2625 含貴金屬(金、銀、鈀、鉑、銥、銠、鋨、釕)之離子交換樹脂
5876,D-2626,汽機車觸媒轉化器,5876. D-2626 汽機車觸媒轉化器
5877,D-2627,其他以化學處理法（不含熱處理法）處理之混合五金廢料,5877. D-2627 其他以化學處理法（不含熱處理法）處理之混合五金廢料
5878,D-2702,廢鉛中夾雜被覆廢電線電纜，其重量達百分之一以上者,5878. D-2702 廢鉛中夾雜被覆廢電線電纜，其重量達百分之一以上者
5879,D-2703,廢鎘中夾雜被覆廢電線電纜，其重量達百分之一以上者,5879. D-2703 廢鎘中夾雜被覆廢電線電纜，其重量達百分之一以上者
5880,D-2704,其他以熱處理法處理之混合五金廢料,5880. D-2704 其他以熱處理法處理之混合五金廢料
5881,E-0201,廢電線電纜（非以物理處理法處理者）,5881. E-0201 廢電線電纜（非以物理處理法處理者）
5882,E-0202,含油脂之充膠廢電線電纜,5882. E-0202 含油脂之充膠廢電線電纜
5883,E-0207,不含多氯聯苯(低於50ppm)但含油脂之廢變壓器、廢電容器,5883. E-0207 不含多氯聯苯(低於50ppm)但含油脂之廢變壓器、廢電容器
5884,E-0213,電鍍金屬廢塑膠（含光碟片）,5884. E-0213 電鍍金屬廢塑膠（含光碟片）
5885,E-0214,廢電腦(未納入廢物品及廢容器回收清除處理系統者),5885. E-0214 廢電腦(未納入廢物品及廢容器回收清除處理系統者)
5886,E-0215,廢家電(未納入廢物品及廢容器回收清除處理系統者),5886. E-0215 廢家電(未納入廢物品及廢容器回收清除處理系統者)
5887,E-0216,廢電話交換機,5887. E-0216 廢電話交換機
5888,E-0217,廢電子零組件、下腳品及不良品,5888. E-0217 廢電子零組件、下腳品及不良品
5889,E-0218,廢光電零組件、下腳品及不良品,5889. E-0218 廢光電零組件、下腳品及不良品
5890,E-0220,廢通信器材（不含機械式）,5890. E-0220 廢通信器材（不含機械式）
5891,E-0221,含金屬之印刷電路板廢料及其粉屑,5891. E-0221 含金屬之印刷電路板廢料及其粉屑
5892,E-0222,附零組件之廢印刷電路板,5892. E-0222 附零組件之廢印刷電路板
5893,E-0228,含鈹、銻、碲、鉈金屬廢料,5893. E-0228 含鈹、銻、碲、鉈金屬廢料
5894,E-0229,含銅量大於60%之廢銅箔基板,5894. E-0229 含銅量大於60%之廢銅箔基板
5895,E-0301,發光二極體晶圓廢料及粉屑,5895. E-0301 發光二極體晶圓廢料及粉屑
5896,G-0201,塑膠,5896. G-0201 塑膠
5897,G-0401,玻璃,5897. G-0401 玻璃
5898,G-0501,瀝青混凝土挖(刨)除料,5898. G-0501 瀝青混凝土挖(刨)除料
5899,G-0502,石材下腳料,5899. G-0502 石材下腳料
5900,G-1201,水淬高爐爐碴,5900. G-1201 水淬高爐爐碴
5901,G-1202,鈦鐵礦氯化爐渣,5901. G-1202 鈦鐵礦氯化爐渣
5902,G-1301,鐵,5902. G-1301 鐵
5903,G-1302,銅,5903. G-1302 銅
5904,G-1303,鋁,5904. G-1303 鋁
5905,G-1401,鈷錳化合沉澱物,5905. G-1401 鈷錳化合沉澱物
5906,GG0700,燃料－煤球,5906. GG0700 燃料－煤球
5907,GG0701,燃料－油頁岩,5907. GG0701 燃料－油頁岩
5908,GG0702,燃料－焦煤,5908. GG0702 燃料－焦煤
5909,GG0703,燃料－原料煤,5909. GG0703 燃料－原料煤
5910,GG0704,燃料－自產煤,5910. GG0704 燃料－自產煤
5911,GG0825,天然鹼,5911. GG0825 天然鹼
5912,GG1700,燃料－煤氣,5912. GG1700 燃料－煤氣
5913,GG1701,燃料－頁岩油,5913. GG1701 燃料－頁岩油
5914,GG1702,燃料－奧里油,5914. GG1702 燃料－奧里油
5915,GG1799,其他油品,5915. GG1799 其他油品
5916,GG1802,氣體－氧化亞氮,5916. GG1802 氣體－氧化亞氮
5917,GG1803,PFC-14， 四氟化碳，CF4,5917. GG1803 PFC-14， 四氟化碳，CF4
5918,GG1804,PFC-116，六氟乙烷，C2F6,5918. GG1804 PFC-116，六氟乙烷，C2F6
5919,GG1805,C6F14，全氟己烷,5919. GG1805 C6F14，全氟己烷
5920,GG1806,C5F12，全氟戊烷,5920. GG1806 C5F12，全氟戊烷
5921,GG1807,C4F10，全氟丁烷,5921. GG1807 C4F10，全氟丁烷
5922,GG1808,C4F8，八氟環丁烷,5922. GG1808 C4F8，八氟環丁烷
5923,GG1809,C3F8，全氟丙烷,5923. GG1809 C3F8，全氟丙烷
5924,GG1810,冷媒－FX80，R32/125,5924. GG1810 冷媒－FX80，R32/125
5925,GG1811,冷媒－R507，R125/143a（50.0/50.0）,5925. GG1811 冷媒－R507，R125/143a（50.0/50.0）
5926,GG1812,冷媒－R417a，R125/134a/600a,5926. GG1812 冷媒－R417a，R125/134a/600a
5927,GG1813,冷媒－R413a，R134a/218/600a,5927. GG1813 冷媒－R413a，R134a/218/600a
5928,GG1814,冷媒－R410a，R32/125（50/50）,5928. GG1814 冷媒－R410a，R32/125（50/50）
5929,GG1815,冷媒－R408a，R125/R143a/22（7/46/47）,5929. GG1815 冷媒－R408a，R125/R143a/22（7/46/47）
5930,GG1816,冷媒－R407c，R32/125/134a（23/25/52）,5930. GG1816 冷媒－R407c，R32/125/134a（23/25/52）
5931,GG1817,冷媒－R407b，R32/125/134a（10/70/20）,5931. GG1817 冷媒－R407b，R32/125/134a（10/70/20）
5932,GG1818,冷媒－R407a，R32/125/134a（20/40/40）,5932. GG1818 冷媒－R407a，R32/125/134a（20/40/40）
5933,GG1819,冷媒－R404a，R125/143a/134a（44/52/4）,5933. GG1819 冷媒－R404a，R125/143a/134a（44/52/4）
5934,GG1820,冷媒－R401b，R22/152a/124（61/11/28）,5934. GG1820 冷媒－R401b，R22/152a/124（61/11/28）
5935,GG1821,冷媒－R401a，R22/152a/124（53/13/34）,5935. GG1821 冷媒－R401a，R22/152a/124（53/13/34）
5936,GG1822,"HFC-43-10mee，1,1,1,2,2,3,4,5,5,5-十氟戊烷，CF3CHFCHFCF2CF3","5936. GG1822 HFC-43-10mee，1,1,1,2,2,3,4,5,5,5-十氟戊烷，CF3CHFCHFCF2CF3"
5937,GG1823,HFC-365mfc，五氟丁烷，CF3CH2CF2CH3,5937. GG1823 HFC-365mfc，五氟丁烷，CF3CH2CF2CH3
5938,GG1824,HFC-245fa，五氟丙烷，CHF2CH2CF3,5938. GG1824 HFC-245fa，五氟丙烷，CHF2CH2CF3
5939,GG1825,HFC-245ca，五氟丙烷，CH2FCF2CHF2,5939. GG1825 HFC-245ca，五氟丙烷，CH2FCF2CHF2
5940,GG1826,HFC-236fa，六氟丙烷，C3H2F6,5940. GG1826 HFC-236fa，六氟丙烷，C3H2F6
5941,GG1827,HFC-236ea，六氟丙烷，CHF2CHFCF3,5941. GG1827 HFC-236ea，六氟丙烷，CHF2CHFCF3
5942,GG1828,HFC-236cb，六氟丙烷，CH2FCF2CF3,5942. GG1828 HFC-236cb，六氟丙烷，CH2FCF2CF3
5943,GG1829,HFC-227ea，七氟丙烷，CF3CHFCF3,5943. GG1829 HFC-227ea，七氟丙烷，CF3CHFCF3
5944,GG1830,HFC-161，一氟乙烷，CH3CH2F,5944. GG1830 HFC-161，一氟乙烷，CH3CH2F
5945,GG1831,HFC-152a/R-152a，二氟乙烷，C2H4F2,5945. GG1831 HFC-152a/R-152a，二氟乙烷，C2H4F2
5946,GG1832,HFC-152，二氟乙烷，CH2FCH2F,5946. GG1832 HFC-152，二氟乙烷，CH2FCH2F
5947,GG1833,HFC-143a/R-143a，三氟乙烷，C2H3F3,5947. GG1833 HFC-143a/R-143a，三氟乙烷，C2H3F3
5948,GG1834,HFC-143，三氟乙烷，CHF2CH2F,5948. GG1834 HFC-143，三氟乙烷，CHF2CH2F
5949,GG1835,"HFC-134a/R-134a，1,1,1,2-四氟乙烷，CH2FCF3","5949. GG1835 HFC-134a/R-134a，1,1,1,2-四氟乙烷，CH2FCF3"
5950,GG1836,HFC-134，四氟乙烷，C2H2F4,5950. GG1836 HFC-134，四氟乙烷，C2H2F4
5951,GG1837,HFC-125/R-125，五氟乙烷，C2HF5,5951. GG1837 HFC-125/R-125，五氟乙烷，C2HF5
5952,GG1838,HFC-41一氟甲烷，CH3F,5952. GG1838 HFC-41一氟甲烷，CH3F
5953,GG1839,HFC-32/R-32二氟甲烷，CH2F2,5953. GG1839 HFC-32/R-32二氟甲烷，CH2F2
5954,GG1840,HFC-23/R-23三氟甲烷，CHF3,5954. GG1840 HFC-23/R-23三氟甲烷，CHF3
5955,GG1842,R-401C，HCFC-22/HFC-152a/HCFC-124 (33.0/15.0/52.0),5955. GG1842 R-401C，HCFC-22/HFC-152a/HCFC-124 (33.0/15.0/52.0)
5956,GG1843,R-402A，HFC-125/HC-290/HCFC-22 (60.0/2.0/38.0),5956. GG1843 R-402A，HFC-125/HC-290/HCFC-22 (60.0/2.0/38.0)
5957,GG1844,R-402B，HFC-125/HC-290/HCFC-22 (38.0/2.0/60.0),5957. GG1844 R-402B，HFC-125/HC-290/HCFC-22 (38.0/2.0/60.0)
5958,GG1845,R-403A，HC-290/HCFC-22/PFC-218 (5.0/75.0/20.0),5958. GG1845 R-403A，HC-290/HCFC-22/PFC-218 (5.0/75.0/20.0)
5959,GG1846,R-403B，HC-290/HCFC-22/PFC-218 (5.0/56.0/39.0),5959. GG1846 R-403B，HC-290/HCFC-22/PFC-218 (5.0/56.0/39.0)
5960,GG1847,R-405A，HCFC-22/ HFC-152a/ HCFC-142b/PFC-318 (45.0/7.0/5.5/42.5),5960. GG1847 R-405A，HCFC-22/ HFC-152a/ HCFC-142b/PFC-318 (45.0/7.0/5.5/42.5)
5961,GG1848,R-406A，HCFC-22/HC-600a/HCFC-142b (55.0/14.0/41.0),5961. GG1848 R-406A，HCFC-22/HC-600a/HCFC-142b (55.0/14.0/41.0)
5962,GG1849,R-407D，HFC-32/HFC-125/HFC-134a (15.0/15.0/70.0),5962. GG1849 R-407D，HFC-32/HFC-125/HFC-134a (15.0/15.0/70.0)
5963,GG1850,R-407E，HFC-32/HFC-125/HFC-134a (25.0/15.0/60.0),5963. GG1850 R-407E，HFC-32/HFC-125/HFC-134a (25.0/15.0/60.0)
5964,GG1851,R-409A，HCFC-22/HCFC-124/HCFC-142b (60.0/25.0/15.0),5964. GG1851 R-409A，HCFC-22/HCFC-124/HCFC-142b (60.0/25.0/15.0)
5965,GG1852,R-409B，HCFC-22/HCFC-124/HCFC-142b (65.0/25.0/10.0),5965. GG1852 R-409B，HCFC-22/HCFC-124/HCFC-142b (65.0/25.0/10.0)
5966,GG1853,R-410B，HFC-32/HFC-125 (45.0/55.0),5966. GG1853 R-410B，HFC-32/HFC-125 (45.0/55.0)
5967,GG1854,R-411A，HC-1270/HCFC-22/HFC-152a (1.5/87.5/11.0),5967. GG1854 R-411A，HC-1270/HCFC-22/HFC-152a (1.5/87.5/11.0)
5968,GG1855,R-411B，HC-1270/HCFC-22/HFC-152a (3.0/94.0/3.0),5968. GG1855 R-411B，HC-1270/HCFC-22/HFC-152a (3.0/94.0/3.0)
5969,GG1856,R-411C，HC-1270/HCFC-22/HFC-152a (3.0/95.5/1.5),5969. GG1856 R-411C，HC-1270/HCFC-22/HFC-152a (3.0/95.5/1.5)
5970,GG1857,R-412A，HCFC-22/PFC-218/HCFC-142b (70.0/5.0/25.0),5970. GG1857 R-412A，HCFC-22/PFC-218/HCFC-142b (70.0/5.0/25.0)
5971,GG1858,R-414A，HCFC-22/HCFC-124/HC-600a/HCFC-142b (51.0/28.5/4.0/16.5),5971. GG1858 R-414A，HCFC-22/HCFC-124/HC-600a/HCFC-142b (51.0/28.5/4.0/16.5)
5972,GG1859,R-414B，HCFC-22/HCFC-124/HC-600a/HCFC-142b (50.0/39.0/1.5/9.5),5972. GG1859 R-414B，HCFC-22/HCFC-124/HC-600a/HCFC-142b (50.0/39.0/1.5/9.5)
5973,GG1860,R-415A，HCFC-22/HFC-152a (82.0/18.0),5973. GG1860 R-415A，HCFC-22/HFC-152a (82.0/18.0)
5974,GG1861,R-415B，HCFC-22/HFC-152a (25.0/75.0),5974. GG1861 R-415B，HCFC-22/HFC-152a (25.0/75.0)
5975,GG1862,R-416A，HFC-134a/HCFC-124/HC-600 (59.0/39.5/1.5),5975. GG1862 R-416A，HFC-134a/HCFC-124/HC-600 (59.0/39.5/1.5)
5976,GG1863,R-418A，HC-290/HCFC-22/HFC-152a (1.5/96.0/2.5),5976. GG1863 R-418A，HC-290/HCFC-22/HFC-152a (1.5/96.0/2.5)
5977,GG1864,R-419A，HFC-125/HFC-134a/HE-E170 (77.0/19.0/4.0),5977. GG1864 R-419A，HFC-125/HFC-134a/HE-E170 (77.0/19.0/4.0)
5978,GG1865,R-420A，HFC-134a/HCFC-142b (88.0/12.0),5978. GG1865 R-420A，HFC-134a/HCFC-142b (88.0/12.0)
5979,GG1866,R-421A，HFC-125/HFC-134a (58.0/42.0),5979. GG1866 R-421A，HFC-125/HFC-134a (58.0/42.0)
5980,GG1868,R-422A，HFC-125/HFC-134a/HC-600a (85.1/11.5/3.4),5980. GG1868 R-422A，HFC-125/HFC-134a/HC-600a (85.1/11.5/3.4)
5981,GG1869,R-422B，HFC-125/HFC-134a/HC-600a (55.0/42.0/3.0),5981. GG1869 R-422B，HFC-125/HFC-134a/HC-600a (55.0/42.0/3.0)
5982,GG1870,R-422C，HFC-125/HFC-134a/HC-600a (82.0/15.0/3.0),5982. GG1870 R-422C，HFC-125/HFC-134a/HC-600a (82.0/15.0/3.0)
5983,GG1871,R-500，CFC-12/HFC-152a (73.8/26.2),5983. GG1871 R-500，CFC-12/HFC-152a (73.8/26.2)
5984,GG1872,R-501，HCFC-22/CFC-12 (75.0/25.0),5984. GG1872 R-501，HCFC-22/CFC-12 (75.0/25.0)
5985,GG1873,R-502，HCFC-22/CFC-115 (48.8/51.2),5985. GG1873 R-502，HCFC-22/CFC-115 (48.8/51.2)
5986,GG1874,R-503，HFC-23/CFC-13 (40.1/59.9),5986. GG1874 R-503，HFC-23/CFC-13 (40.1/59.9)
5987,GG1875,R-504，HFC-32/CFC-115 (48.2/51.8),5987. GG1875 R-504，HFC-32/CFC-115 (48.2/51.8)
5988,GG1876,R-505，CFC-12/HCFC-31 (78.0/22.0),5988. GG1876 R-505，CFC-12/HCFC-31 (78.0/22.0)
5989,GG1877,R-506，CFC-31/CFC-114 (55.1/44.9),5989. GG1877 R-506，CFC-31/CFC-114 (55.1/44.9)
5990,GG1878,R-507A，HFC-125/HFC-143a (50.0/50.0),5990. GG1878 R-507A，HFC-125/HFC-143a (50.0/50.0)
5991,GG1879,R-508A，HFC-23/PFC-116 (39.0/61.0),5991. GG1879 R-508A，HFC-23/PFC-116 (39.0/61.0)
5992,GG1880,R-508B，HFC-23/PFC-116 (46.0/54.0),5992. GG1880 R-508B，HFC-23/PFC-116 (46.0/54.0)
5993,GG1881,R-509A，HCFC-22/PFC-218 (44.0/56.0),5993. GG1881 R-509A，HCFC-22/PFC-218 (44.0/56.0)
5994,GG1882,R-600A，異丁烷(CH3)CHCH3,5994. GG1882 R-600A，異丁烷(CH3)CHCH3
5995,GG1884,蒙特婁列管冷媒,5995. GG1884 蒙特婁列管冷媒
5996,GG1885,C4F6，六氟丁二烯,5996. GG1885 C4F6，六氟丁二烯
5997,GG1886,C5F8，八氟環戊烯,5997. GG1886 C5F8，八氟環戊烯
5998,GG1887,C4F8O,5998. GG1887 C4F8O
5999,GG1888,COF2,5999. GG1888 COF2
6000,GG1889,F2,6000. GG1889 F2
6001,GG1890,Methyl bromide,6001. GG1890 Methyl bromide
6002,GG1891,Methylene bromide，CH2Br2,6002. GG1891 Methylene bromide，CH2Br2
6003,GG1892,Halon-1201，CHBrF2,6003. GG1892 Halon-1201，CHBrF2
6004,GG1893,Halon-1202，CBr2F2,6004. GG1893 Halon-1202，CBr2F2
6005,GG1894,Halon-1211，CBrClF2,6005. GG1894 Halon-1211，CBrClF2
6006,GG1895,Halon-1301，CBrF3,6006. GG1895 Halon-1301，CBrF3
6007,GG1896,Halon-2301，CH2BrCF3,6007. GG1896 Halon-2301，CH2BrCF3
6008,GG1897,Halon-2311/Halothane，CHBrClCF3,6008. GG1897 Halon-2311/Halothane，CHBrClCF3
6009,GG1898,Halon-2401，CHFBrCF3,6009. GG1898 Halon-2401，CHFBrCF3
6010,GG1899,Halon-2402，CBrF2CBrF2,6010. GG1899 Halon-2402，CBrF2CBrF2
6011,GG18AE,HFC-227ca，CF3CF2CHF2,6011. GG18AE HFC-227ca，CF3CF2CHF2
6012,GG18AF,HFC-245cb，CF3CF2CH3,6012. GG18AF HFC-245cb，CF3CF2CH3
6013,GG18B0,HFC-245ea，CHF2CHFCHF2,6013. GG18B0 HFC-245ea，CHF2CHFCHF2
6014,GG18B1,HFC-245eb，CH2FCHFCF3,6014. GG18B1 HFC-245eb，CH2FCHFCF3
6015,GG18B2,HFC-263fb，CH3CH2CF3,6015. GG18B2 HFC-263fb，CH3CH2CF3
6016,GG18B3,HFC-272ca，CH3CF2CH3,6016. GG18B3 HFC-272ca，CH3CF2CH3
6017,GG18B4,HFC-329p，CHF2CF2CF2CF3,6017. GG18B4 HFC-329p，CHF2CF2CF2CF3
6018,GG18B5,HFC-1132a，CH2=CF2,6018. GG18B5 HFC-1132a，CH2=CF2
6019,GG18B6,HFC-1141，CH2=CHF,6019. GG18B6 HFC-1141，CH2=CHF
6020,GG18B7,(Z)-HFC-1225ye，CF3CF=CHF(Z),6020. GG18B7 (Z)-HFC-1225ye，CF3CF=CHF(Z)
6021,GG18B8,(E)-HFC-1225ye，CF3CF=CHF(E) ,6021. GG18B8 (E)-HFC-1225ye，CF3CF=CHF(E) 
6022,GG18B9,(Z)-HFC-1234ze，CF3CH=CHF(Z),6022. GG18B9 (Z)-HFC-1234ze，CF3CH=CHF(Z)
6023,GG18BA,HFC-1234yf，CF3CF=CH2,6023. GG18BA HFC-1234yf，CF3CF=CH2
6024,GG18BB,(E)-HFC-1234ze，trans-CF3CH=CHF,6024. GG18BB (E)-HFC-1234ze，trans-CF3CH=CHF
6025,GG18BC,(Z)-HFC-1336，CF3CH=CHCF3(Z),6025. GG18BC (Z)-HFC-1336，CF3CH=CHCF3(Z)
6026,GG18BD,HFC-1243zf，CF3CH=CH2,6026. GG18BD HFC-1243zf，CF3CH=CH2
6027,GG18BE,HFC-1345zfc，C2F5CH=CH2,6027. GG18BE HFC-1345zfc，C2F5CH=CH2
6028,GG18BF,"3,3,4,4,5,5,6,6,6-Nonafluorohex-1-ene，C4F9CH=CH2","6028. GG18BF 3,3,4,4,5,5,6,6,6-Nonafluorohex-1-ene，C4F9CH=CH2"
6029,GG18C0,"3,3,4,4,5,5,6,6,7,7,8,8,8-Tridecafluorooct-1-ene，C6F13CH=CH2","6029. GG18C0 3,3,4,4,5,5,6,6,7,7,8,8,8-Tridecafluorooct-1-ene，C6F13CH=CH2"
6030,GG18C1,"3,3,4,4,5,5,6,6,7,7,8,8,9,9,10,10,10-Hep-tadecafluorodec-1-ene，C8F17CH=CH2","6030. GG18C1 3,3,4,4,5,5,6,6,7,7,8,8,9,9,10,10,10-Hep-tadecafluorodec-1-ene，C8F17CH=CH2"
6031,GG18DD,"1,2-Dichloroethane，CH2ClCH2Cl","6031. GG18DD 1,2-Dichloroethane，CH2ClCH2Cl"
6032,GG18EC,Trifluoromethyl sulphur pentafluoride?，SF5CF3??,6032. GG18EC Trifluoromethyl sulphur pentafluoride?，SF5CF3??
6033,GG18ED,Sulphuryl fluoride，SO2F2,6033. GG18ED Sulphuryl fluoride，SO2F2
6034,GG18EE,Perfluorocyclopropane ?(PFC-c216)，c-C3F6??,6034. GG18EE Perfluorocyclopropane ?(PFC-c216)，c-C3F6??
6035,GG18F2,PFC-61-16，n-C7F16,6035. GG18F2 PFC-61-16，n-C7F16
6036,GG18F3,PFC-71-18，C8F18??,6036. GG18F3 PFC-71-18，C8F18??
6037,GG18F4,PFC-91-18 ，C10F18??,6037. GG18F4 PFC-91-18 ，C10F18??
6038,GG18F5,Perfluorodecalin (cis)，Z-C10F18,6038. GG18F5 Perfluorodecalin (cis)，Z-C10F18
6039,GG18F6,Perfluorodecalin (trans)，E-C10F18,6039. GG18F6 Perfluorodecalin (trans)，E-C10F18
6040,GG18F7,PFC-1114，CF2=CF2,6040. GG18F7 PFC-1114，CF2=CF2
6041,GG18F8,PFC-1216，CF3CF=CF2,6041. GG18F8 PFC-1216，CF3CF=CF2
6042,GG18F9,"Perfluorobuta-1,3-diene，CF2=CFCF=CF2","6042. GG18F9 Perfluorobuta-1,3-diene，CF2=CFCF=CF2"
6043,GG18FA,Perfluorobut-1-ene，CF3CF2CF=CF2,6043. GG18FA Perfluorobut-1-ene，CF3CF2CF=CF2
6044,GG18FB,Perfluorobut-2-ene，CF3CF=CFCF3,6044. GG18FB Perfluorobut-2-ene，CF3CF=CFCF3
6045,GG18GD,"3,3,3-Trifluoropropan-1-ol，CF3CH2CH2OH","6045. GG18GD 3,3,3-Trifluoropropan-1-ol，CF3CH2CH2OH"
6046,GG18HC,HFE-365mcf3，CF3CF2CH2OCH3,6046. GG18HC HFE-365mcf3，CF3CF2CH2OCH3
6047,GG18HF,"4,4,4-Trifluorobutan-1-ol，CF3(CH2)2CH2OH","6047. GG18HF 4,4,4-Trifluorobutan-1-ol，CF3(CH2)2CH2OH"
6048,GG18J3,Fluoroxene，CF3CH2OCH=CH2,6048. GG18J3 Fluoroxene，CF3CH2OCH=CH2
6049,GG18JF,"3,3,4,4,5,5,6,6,7,7,7-Undecafluoroheptan-1-ol，CF3(CF2)4CH2CH2OH","6049. GG18JF 3,3,4,4,5,5,6,6,7,7,7-Undecafluoroheptan-1-ol，CF3(CF2)4CH2CH2OH"
6050,GG18K0,"3,3,4,4,5,5,6,6,7,7,8,8,9,9,9-Pentadecafluorononan-1-ol，CF3(CF2)6CH2CH2OH","6050. GG18K0 3,3,4,4,5,5,6,6,7,7,8,8,9,9,9-Pentadecafluorononan-1-ol，CF3(CF2)6CH2CH2OH"
6051,GG18K1,"3,3,4,4,5,5,6,6,7,7,8,8,9,9,10,10,11,11,11-Nonadecafluoroundecan-1-ol，CF3(CF2)8CH2CH2OH","6051. GG18K1 3,3,4,4,5,5,6,6,7,7,8,8,9,9,10,10,11,11,11-Nonadecafluoroundecan-1-ol，CF3(CF2)8CH2CH2OH"
6052,GG18K4,HFE-216，CF3OCF=CF2,6052. GG18K4 HFE-216，CF3OCF=CF2
6053,GG18M3,"1,1,2,2-Tetrafluoro-3-methoxy-propane，CHF2CF2CH2OCH3","6053. GG18M3 1,1,2,2-Tetrafluoro-3-methoxy-propane，CHF2CF2CH2OCH3"
6054,GG18M5,"3,3,3-Trifluoro-propanal，CF3CH2CHO","6054. GG18M5 3,3,3-Trifluoro-propanal，CF3CH2CHO"
6055,GG18M6,2-Fluoroethanol，CH2FCH2OH,6055. GG18M6 2-Fluoroethanol，CH2FCH2OH
6056,GG18MD,"HFC-1132a，1,1-二氟乙烯，CH2=CF2","6056. GG18MD HFC-1132a，1,1-二氟乙烯，CH2=CF2"
6057,GG18ME,HFC-1141，一氟乙烯，CH2=CHF,6057. GG18ME HFC-1141，一氟乙烯，CH2=CHF
6058,GG18MF,"(Z)-HFC-1225ye，(順)1,2,3,3.3-五氟 1-丙烯，CF3CF=CHF(Z)","6058. GG18MF (Z)-HFC-1225ye，(順)1,2,3,3.3-五氟 1-丙烯，CF3CF=CHF(Z)"
6059,GG18N0,"(E)-HFC-1225ye，(反)1,2,3,3.3-五氟 1-丙烯，CF3CF=CHF(E) ","6059. GG18N0 (E)-HFC-1225ye，(反)1,2,3,3.3-五氟 1-丙烯，CF3CF=CHF(E) "
6060,GG18N1,"(Z)-HFC-1234ze，(順)1,3,3,3-四氟 1-丙烯，CF3CH=CHF(Z)","6060. GG18N1 (Z)-HFC-1234ze，(順)1,3,3,3-四氟 1-丙烯，CF3CH=CHF(Z)"
6061,GG18N2,"HFC-1234yf，2,3,3,3-四氟 1-丙烯，CF3CF=CH2","6061. GG18N2 HFC-1234yf，2,3,3,3-四氟 1-丙烯，CF3CF=CH2"
6062,GG18N3,"(E)-HFC-1234ze，(反)1,3,3.3-四氟 1-丙烯，trans-CF3CH=CHF","6062. GG18N3 (E)-HFC-1234ze，(反)1,3,3.3-四氟 1-丙烯，trans-CF3CH=CHF"
6063,GG18N4,"HFC-1243zf，3,3,3-三氟 1-丙烯，CF3CH=CH2","6063. GG18N4 HFC-1243zf，3,3,3-三氟 1-丙烯，CF3CH=CH2"
6064,GG18N5,"HFC-1345zfc，2,2,4,4,4-五氟 1-丁烯，C2F5CH=CH2","6064. GG18N5 HFC-1345zfc，2,2,4,4,4-五氟 1-丁烯，C2F5CH=CH2"
6065,GG18N6,"3,3,4,4,5,5,6,6,6-Nonafluorohex-1-ene，3,3,4,4,5,5,6,6,6-九氟己烯，C4F9CH=CH2","6065. GG18N6 3,3,4,4,5,5,6,6,6-Nonafluorohex-1-ene，3,3,4,4,5,5,6,6,6-九氟己烯，C4F9CH=CH2"
6066,GG18N7,"3,3,4,4,5,5,6,6,7,7,8,8,8-Tridecafluorooct-1-ene，3,3,4,4,5,56,6,7,7,8,8,8-十三氟辛烷，C6F13CH=CH2","6066. GG18N7 3,3,4,4,5,5,6,6,7,7,8,8,8-Tridecafluorooct-1-ene，3,3,4,4,5,56,6,7,7,8,8,8-十三氟辛烷，C6F13CH=CH2"
6067,GG18N8,"3,3,4,4,5,5,6,6,7,7,8,8,9,9,10,10,10-Hep-tadecafluorodec-1-ene，3,3,4,4,5,5,6,6,7,7,8,8,9,9,10,10,10-十七氟癸烯，C8F17CH=CH2","6067. GG18N8 3,3,4,4,5,5,6,6,7,7,8,8,9,9,10,10,10-Hep-tadecafluorodec-1-ene，3,3,4,4,5,5,6,6,7,7,8,8,9,9,10,10,10-十七氟癸烯，C8F17CH=CH2"
6068,GG18N9,Perfluorocyclopropane ?(PFC-c216)，c-C3F6??,6068. GG18N9 Perfluorocyclopropane ?(PFC-c216)，c-C3F6??
6069,GG18NA,PFC-91-18 ，全氟?烷C10F18??,6069. GG18NA PFC-91-18 ，全氟?烷C10F18??
6070,GG18NB,PFC-1114，全氟乙烯，CF2=CF2,6070. GG18NB PFC-1114，全氟乙烯，CF2=CF2
6071,GG18NC,PFC-1216，全氟丙烯，CF3CF=CF2,6071. GG18NC PFC-1216，全氟丙烯，CF3CF=CF2
6072,GG18ND,"Perfluorobuta-1,3-diene，1,3-全氟丁二烯，CF2=CFCF=CF2","6072. GG18ND Perfluorobuta-1,3-diene，1,3-全氟丁二烯，CF2=CFCF=CF2"
6073,GG18NE,Perfluorobut-1-ene，1-全氟丁烯，CF3CF2CF=CF2,6073. GG18NE Perfluorobut-1-ene，1-全氟丁烯，CF3CF2CF=CF2
6074,GG2301,高鈣石灰,6074. GG2301 高鈣石灰
6075,GG2302,白雲石質石灰,6075. GG2302 白雲石質石灰
6076,GG2303,水硬性石灰,6076. GG2303 水硬性石灰
6077,GG2304,砌築水泥,6077. GG2304 砌築水泥
6078,GG2305,混合水泥,6078. GG2305 混合水泥
6079,GG3501,認購綠電(現已不適用),6079. GG3501 認購綠電(現已不適用)
6080,GG3502,REC登載電力使用-電證合一,6080. GG3502 REC登載電力使用-電證合一
6081,GG3503,外購REC-電證分離(108年起不適用),6081. GG3503 外購REC-電證分離(108年起不適用)
6082,GG3504,外售REC(108年起不適用),6082. GG3504 外售REC(108年起不適用)
6083,GG3505,再生能源(自發自用),6083. GG3505 再生能源(自發自用)
6084,GG3510,其他生質燃料,6084. GG3510 其他生質燃料
6085,GG3800,廢棄物－有害事業廢棄物,6085. GG3800 廢棄物－有害事業廢棄物
6086,GG3801,廢棄物－一般事業廢棄物,6086. GG3801 廢棄物－一般事業廢棄物
6087,GG3802,廢棄物-纖維布類,6087. GG3802 廢棄物-纖維布類
6088,GG3803,廢棄物-皮革塑膠類,6088. GG3803 廢棄物-皮革塑膠類
6089,GG3804,廢液－顏色或不透明,6089. GG3804 廢液－顏色或不透明
6090,GG3805,廢水處理(BOD),6090. GG3805 廢水處理(BOD)
6091,GG3806,廢水處理(COD),6091. GG3806 廢水處理(COD)
6092,GG3811,廢棄物-都市垃圾(生質),6092. GG3811 廢棄物-都市垃圾(生質)
6093,GG3812,廢棄物-木竹稻草落葉類(生質),6093. GG3812 廢棄物-木竹稻草落葉類(生質)
6094,GG3813,廢棄物-廚餘(生質),6094. GG3813 廢棄物-廚餘(生質)
6095,GG3814,廢棄物-皮革塑膠類(生質),6095. GG3814 廢棄物-皮革塑膠類(生質)
6096,GG3815,廢棄物-紙類(生質),6096. GG3815 廢棄物-紙類(生質)
6097,GG3816,廢棄物-纖維布類(生質),6097. GG3816 廢棄物-纖維布類(生質)
6098,GG3869,其他氣態生質燃料,6098. GG3869 其他氣態生質燃料
6099,GG3879,其他液態生質燃料,6099. GG3879 其他液態生質燃料
6100,GG3889,其他固態生質燃料,6100. GG3889 其他固態生質燃料
6101,GG3890,石化燃料衍生之廢氣,6101. GG3890 石化燃料衍生之廢氣
6102,GG3891,石化燃料衍生之廢液,6102. GG3891 石化燃料衍生之廢液
6103,GG3892,石化燃料衍生之廢棄物,6103. GG3892 石化燃料衍生之廢棄物
6104,GG3893,其他－廢液,6104. GG3893 其他－廢液
6105,GG3894,其他－廢棄物,6105. GG3894 其他－廢棄物
6106,H-0002,事業員工生活垃圾,6106. H-0002 事業員工生活垃圾
6107,R-0101,菸砂,6107. R-0101 菸砂
6108,R-0102,蔗渣,6108. R-0102 蔗渣
6109,R-0104,禽畜糞,6109. R-0104 禽畜糞
6110,R-0105,廢酒糟、酒粕、酒精醪,6110. R-0105 廢酒糟、酒粕、酒精醪
6111,R-0106,廚餘,6111. R-0106 廚餘
6112,R-0110,羽毛,6112. R-0110 羽毛
6113,R-0111,畜禽屠宰下腳料,6113. R-0111 畜禽屠宰下腳料
6114,R-0112,斃死畜禽,6114. R-0112 斃死畜禽
6115,R-0113,廢棄牡蠣殼,6115. R-0113 廢棄牡蠣殼
6116,R-0114,果菜殘渣,6116. R-0114 果菜殘渣
6117,R-0116,豬毛,6117. R-0116 豬毛
6118,R-0117,植物性中藥渣,6118. R-0117 植物性中藥渣
6119,R-0119,動物性廢渣,6119. R-0119 動物性廢渣
6120,R-0120,植物性廢渣,6120. R-0120 植物性廢渣
6121,R-0121,花卉殘株及栽培介質,6121. R-0121 花卉殘株及栽培介質
6122,R-0201,廢塑膠,6122. R-0201 廢塑膠
6123,R-0202,廢塑膠容器(PET),6123. R-0202 廢塑膠容器(PET)
6124,R-0203,廢塑膠容器(PVC),6124. R-0203 廢塑膠容器(PVC)
6125,R-0204,廢塑膠容器(PE),6125. R-0204 廢塑膠容器(PE)
6126,R-0205,廢塑膠容器(PP),6126. R-0205 廢塑膠容器(PP)
6127,R-0206,廢塑膠容器(PS發泡),6127. R-0206 廢塑膠容器(PS發泡)
6128,R-0207,廢塑膠容器(PS未發泡),6128. R-0207 廢塑膠容器(PS未發泡)
6129,R-0208,廢塑膠容器(其他塑膠),6129. R-0208 廢塑膠容器(其他塑膠)
6130,R-0210,廢壓模膠,6130. R-0210 廢壓模膠
6131,R-0211,廢生質塑膠容器,6131. R-0211 廢生質塑膠容器
6132,R-0301,廢橡膠,6132. R-0301 廢橡膠
6133,R-0302,廢輪胎,6133. R-0302 廢輪胎
6134,R-0401,廢玻璃,6134. R-0401 廢玻璃
6135,R-0402,廢磚,6135. R-0402 廢磚
6136,R-0403,廢陶瓷,6136. R-0403 廢陶瓷
6137,R-0404,廢白土,6137. R-0404 廢白土
6138,R-0405,廢矽藻土,6138. R-0405 廢矽藻土
6139,R-0406,廢瓦,6139. R-0406 廢瓦
6140,R-0407,廢玻璃容器,6140. R-0407 廢玻璃容器
6141,R-0408,廢石膏模,6141. R-0408 廢石膏模
6142,R-0409,含樹脂玻璃纖維布廢料,6142. R-0409 含樹脂玻璃纖維布廢料
6143,R-0410,廢矽酸鈣板,6143. R-0410 廢矽酸鈣板
6144,R-0411,廢石膏板,6144. R-0411 廢石膏板
6145,R-0502,石材廢料(板、塊),6145. R-0502 石材廢料(板、塊)
6146,R-0503,營建混合物,6146. R-0503 營建混合物
6147,R-0504,廢水泥電桿,6147. R-0504 廢水泥電桿
6148,R-0601,廢紙,6148. R-0601 廢紙
6149,R-0602,廢鋁箔包,6149. R-0602 廢鋁箔包
6150,R-0603,廢紙容器,6150. R-0603 廢紙容器
6151,R-0701,廢木材,6151. R-0701 廢木材
6152,R-0801,廢人造纖維,6152. R-0801 廢人造纖維
6153,R-0802,紡織殘料,6153. R-0802 紡織殘料
6154,R-0901,製糖濾泥,6154. R-0901 製糖濾泥
6155,R-0902,食品加工污泥,6155. R-0902 食品加工污泥
6156,R-0903,釀酒污泥,6156. R-0903 釀酒污泥
6157,R-0904,漿紙污泥,6157. R-0904 漿紙污泥
6158,R-0906,紡織污泥,6158. R-0906 紡織污泥
6159,R-0907,石材污泥,6159. R-0907 石材污泥
6160,R-0908,農業污泥,6160. R-0908 農業污泥
6161,R-0909,淨水污泥,6161. R-0909 淨水污泥
6162,R-0910,氟化鈣污泥,6162. R-0910 氟化鈣污泥
6163,R-0911,石英磚研磨污泥,6163. R-0911 石英磚研磨污泥
6164,R-0912,脫硫無機性污泥,6164. R-0912 脫硫無機性污泥
6165,R-1001,燃油鍋爐集塵灰,6165. R-1001 燃油鍋爐集塵灰
6166,R-1002,鋁二級冶煉程序集塵灰,6166. R-1002 鋁二級冶煉程序集塵灰
6167,R-1101,煤灰,6167. R-1101 煤灰
6168,R-1102,蔗渣煙爐灰,6168. R-1102 蔗渣煙爐灰
6169,R-1103,鈷錳塵灰,6169. R-1103 鈷錳塵灰
6170,R-1104,潛弧銲渣,6170. R-1104 潛弧銲渣
6171,R-1105,垃圾焚化廠焚化底渣,6171. R-1105 垃圾焚化廠焚化底渣
6172,R-1106,燃煤飛灰,6172. R-1106 燃煤飛灰
6173,R-1107,燃煤底灰(或含燃煤飛灰之底灰),6173. R-1107 燃煤底灰(或含燃煤飛灰之底灰)
6174,R-1108,混燒煤灰,6174. R-1108 混燒煤灰
6175,R-1201,廢鑄砂,6175. R-1201 廢鑄砂
6176,R-1203,電弧爐煉鋼爐碴(石),6176. R-1203 電弧爐煉鋼爐碴(石)
6177,R-1204,感應電爐爐碴(石),6177. R-1204 感應電爐爐碴(石)
6178,R-1205,化鐵爐爐碴(石),6178. R-1205 化鐵爐爐碴(石)
6179,R-1206,高爐礦泥、轉爐礦泥及熱軋礦泥,6179. R-1206 高爐礦泥、轉爐礦泥及熱軋礦泥
6180,R-1207,旋轉窯爐碴（石）,6180. R-1207 旋轉窯爐碴（石）
6181,R-1208,淨水軟化碳酸鈣結晶,6181. R-1208 淨水軟化碳酸鈣結晶
6182,R-1209,電弧爐煉鋼爐氧化碴(石),6182. R-1209 電弧爐煉鋼爐氧化碴(石)
6183,R-1210,電弧爐煉鋼爐還原碴(石),6183. R-1210 電弧爐煉鋼爐還原碴(石)
6184,R-1301,廢鐵,6184. R-1301 廢鐵
6185,R-1302,廢銅,6185. R-1302 廢銅
6186,R-1303,廢鋅,6186. R-1303 廢鋅
6187,R-1304,廢鋁,6187. R-1304 廢鋁
6188,R-1305,廢錫,6188. R-1305 廢錫
6189,R-1306,廢鐵容器,6189. R-1306 廢鐵容器
6190,R-1307,廢鋁容器,6190. R-1307 廢鋁容器
6191,R-1308,廢金屬（容器）,6191. R-1308 廢金屬（容器）
6192,R-1309,廢牙冠,6192. R-1309 廢牙冠
6193,R-1401,廢鈷錳觸媒,6193. R-1401 廢鈷錳觸媒
6194,R-1402,廢沸石觸媒,6194. R-1402 廢沸石觸媒
6195,R-1501,廢光阻剝離液,6195. R-1501 廢光阻剝離液
6196,R-1502,混合廢溶劑,6196. R-1502 混合廢溶劑
6197,R-1701,廢潤滑油（含廢機油）,6197. R-1701 廢潤滑油（含廢機油）
6198,R-1702,廢食用油,6198. R-1702 廢食用油
6199,R-1703,廢潤滑油(含廢機油),6199. R-1703 廢潤滑油(含廢機油)
6200,R-1901,廢冷暖氣機,6200. R-1901 廢冷暖氣機
6201,R-1902,廢電冰箱,6201. R-1902 廢電冰箱
6202,R-1903,廢電視機,6202. R-1903 廢電視機
6203,R-1904,廢洗衣機,6203. R-1904 廢洗衣機
6204,R-1905,廢筆記型電腦,6204. R-1905 廢筆記型電腦
6205,R-1906,廢印表機,6205. R-1906 廢印表機
6206,R-1907,廢監視器,6206. R-1907 廢監視器
6207,R-1908,其他資訊產品廢棄物(主機板、硬式磁碟機、電源器、機殼、鍵盤等),6207. R-1908 其他資訊產品廢棄物(主機板、硬式磁碟機、電源器、機殼、鍵盤等)
6208,R-1909,廢電風扇,6208. R-1909 廢電風扇
6209,R-2101,廢棄尖銳器具,6209. R-2101 廢棄尖銳器具
6210,R-2201,廢攝影膠片（卷）,6210. R-2201 廢攝影膠片（卷）
6211,R-2401,菇類培植廢棄包,6211. R-2401 菇類培植廢棄包
6212,R-2402,廢汽車,6212. R-2402 廢汽車
6213,R-2403,廢機車,6213. R-2403 廢機車
6214,R-2404,廢乾電池,6214. R-2404 廢乾電池
6215,R-2405,廢照明光源,6215. R-2405 廢照明光源
6216,R-2406,廢農藥容器,6216. R-2406 廢農藥容器
6217,R-2407,廢鉛蓄電池,6217. R-2407 廢鉛蓄電池
6218,R-2408,廢活性碳,6218. R-2408 廢活性碳
6219,R-2409,廢樹脂砂輪,6219. R-2409 廢樹脂砂輪
6220,R-2410,廢噴砂,6220. R-2410 廢噴砂
6221,R-2411,廢矽晶,6221. R-2411 廢矽晶
6222,R-2412,滅火器廢乾粉,6222. R-2412 滅火器廢乾粉
6223,R-2501,廢酸性蝕刻液,6223. R-2501 廢酸性蝕刻液
6224,R-2502,廢酸洗液,6224. R-2502 廢酸洗液
6225,R-2503,二甲基甲醯胺（DMF）粗液,6225. R-2503 二甲基甲醯胺（DMF）粗液
6226,R-2504,廢顯/定影液,6226. R-2504 廢顯/定影液
6227,R-2505,廢矽晶,6227. R-2505 廢矽晶
6228,R-2506,有害混合廢溶劑,6228. R-2506 有害混合廢溶劑
6229,S-0101,含砷污染土壤,6229. S-0101 含砷污染土壤
6230,S-0102,含鎘污染土壤,6230. S-0102 含鎘污染土壤
6231,S-0103,含鉻污染土壤,6231. S-0103 含鉻污染土壤
6232,S-0104,含銅污染土壤,6232. S-0104 含銅污染土壤
6233,S-0105,含汞污染土壤,6233. S-0105 含汞污染土壤
6234,S-0106,含鎳污染土壤,6234. S-0106 含鎳污染土壤
6235,S-0107,含鉛污染土壤,6235. S-0107 含鉛污染土壤
6236,S-0108,含鋅污染土壤,6236. S-0108 含鋅污染土壤
6237,S-0109,含揮發性有機物污染土壤,6237. S-0109 含揮發性有機物污染土壤
6238,S-0110,含半揮發有機物污染土壤,6238. S-0110 含半揮發有機物污染土壤
6239,S-0111,含總石油碳氫化合物污染土壤,6239. S-0111 含總石油碳氫化合物污染土壤
6240,S-0112,含農藥污染土壤,6240. S-0112 含農藥污染土壤
6241,S-0113,含多氯聯苯污染土壤,6241. S-0113 含多氯聯苯污染土壤
6242,S-0114,含戴奧辛污染土壤,6242. S-0114 含戴奧辛污染土壤
6243,S-0199,含其他污染物污染土壤,6243. S-0199 含其他污染物污染土壤
6244,S-0201,超出有害事業廢棄物認定標準之含汞污染土壤,6244. S-0201 超出有害事業廢棄物認定標準之含汞污染土壤
6245,S-0202,超出有害事業廢棄物認定標準之含鎘污染土壤,6245. S-0202 超出有害事業廢棄物認定標準之含鎘污染土壤
6246,S-0203,超出有害事業廢棄物認定標準之含鉛污染土壤,6246. S-0203 超出有害事業廢棄物認定標準之含鉛污染土壤
6247,S-0204,超出有害事業廢棄物認定標準之含鉻污染土壤,6247. S-0204 超出有害事業廢棄物認定標準之含鉻污染土壤
6248,S-0205,超出有害事業廢棄物認定標準之含砷污染土壤,6248. S-0205 超出有害事業廢棄物認定標準之含砷污染土壤
6249,S-0206,超出有害事業廢棄物認定標準之含銅污染土壤,6249. S-0206 超出有害事業廢棄物認定標準之含銅污染土壤
6250,S-0207,超出有害事業廢棄物認定標準之含揮發性有機物污染土壤,6250. S-0207 超出有害事業廢棄物認定標準之含揮發性有機物污染土壤
6251,S-0208,超出有害事業廢棄物認定標準之含半揮發性有機物污染土壤,6251. S-0208 超出有害事業廢棄物認定標準之含半揮發性有機物污染土壤
6252,S-0209,超出有害事業廢棄物認定標準之含農藥污染土壤,6252. S-0209 超出有害事業廢棄物認定標準之含農藥污染土壤
6253,S-0210,超出有害事業廢棄物認定標準之含多氯聯苯污染土壤,6253. S-0210 超出有害事業廢棄物認定標準之含多氯聯苯污染土壤
6254,S-0211,超出有害事業廢棄物認定標準之含戴奧辛污染土壤,6254. S-0211 超出有害事業廢棄物認定標準之含戴奧辛污染土壤
6255,S-0299,超出有害事業廢棄物認定標準之其他污染土壤,6255. S-0299 超出有害事業廢棄物認定標準之其他污染土壤
